No,Title,Url,Est. Visits,Backlinks,Facebook shares,Pinterest Shares,Reddit Shares
1,How to Use a Pumice Stone: Tools and Techniques,http://www.healthline.com/health/how-to-use-a-pumice-stone,16943,313,45,78,0
2,"Pumice Stone: Uses, Benefits, and Risks",http://www.webmd.com/beauty/what-is-pumice-stone,7209,32,0,0,0
3,Help! Be wary of cleaning toilet with pumice stone,http://www.floridatoday.com/story/life/family/2012/06/20/help-be-wary-of-cleaning-toilet-with-pumice-stone/28936021/,2218,28,7,0,0
4,How to Scrub with a Pumice Stone Correctly,http://www.bloomingtonpodiatrist.com/how-to-scrub-with-a-pumice-stone-correctly/,1600,7,4,2,0
5,Seven Surprising Uses for a Pumice Stone,http://www.marthastewart.com/7838325/uses-for-pumice-stone,662,46,297,36,0
6,How to Use a Pumice Stone: The Ultimate Guide,http://www.wikihow.com/Use-a-Pumice-Stone,557,232,12,34,0
7,2-Pack Pumice Stone Toilet Bowl Cleaner with Extra Long ...,http://impresaproducts.com/products/pumice-stone-toilet-bowl-cleaner-with-extra-long-handle-2-pack-limescale-remover-100-natural-pumice-toilet-brush-also-cleans-bbq-grills-tiles-tile-grout-amp-swimming-pools-by-impresa,401,0,0,0,0
8,How to Use a Pumice Stone on Your Feet: Dos and Don'ts,http://www.thehealthy.com/beauty/how-to-use-a-pumice-stone/,394,132,0,0,0
9,TERRA COTTA FOOT SCRUBBER PUMICE STONE FOR ...,http://www.bodyrest.com/products/terra-cotta-foot-scrubber-pumice-stone-for-feet,350,0,0,0,0
10,"How to Use a Pumice Stone for Your Softest, Smoothest ...",http://www.byrdie.com/how-to-use-a-pumice-stone-7484098,332,1,0,0,0
11,Pumice Stone for Toilet Cleaner,http://dwellapumicestone.com/product/6-pack-of-pumice-stone-for-toilet-bowl-cleaner/,287,105,0,0,0
12,Pumice Stone Vs. Foot File: Which Is Better For Your Feet?,http://www.thelist.com/644200/pumice-stone-vs-foot-file-which-is-better-for-your-feet/,244,3,0,0,0
13,How to Remove Toilet Bowl Rings with a Pumice Stone,http://glenmartinlimited.com/how-to-remove-toilet-bowl-rings-with-a-pumice-stone/,223,27,5,3,0
14,INCREDIBLE USES OF PUMICE STONE (PIEDRA PÓMEZ),http://www.ieseg.edu.mx/incredible-uses-of-pumice-stone-piedra-pomez/,223,0,0,0,0
15,Feet Scrubber Dead Skin Remover with Foot Pumice Stone ...,http://marsmedsupply.com/products/bath-scrubber-and-foot-exfoliator-feet-scrubber-dead-skin-remover-with-foot-pumice-stone,203,0,0,0,0
16,You Don't Need a Pumice Stone to Achieve Whiter Teeth ...,http://rocdentalgroup.com/blog/whiter-teeth/,202,0,0,0,0
17,"How To Use A Pumice Stone On Your Feet, From The Pros",http://www.mindbodygreen.com/articles/how-to-use-pumice-stone,201,88,0,0,0
18,How to Clean a Toilet With Pumice Stone,http://www.hunker.com/13420891/how-to-clean-a-toilet-with-pumice-stone,134,70,43,31,0
19,How to Use a Pumice Stone to Treat Foot Calluses,http://www.goodrx.com/health-topic/dermatology/how-to-use-pumice-stone,119,4,0,0,0
20,How to Clean a Toilet With a Pumice Stone,http://www.angi.com/articles/quick-tip-remove-rust-rings-pumice-stone.htm,102,15,0,0,0
21,Should You Rock a Pumice Stone on Your Feet?,http://www.ankle-footspecialist.com/blog/should-you-rock-a-pumice-stone-on-your-feet,97,16,0,0,0
22,(2 PCS) Pumice Stone Toilet Bar Cleaner with Handle for ...,http://maryton.com/products/2-pcs-pumice-stone-toilet-bowl-cleaner-with-handle-for-remove-the-stubborn-hard-water-ring,88,0,0,0,0
23,Natural Exfoliating Pumice Stone For Feet,http://www.rockymountainsoap.com/products/pumice-stone,87,23,0,9,0
24,9 Steps to Use A Pumice Stone to Get Rid of Tough Skin,http://www.bergdpm.com/blog/how-to-use-a-pumice-stone-to-get-rid-of-tough-skin.cfm,84,8,0,0,0
25,What Is a Pumice Stone Used For?,http://www.medicinenet.com/what_is_a_pumice_stone_used_for/article.htm,76,29,1,0,1
26,Studio Selection Oval Pumice Stone,http://www.dollargeneral.com/p/studio-selection-oval-pumice-stone/430001698683,69,0,0,0,0
27,FootFitter Exfoliating Foot Scrub and Pumice Stone Set,http://footfitter.com/products/footfitter-exfoliating-foot-scrub-and-pumice-stone-set,68,0,0,0,0
28,"Campo de Piedra Pomez (Pumice Stone Field), Argentina",http://www.lucascometto.com/new-products/pumice-stone-field,65,0,0,0,0
29,Terra Cotta Foot Scrubber Pumice Stone for Feet,http://dandelionnaturals.com/product/terra-cotta-foot-scrubber-pumice-stone-for-feet/,61,0,0,0,0
30,How to Use a Pumice Stone,http://bvfootclinic.com/how-to-use-a-pumice-stone/,59,5,0,0,0
31,Callus Remover Gel & Pumice Stone Set for Feet ...,http://www.dailyremedy.com/products/daily-remedy-callus-remover-gel-pumice-stone-set-for-feet-extra-strength-professional-gel-remove-calluses-dead-skin-dry-cracked-heels-at-home-pedicure-foot-care,58,9,0,0,0
32,Long-Handled Foot Brush and Pumice Stone,http://www.mypamperedfeet.com/products/my-pampered-feet-brush,57,1,1,6,0
33,To use a pumice stone to clean the toilet,http://www.mumsnet.com/talk/housekeeping/4526715-To-use-a-pumice-stone-to-clean-the-toilet,57,0,0,0,0
34,How to Use a Pumice Stone for the Feet and Rough Skin,http://draxe.com/beauty/pumice-stone/,53,46,8,3,0
35,Pumice Stone for Succulent and Cactus Soil,http://pumicestore.com/pumice-products/pumice-soil-succulents.html,52,24,1,0,0
36,How To Use a Pumice Stone For Baby-Soft Feet,http://www.lorealparisusa.com/beauty-magazine/skin-care/skin-care-essentials/how-to-use-pumice-stone,50,4,0,1,0
37,Pumice Stone Lava Rock by SALUS,http://shopsalus.com/collections/stocking-stuffers-7-and-less/products/lava-stone,43,0,0,0,0
38,Pro Heel Cleaning Stone I Pumice Stone,http://www.propremiumcare.com/product/pro-essentials-smooth-feet-pumice/,41,0,0,0,0
39,Pumice Stone Foot Callus Remover Pedicure Scrubber,http://pearlofafricastore.com/products/feet-washing-stone,40,0,0,0,0
40,Lifetime 65 Quarts Ice Chest with wheels in Pumice Stone/ ...,http://www.wayfair.com/outdoor/pdp/lifetime-65-qt-ice-chest-cooler-lxt10200.html,37,0,0,0,0
41,"Horticultural Pumice Stone, 1/4",http://www.supermoss.com/product/horticultural-pumice-stone/,37,0,0,0,0
42,Pumice Stone Toilet Bowl Clean Brush - Burlington,http://www.vantagevermont.com/p/FGNDS-LNCRS/pumice-stone-toilet-bowl-clean-brush,36,0,0,0,0
43,GrillMaster Grill Cleaning Natural Pumice Stone GM-36 ...,http://ecosupercleaners.com/product/grillmaster-grill-cleaning-natural-pumice-stone-gm-36-medium-pack-of-3/,34,0,0,0,0
44,Pumice Stone Cold Process Soap Recipe (smooth 'Solvol' ...,http://www.ellyseveryday.com/ellys-everyday-blog/pumice-stone-cold-process-soap-solvol-style,33,1,0,0,0
45,Pumice stone for Toilet Cleaner - Rick Steves Travel Forum,http://community.ricksteves.com/travel-forum/italy/pumice-stone-for-toilet-cleaner,33,0,0,0,0
46,Pumice Stone | Natural Exfoliating For Dry Skin,http://www.therefillshoppe.com/pumice-stone.html,32,1,0,0,0
47,How to Use a Pumice Stone to Exfoliate Skin ...,http://www.prevention.com/beauty/skin-care/a35490391/how-to-use-pumice-stone/,29,44,32,10,0
48,Can You Use A Pumice Stone For Hair Removal? - Sky Clinic,http://skyclinic.co.uk/can-you-use-a-pumice-stone-for-hair-removal/,29,4,0,0,0
49,Pumice Stone for strawberry legs?,http://www.beautylish.com/t/ipscii/pumice-stone-for-strawberry-legs,29,0,0,0,0
50,Pumice Stone for Feet with Handle,http://oregoniasoapworks.com/products/pumice-stone-for-feet-with-handle,28,0,0,0,0
51,Can people with sensitive skin use a pumice stone or any ...,http://www.quora.com/Can-people-with-sensitive-skin-use-a-pumice-stone-or-any-other-exfoliant-product-on-their-body-during-bath-shower-time,27,0,0,0,0
52,Westbay Pumice Stone for Pools,http://lesliespool.com/westbay-pumice-stone-for-pools/20664.html,27,5,0,0,0
53,A giant pumice stone floating in the Pacific could help heal ...,http://www.cnn.com/2019/08/25/asia/pumice-stone-underwater-volcano-great-barrier-reef-intl/index.html,25,287,13954,14,7
54,Pumie® Toilet Bowl Pumice Stone Scrubbing Stick,http://www.cleanfreak.com/products/toilet-bowl-ring-remover-with-handle-pumice-gray-pum-jan,25,2,0,0,0
55,Cleaning a toilet bowl with a pumice stone,http://www.diychatroom.com/threads/cleaning-a-toilet-bowl-with-a-pumice-stone.333929/,25,0,0,0,0
56,Toilet Bowl Ring Remover with Handle Pumice Stone,http://www.jan-supply.com/products/toilet-bowl-ring-remover-with-handle,25,0,0,0,0
57,55207 Free images of Pumice Stone - Pixabay,http://pixabay.com/images/search/pumice%20stone/,24,0,0,0,0
58,Pumice Stone Paint Color DEGR32,http://www.dunnedwards.com/colors/browser/degr32/,24,0,0,0,0
59,Two Sided Foot Scrubber: Pumice Stone Smoother & ...,http://juvitus.com/products/two-sided-foot-scrubber-pumice-stone-smoother-bristle-brush-foot-exfoliator,23,0,0,0,0
60,Pumice Stone Brush for Feet & Foot Brush with Handle 2- ...,http://www.pumicevalley.com/product/foot/2-in-1-pedicure-scrubber-for-shower-double-sided-pumice-foot-file-with-brush.html,23,0,0,0,0
61,Pumice Stone Foot Scrubber Buffalo New York,http://littlesalmon.co/products/pumice-stone-foot-scrubber,23,0,0,0,0
62,Ask the Plumber: Is pumice stone OK to clean toilet bowl?,http://www.cantonrep.com/story/news/2011/10/20/ask-plumber-is-pumice-stone/48011774007/,22,0,0,0,0
63,Toilet Bowl Cleaning Pumice Stone,http://allpurecleaning.com.au/products/toilet-bowl-cleaning-pumice-stone,22,4,0,0,0
64,Natural Volcanic Pumice Stone (Sang e pa),http://www.kalamala.com/products/natural-volcanic-pumice-stone-sang-e-pa,21,0,0,0,0
65,Natural pumice stone to exfoliate feet and elbows - Takaterra,http://takaterra.com/en/plastic-free-bathroom/pumice-stone,20,0,0,0,0
66,"PUMICE STONE GRIT 4F, 5 LB PKG",http://woodrepairproducts.com/product/pumice-stone/,19,5,0,0,0
67,Pumice Stone w/ Handle 1 Ct.,http://www.clean-mart.com/product/pumice-stone-w-handle-1-ct/,18,0,0,0,0
68,Pumice Stone Pool Blok Tile pb-12 and Concrete Cleaner ...,http://discountpoolmart.com/pumice-stone-pool-blok-tile-pb-12-and-concrete-cleaner-large,18,1,0,0,0
69,Hand stripping question: pumice stone? - CairnTalk,http://www.cairntalk.net/topic/10192-hand-stripping-question-pumice-stone/,18,0,0,0,0
70,Pumie Pumice Stone Toilet Bowl Ring Remover,http://www.esbenshades.com/pumie-pumice-stone-toilet-bowl-ring-remover/home-goods/071132002224/,17,0,0,0,0
71,Use a Pumice Stone to Clean Stains off a Glass Baking Dish,http://www.thekitchn.com/pumice-stone-clean-glass-baking-dish-23295709,17,39,0,0,0
72,"pumice-stone, v. meanings, etymology and more",http://www.oed.com/dictionary/pumice-stone_v,17,0,0,0,0
73,Elevate Essentials Pumice Stone Pool Tile Cleaner,http://elevateessentials.com/products/elevate-essentials-pumice-stone-pool-tile-cleaner,17,0,0,0,0
74,"Pumice Stone Hair Removal: How to Use, Benefits and ...",http://blog.ulike.com/pumice-stone-hair-removal,17,49,0,0,0
75,What type of rock is a pumice stone? A) Sand ...,http://www.vedantu.com/question-answer/type-of-rock-is-a-pumice-stone-a-sand-stone-b-class-11-social-science-cbse-5feaae5d41231c3a7848c1eb,16,11,0,0,0
76,Pronounce pumice stone with Precision,http://howjsay.com/how-to-pronounce-pumice%20stone,16,0,0,0,0
77,So where do I buy a toilet pumice stone?,http://forums.welltrainedmind.com/topic/52042-so-where-do-i-buy-a-toilet-pumice-stone/,14,0,0,0,0
78,"Daylogic Pumice Stone, Contoured, 0.15 lb, White, 1 Count",http://www.riteaid.com/shop/daylogic-pumice-stone-contoured-0-15-lb-white-1-count-8020661,14,33,0,0,0
79,"As pumice stone rafts float across the ocean, they pick up ...",http://www.abc.net.au/news/science/2020-06-03/pumice-stone-raft-transporting-marine-life/12278124,13,91,352,1,1
80,PurOrganica Urea 40% Foot Cream - With Pumice Stone ...,http://purorganica.com/products/purorganica-urea-40-foot-cream-4-oz,13,1,0,0,0
81,Poolmaster XL Swimming Pool and Spa Pumice Stone,http://www.marketfairshoppes.com/shopnow/product/poolmaster-xl-swimming-pool-and-spa-pumice-stone-pro-size-target-e7ed78?model=0&variant=0,13,0,0,0,0
82,how to pronounce pumice stone,http://englishlanguage101.wordpress.com/tag/how-to-pronounce-pumice-stone/,13,0,0,0,0
83,Pumice Stone Uses: Why It's a Skincare Must-Have,http://www.beautyhub.ph/skin/skin-concern/pumice-stone-uses/,13,0,0,0,0
84,How to Disinfect a Pumice Stone,http://www.leaf.tv/articles/how-to-disinfect-a-pumice-stone/,11,13,0,11,0
85,Lifetime 48 Quart Cooler 91074 Pumice Stone Color,http://www.competitiveedgeproducts.com/Lifetime-91074-48-Quart-High-Performance-Indoor-Outdoor-Pumice-Stone-Cooler-_p_4593.html,11,0,0,0,0
86,Pure Body Acrylic Handle Foot Brush with Pumice Stone,http://purebodylife.com/products/pure-body-acrylic-handle-foot-brush-with-pumice-stone,11,10,0,0,0
87,Is a Pumice Stone Better Than a Foot File? A Comparison ...,http://ecowhiff.co.uk/blogs/is-a-pumice-stone-better-than-a-foot-file/,11,0,0,0,0
88,Natural Pumice Stone For Feet And Body,http://masaroo.com/shop/natural-pumice-stone/,10,16,0,0,0
89,Gilden Tree Terra Cotta Foot Scrubber Pumice Stone for ...,http://spabodyworkmarket.com/collections/salt-sugar-scrubs/products/footscrubber-2-sided,9,0,0,0,0
90,"SuperMoss Horticultural Pumice Stone, 1/2"" Grey, 1 Quart",http://www.gertens.com/supermoss-horticultural-pumice-stone-1-2-grey-1-quart,9,0,0,0,0
91,Lava Pumice Stone with Cotton Hanging Loop,http://littleflowersoap.com/products/lava-pumice-stone-with-cotton-hanging-loop,9,0,0,0,0
92,Men's Elbert Mid (Asphalt/Pumice Stone),http://www.pacificmountainoutdoor.com/men/p/mens-template-2kgkf,9,0,0,0,0
93,Conture Hair Remover & Pumice Stone Set of 2 Devices,http://www.qvc.com/conture-hair-remover-%26-pumice-stone-set-of-2-devices.product.A376923.html?bvstate=pg:2/ct:r&sc=IROA,9,0,0,0,0
94,Annealing and Soldering Pan with Pumice Stone,http://beaducation.com/products/annealing-soldering-pan-with-pumice-stone,8,0,0,0,0
95,Powerstone Pumice Stone Toilet Bowl Cleaner with ...,http://www.michaels.com/product/powerstone-pumice-stone-toilet-bowl-cleaner-with-handle-1-pack---a-reliable-and-harmless-solution-for-cleaning-limescale-deposits-hard-water-stains-on-toilets-grills-tiles-grout-pools-327755908601724936,7,0,0,0,0
96,Pumice Stone for removal or exfoliation? - Friction,http://hairtell.com/forum/t/pumice-stone-for-removal-or-exfoliation/51687,7,0,0,0,0
97,Pumice Stone made of Volcanic Lava,http://unikbynature.com/products/iris-hantverk-pumic-stone-made-of-volcanic-lava,7,0,0,0,0
98,Can pumice stone be used as castle material on water?,http://worldbuilding.stackexchange.com/questions/150256/can-pumice-stone-be-used-as-castle-material-on-water,7,1,0,0,0
99,"5"" x 1-1/4"" Pumice Stone Toilet Bowl Ring Remover, Gray, ...",http://www.imperialsupplies.com/item/9273798,7,0,0,0,0
100,Levis Original Sherpa Trucker Jacket Authentic Pumice Stone,http://www.secondhand.levi.com/p/levi-original-sherpa-trucker-jacket-womens/361360023,7,1,0,0,0
101,Natural Volcanic Lava Pumice Stone,http://naturalelephant.com/products/natural-volcanic-lava-pumice-stone,7,0,0,0,0
102,Walgreens Beauty Pumice Stone Sponge,http://www.walgreens.com/store/c/walgreens-beauty-pumice-stone-sponge/ID=prod6346162-product,6,11,0,0,0
103,Is Pumice Stone Good For Skin?,http://www.clearconfidence.co/is-pumice-stone-good-for-skin/,6,3,0,0,0
104,Advantages of Pumice Stone for Water Filtration,http://www.keiken-engineering.com/news/pumice-stone-for-water-filtration,6,32,0,0,0
105,Nonslip Square Shower Mat with Pumice Stone,http://www.starcrest.com/buy-nonslip-square-shower-mat-with-pumice-stone-372437,6,0,0,0,0
106,Just found a reliable supplier of natural pumice stone for 10 ...,http://www.reddit.com/r/carnivorousplants/comments/13d34vh/just_found_a_reliable_supplier_of_natural_pumice/,6,0,0,0,0
107,Vive Health Bathroom Pumice Stone Foot Scrubber with ...,http://senior.com/products/vive-health-bathroom-foot-scrubber-with-suction-grip,6,0,0,0,0
108,What to Do About Your Calluses When a Pumice Stone Isn' ...,http://lifehacker.com/what-to-do-about-your-calluses-when-a-pumice-stone-isnt-1847409391,5,21,73,2,0
109,Natural Foot Scrub Brush with Pumice Stone,http://www.bendsoap.com/products/natural-scrub-brush-with-pumice-stone,5,0,0,0,0
110,BT&C Powdered White Pumice Stone - 1 Lb. In Shaker ...,http://toolsforworkingwood.com/store/item/BT-PUMICE.4F,5,0,0,0,0
111,"ZenToes Dry Heel Repair Kit Metal Foot File, Pumice Stone ...",http://www.pay-less.com/p/zentoes-dry-heel-repair-kit-metal-foot-file-pumice-stone-callus-remover-moisturizing-socks/0085003423300,5,0,0,0,0
112,"Volcanic Lava Pumice Stone with Cord, Black £5.00",http://www.objectsofuse.com/black-pumice-stone,5,0,0,0,0
113,furr-gone pet hair removal pumice stone,http://carcareco.com.au/product/buff-and-shine-furr-gone-pet-hair-removal-pumice-stone/,5,0,0,0,0
114,Long Handled Foot Scrub Brush With Pumice Stone,http://www.hhadlessentials.co.uk/shop/foot-scrub-brush-with-pumice-stone/,5,0,0,0,0
115,FURBEE Pumice Stone for Dog Hair Removal,http://www.detaildirect.shop/products/furbee-pumice-stone-for-dog-hair-removal,5,0,0,0,0
116,"Meijer Easy Grip Foot Brush and Pumice Stone, 1 ct",http://www.meijer.com/shopping/product/meijer-easy-grip-foot-brush-and-pumice-stone-1-ct/71928347210.html,5,0,0,0,0
117,Morgan's Strong Garlic 2.5 Oz. Pumice Stone Mouse & Rat ...,http://mcleans.doitbest.com/shop/lawn-and-garden/insect-and-pest-control/pest-repellents/animal-repellent/414794-morgans-strong-garlic-25-oz-pumice-stone-mouse-and-rat-repellent?SKU=723411,5,0,0,0,0
118,A polished pumice stone has a weight density of 40.02 lb ...,http://www.chegg.com/homework-help/questions-and-answers/polished-pumice-stone-weight-density-4002-lb-ft3-sides-measuring-411-235-398-respectively--q121202093,5,0,0,0,0
119,Best pumice stone for feet,http://www.cbs42.com/reviews/br/beauty-personal-care-br/foot-care-br/best-pumice-stone-for-feet/,5,0,0,0,0
120,Almine Pumice Stone Fish Shape Blue Coarse Grit,http://www.annieinc.com/products/almine-05395,5,0,0,0,0
121,How To Use A Pumice Stone For Beautiful Feet - Swirlster,http://swirlster.ndtv.com/beauty/how-to-use-a-pumice-stone-for-beautiful-feet-best-techniques-and-benefits-2403153,4,3,7,0,0
122,Armstrong Flooring™ Excelon Stonetex Pumice Stone 12 x ...,http://www.menards.com/main/flooring-rugs/vinyl-flooring/vinyl-tile/armstrong-flooring-trade-excelon-stonetex-12-x-12-commercial-vinyl-composition-tile/52147031/p-1642874268240118-c-6619.htm,4,0,0,0,0
123,How To Use and Care For a Pumice Stone,http://www.footfiles.com/subject/pumice-stone,4,76,0,0,0
124,A $2 Pumice Stone Removes Fabric Pilling from Furniture,http://www.apartmenttherapy.com/pumice-stool-remove-fabric-pilling-furniture-37380816,4,3,0,0,0
125,Why You Might Want To Reach For A Pumice Stone When ...,http://www.slashgear.com/1388936/pumice-stone-lifehack-cleaning-pet-hair-car/,4,5,0,0,0
126,Nonslip Square Shower Mat with Pumice Stone,http://www.wdrake.com/buy-nonslip-square-shower-mat-with-pumice-stone-372437,4,2,0,0,0
127,Tim Holtz Distress Mini Ink Pad Pumice Stone,http://www.papertreyink.com/tools/tim-holtz-distress-mini-ink-pad-pumice-stone/,4,0,0,0,0
128,Colorado Saddlery Groomer Pumice Stone - Tractor Supply,http://www.tractorsupply.com/tsc/product/colorado-saddlery-groomer-stone-13-1,4,1,0,0,0
129,Pool Blok Pumice Stone Tile and Concrete Cleaner - Case ...,http://fryoilsaver.com/product/pool-blok-pumice-stone-tile-and-concrete-cleaner-case-of-12-blocks/,4,0,0,0,0
130,How to pronounce pumice stone,http://www.synonyms.com/pronounce/pumice%20stone,4,0,0,0,0
131,Shower Sandal Foot Scrubber With Exfoliating Pumice Stone,http://geekyget.com/products/foot-scrub-sandal/,4,5,0,0,0
132,Pumice Stone Powder - Cosmetic Grade For Making Body ...,http://pureblendnaturals.com/products/pumice-stone-powder-skincare-haircare-canada-usa,3,9,0,0,0
133,Footsies Tropical Soap and Pumice Stone,http://lavajavamaui.com/shop/tropical-soap/footsies/,3,0,0,0,0
134,Pumice stone and heel scrubber - Comfy Feet by Ashley,http://www.comfyfeetbyashley.com/product-page/puma-stone-and-heel-scrubber,3,0,0,0,0
135,Natural Sea Sponge Pumice Stone,http://us.bathandunwind.com/natural-sea-sponge-pumice-stone/,3,9,0,0,0
136,Ask the Plumber: Is pumice stone OK to clean toilet bowl?,http://www.dispatch.com/story/news/2011/10/20/ask-plumber-is-pumice-stone/48013299007/,3,0,0,0,0
137,Redecker Pumice Stone in BLACK Lava Rock with Cotton ...,http://beachplumcompany.com/copy-of-redecker-pumice-stone-in-natural-with-cotton-strap/,3,0,0,0,0
138,"Pumice Stone for Swimming Pools, Spas and other Surfaces",http://axen-gke-qa.homedepot.com/p/HDX-Pumice-Stone-for-Swimming-Pools-Spas-and-other-Surfaces-62665/203796273,3,0,0,0,0
139,Sterile pumice stone paste bacteria-free with ...,http://sgdentalshop.com/en/product/sterile-pumice-stone-paste-bacteria-free-and-bactericidal-effect,3,0,0,0,0
140,PUMICE STONE FOR PEDICURE AND BODY CARE - TIVIT,http://www.tivithome.com/products/pumice-stone-for-pedicure-and-body-care,3,0,0,0,0
141,Grill Master GM-36 Natural Pumice Stone Grill Cleaning Brick,http://www.nellaonline.com/products/grill-master-gm-36-natural-pumice-stone-grill-cleaning-brick,3,0,0,0,0
142,Neat Foot Pumice Stone Foot Scrub,http://neatfeat.com/products/neat-foot-pumice-stone,3,3,0,0,0
143,Pumie Brand Pumice Stone Scouring Stick Toilet Bowl ...,http://www.markoinc.com/pumie-brand-pumice-stone-scouring-stick-toilet-bowl-ring-remover-on-a-handle.html,3,0,0,0,0
144,Poolblok Pumice Stone Tile and Concrete Cleaner – case,http://www.recreonics.com/product/poolblok-tile-and-concrete-cleaner-case/,3,0,0,0,0
145,Stubborn toilet stains? This popular pumice stone scrubber,http://www.yahoo.com/lifestyle/stubborn-toilet-stains-this-popular-pumice-stone-scrubber-down-to-11-will-bowl-you-over-with-its-results-153900554.html,3,8,0,0,0
146,Equate Beauty Oval-Shaped Foot Pumice Stone With Grip ...,http://droneupdelivery.com/product/equate-beauty-oval-shaped-foot-pumice-stone-with-grip-massager/,3,0,0,0,0
147,Best pumice stone for feet,http://www.fox21news.com/reviews/br/beauty-personal-care-br/foot-care-br/best-pumice-stone-for-feet/,3,0,0,0,0
148,CVS Health Massaging Pumice Stone With Comfort Grip,http://www.shipt.com/up/cvs-health-massaging-pumice-stone-with-comfort-grip/648f56a6-9175-0821-dce4-c2bde6c99aa7,3,0,0,0,0
149,Pumice Stone Cuticle Pusher Stick | NHOS-1B,http://www.shebanails.com/contents/en-us/p3048.html,3,0,0,0,0
150,Individual Credo Glass Pumice Stone,http://nailtechniques.com/products/credo-glass-pumic-stones,3,2,0,0,0
151,Body + Sole Pumice Stone in Sole Mate Holder,http://www.mcincshop.com/product-page/copy-of-soapy-soles-foot-scrubber-massager,3,0,0,0,0
152,Natural pumice stone with rope,http://www.onaturalis.bio/en/product/natural-pumice-stone-with-rope/,3,0,0,0,0
153,definition of pumice stone by Medical dictionary,http://medical-dictionary.thefreedictionary.com/pumice+stone,3,4,0,0,0
154,SILKLINE™ PROFESSIONAL GLASS PUMICE STONE,http://www.dannyco.com/ECOGLASSNC.html?lang=en,3,7,0,0,0
155,My Solemate 2 in 1 Pumice Stone & Callus Remover by ...,http://www.love-lori.com/products/my-solemate-2-in-1-pumice-stone-and-callus-remover,2,7,1970,12,0
156,How to Use a Pumice Stone (and How Not To),http://www.nicolegrotepas.com/how-to-use-a-pumice-stone-and-how-not-to/,2,0,1,0,0
157,Pumice Stone for Foot Care: The Ultimate Guide,http://ownharmony.com/pumice-stone-for-foot-care-the-ultimate-guide/,2,2,0,0,0
158,"Translate ""pumice stone"" from English to Spanish",http://m.interglot.com/en/es/pumice%20stone,2,0,0,0,0
159,Tourist returns pumice stone stolen from ancient ...,http://www.dailymail.co.uk/news/article-12977669/I-fell-victim-Pompeii-curse-Tourist-returns-pumice-stone-stolen-ancient-site-grovelling-letter-written-English-revealing-diagnosed-breast-cancer.html,2,14,0,0,0
160,Croll & Denecke Foot Pumice Stone with Handle,http://www.feetfeet.co.uk/products/foot-pumice-stone-with-handle,2,0,0,0,0
161,Pumice stone for lightweight aggregate for block BIMS ...,http://hippocampus.ee/product/brown-pumice-stone/,2,1,0,0,0
162,Pros and Cons of Pumice Stone Background?,http://www.dendroboard.com/threads/pros-and-cons-of-pumice-stone-background.361801/,2,0,0,0,0
163,Pumice Stone – how to use it effectively!,http://drreemaarora.com/pumice-stone-how-to-use-it-effectively/,2,0,0,0,0
164,Large Pool Block Pumice Stone,http://aquapure-il.com/products/maintenance-cleaners/large-pool-block-pumice-stone-1.html,2,0,0,0,0
165,Kiara Sky Pumice Stone Pierre ponce Pink,http://www.beautyzonesupply.com/products/kiara-sky-pumice-stone-pierre-ponce-pink,2,0,0,0,0
166,DL Professional Pumice Stone Pink DL-C27P,http://www.beautykitsolutions.com/dl-professional-pumice-stone-pink.html,2,0,0,0,0
167,"19"" Round Portable Camp Fire Pit with Pumice Stone",http://gooddegg.com/products/19-round-portable-camp-fire-pit-with-pumice-stone,2,0,0,0,0
168,"Pumice Stone, ZenStone Pumice, Mersin, Turkey",http://www.zenpumice.com/Sayfa-Detay/Pumice-Stone/9,2,0,0,0,0
169,Pumice stone for Toilet Cleaner - The Bigg Bird Forum,http://birdboxdiaries.boards.net/thread/472/pumice-stone-toilet-cleaner,2,0,0,0,0
170,Me Mother Earth Lava Pumice Stone - ECOccasion,http://ecoccasion.com/products/me-mother-earth-lava-pumice-stone,2,2,0,0,0
171,Pumice Valley Natural Earth Lava Pumice Stone,http://www.roosteressentials.com/product/natural-earth-lava-pumice-stone/,2,0,0,0,0
172,Equate Beauty Oval-Shaped Foot Pumice Stone With Grip ...,http://www.4crew.com/products/equate-beauty-oval-shaped-foot-pumice-stone-with-grip-massager,2,0,0,0,0
173,Pantone 14-0002 Tpx Pumice Stone Color | #C6C0B6,http://icolorpalette.com/color/pantone-14-0002-tpx,2,3,0,0,0
174,4 Amazing Hacks on How to Clean Pumice Stone for Smooth ...,http://gocleanguide.com/how-to-clean-pumice-stone/,2,0,0,0,0
175,Pumice Stone for Toilet Bowl Cleaning with Handle ...,http://www.enrichment.com.sg/?g=pumice-stone-for-toilet-bowl-cleaning-with-handle-scouring-vv-7AD4r4fR,2,0,0,0,0
176,Natural Earth Lava Pumice Stone Black - Callus Remover ...,http://www.amazon.sg/Pumice-Stone-Pedicure-Exfoliation-Scrubber/dp/B01JTFFPRE,2,0,0,0,0
177,Use Pumice Stone To Easily Remove Ingrown Hair And ...,http://www.musely.com/tips/Use-Pumice-Stone-To-Easily-Remove-Ingrown-Hair-And-For-A-Smoother-Closer-Shave/19658756,2,0,0,0,0
178,Japan White Pumice Stone 5 Litres By Gardens Paradise ...,http://www.gardensparadiseeco.com/product-page/japan-white-pumice-stone-by-gardens-paradise-approx-20kg,2,0,0,0,0
179,Rainbow Pumice Stone Powder FF 1lb - The Compleat Sculptor,http://shop.sculpt.com/pumice-stone-powder-1lb.html,2,0,0,0,0
180,EcoTools Avocado Oil Infused Smoothing Pumice Stone,http://www.heb.com/product-detail/ecotools-avocado-oil-infused-smoothing-pumice-stone/5755502,2,0,0,0,0
181,How to Use a Pumice Stone,http://www.footcare.net/blog/153936-how-to-use-a-pumice-stone_2,2,0,0,0,0
182,Wood Pedicure Brush with Pumice Stone,http://countryrosecastile.com/products/wood-brush-with-pumice-stone,2,0,0,0,0
183,U CLIFTON L SUEDE SIMPLY TAUPE/PUMICE STONE,http://bdgastore.com/products/u-clifton-l-suede,2,0,0,0,0
184,"4 in 1 foot pedicure brush, pumice stone, scrubber and file for ...",http://www.youtube.com/watch?v=NATcsqpdb-E,2,0,0,0,0
185,BESKAR Shower Foot Scrubber with Pumice Stone ...,http://dev.gosupps.com/beskar-shower-foot-scrubber-with-pumice-stone-foot-clean-smooth-exfoliate-massager-without-bending-in-the-shower-or-bathtub-foot-dead-skin-callus-remover-upgraded-non-slip-with-suction-cups.html,2,0,0,0,0
186,Pumice Stone Pedicure Bar Soap,http://soapinessence.com/products/pumice-stone-pedicure-bar-soap,2,0,0,0,0
187,PurOrganica Urea 40% Foot Cream - No Pumice Stone,http://www.strlawguys.com/purorganica-urea-40-foot-cream-no-pumice-stone-callus-remover-moisturizes-RU9CHEtMS1xSRVBB,2,0,0,0,0
188,6.Pumice Stone and Rotten Stone Instructions,http://www.antiquephono.com/inpumice.htm,2,0,0,0,0
189,AquaGlobe Floating Avatar Rock (Pumice Stone),http://www.northerngecko.net/products/aquaglobe-floating-rock-pumice-stone,2,0,0,0,0
190,Pumice Stone by Iris Handverk - Dook soaps,http://dookofedinburgh.com/products/pumice-stone-by-iris-handverk,2,0,0,0,0
191,Medintech with Diamond 10 Technology Pumice Stone,http://www.designcenterdesignhomes.com/products/catalog/floors/vinyl/medintech-with-diamond-10-technology-pumice-stone--d05016d18/?product_id=d05016d18&product_subtype=3&product_type=1,2,0,0,0,0
192,Pumice Stone Beach in Whakatane Heads,http://alicerowland.home.blog/2019/01/19/pumice-stone-beach-in-whakatane-heads/,1,0,0,0,0
193,Lava Pumice Stone with Cotton Hanging Loop,http://www.larsonsgeneral.com/product/me-mother-earth-lava-pumice-stone-with-cotton-hanging-loop/3308,1,0,0,0,0
194,Morgan's Strong Garlic 2.5 Oz. Pumice Stone Mouse & Rat ...,http://www.doitbest.com/product/723411/morgan-s-strong-garlic-2-5-oz-pumice-stone-mouse-rat-repellent-723411/,1,1,0,0,0
195,Small Exfoliating Pumice Stone Buffer - TopSpaSupply.com,http://topspasupply.com/products/small-exfoliating-buffer-brush-5,1,1,0,0,0
196,Disposable Pedicure Kit w/ Pumice Stone [3-Piece Set],http://www.kndnailsupply.com/disposable-pedicure-kit-w-pumice-stone-3-piece-set-400-sets-case/,1,0,0,0,0
197,Pumice stone and nail brush with wooden handle,http://www.cosedellanatura.com/en/perfect-hands-feet/125-pumice-stone-nail-brush-wooden-handle.html,1,0,0,0,0
198,"Electric foot pumice stone TL-DS01, electric callus polisher ...",http://home-online.eu/en/nails-drill/20408-electric-foot-pumice-stone-tl-ds01-electric-callus-polisher-for-feet-6918036406304.html,1,0,0,0,0
199,Lasting Naturals Natural Pumice Stone For Feet - Green,http://halohealthcare.com/en-us/products/lasting-naturals-natural-pumice-stone-for-feet-green,1,0,0,0,0
200,pumice stone for toilet cleaning?,http://www.homesteadingtoday.com/threads/pumice-stone-for-toilet-cleaning.613021/,1,0,0,0,0
201,Natural Volcanic Ash Pumice Stone Powder for Cosmetic ...,http://huabangmineral.en.made-in-china.com/product/vQNpYZkHAzcq/China-Natural-Volcanic-Ash-Pumice-Stone-Powder-for-Cosmetic-Use-Mask-Mud-Moxibustion-Powdered-Lava-Rock-Soil-Mineral.html,1,0,0,0,0
202,Westport Montana Stool Pumice Stone Pillow,http://froy.com/products/westport-montana-stool-pumice-stone-pillow,1,0,0,0,0
203,Pumice Stone 2 in 1 Massage Brush and Foot ...,http://ivyusa.com/product/pumice-stone-2-in-1-massage-brush-and-foot-exfoliator-scrubber/,1,0,0,0,0
204,Save on Pure Body Pumice Stone Red Order Online Delivery,http://giantfoodstores.com/groceries/health-beauty/foot-care/foot-file-pumice-stone/pure-body-pumice-stone-red-1-ea.html,1,0,0,0,0
205,Bushbalm - Body Rock Pumice Stone 2 pack,http://terra20.com/products/bushbalm-body-rock-pumice-stone-2-pack,1,0,0,0,0
206,Stone Nail File Nail Pumice Stone Stick Nail Cuticle Pusher,http://tebariahs.com/Nail-File-Nail-Pumice-Stone-Stick-Nail-Cuticle-Pusher-Temu-184175.html,1,0,0,0,0
207,"Pumice Stone, Montana Agate, Lg Chunks And Much",http://www.proxibid.com/Pumice-Stone-Montana-Agate-Lg-Chunks-And-Much-More-Drawer-Not-Included/lotinformation/78400082,1,0,0,0,0
208,"Pumice Stone Nail Files, Nail Care, Natural ...",http://www.eviglance.com/Pumice-Stone-Nail-Files-Nail-Care-Natural-Nails-Vegan-Gift-1205481.html,1,0,0,0,0
209,"MP46625 - Pumice Stone Abrasive Scouring Stick, 3/4 in. x ...",http://www.primeline.net/mp46625-pumice-stone-abrasive-scouring-stick-34-,1,0,0,0,0
210,Gyali: The unknown eight-shaped island of pumice stone,http://exploringgreece.tv/en/greece/gyali-the-unknown-eight-shaped-island-of-pumice-stone/25934/,1,0,0,0,0
211,Natural Earth Lava Pumice Stone Black - Callus Remover,http://ecoloversstore.com/products/pumice-stone-natural-earth-lava-pumice-stone-black-callus-remover-for-feet-heels-and-palm-pedicure-exfoliation-tool-corn-remover-dry-dead-skin-scrubber-health-foot-care,1,0,0,0,0
212,FOOT PUMICE STONE AND CLEANSING BRUSH,http://www.flo-accessories.com/product-22066-FOOT_PUMICE_STONE_AND_CLEANSING_BRUSH.aspx,1,0,0,0,0
213,Don Aslett Safety Foam Toilet Kit With Pumice Stone,http://donaslett.com/collections/spring-cleaning-sale/products/complete-toilet-set-with-pumice-stone,1,0,0,0,0
214,You don't need a pumice stone to achieve whiter teeth,http://www.blufftonsun.com/you-dont-need-a-pumice-stone-to-achieve-whiter-teeth/,1,0,0,0,0
215,comfort grip pedicure pumice stone,http://www.fivebelow.com/products/comfort-grip-pedicure-pumice-stone,1,0,0,0,0
216,6 Pieces Pumice Stone for Cleaning Toilet Bowl Cleaner ...,http://juvale.com/products/b07czdt6np,1,0,0,0,0
217,Powerhouse Toilet Bowl Ring Remover Pumice Stone with ...,http://phentersales.com/products/powerhouse-pumice-stone-with-handle-high-density,1,0,0,0,0
218,Braza Fuzz Buster - Pumice Stone Sweater Restorer (1151),http://www.breakoutbras.com/products/braza-fuzz-buster-pumice-stone-sweater-restorer-1151,1,0,0,0,0
219,Nonslip Square Shower Mat with Pumice Stone,http://www.mileskimball.com/buy-nonslip-square-shower-mat-with-pumice-stone-372437,1,0,0,0,0
220,ZenToes Natural Lava Pumice Stone Pedicure Callus ...,http://www.qfc.com/p/zentoes-natural-lava-pumice-stone-pedicure-callus-remover-bar-exfoliate-rough-skin-2-count/0085000926141,1,0,0,0,0
221,Spa Sister Blue Frosted Brush & Pumice Stone,http://www.probeautyonline.com/products/spa-sister-frosted-brush-pumice-stone,1,0,0,0,0
222,1197 Pumice Stone a Paint Color by Benjamin Moore,http://creativepaint.com/products/1197-pumice-stone,1,0,0,0,0
223,Impresa 4pk Pool Pumice Stone For Cleaning Tiles&hard ...,http://www.target.com/p/impresa-4pk-pool-pumice-stone-for-cleaning-tiles-hard-water-stains-pool-stain-eraser-with-handle-for-easy-use-pool-tile-cleaner-for-calcium-build-up/-/A-91696646,1,0,0,0,0
224,BARFUSS Glass Pumice Stone for Pedicures - oh feliz,http://www.ohfeliz.com/barfuss/glass-pumice-stone-for-pedicures,1,0,0,0,0
225,Buy Popular pumice stone drill,http://m.banggood.com/buy/pumice-stone-drill.html,1,0,0,0,0
226,iOS NA/EU - 1S 13A w/ Pumice Stone Trader!! Lf ...,http://www.epicnpc.com/threads/ios-na-eu-1s-13a-w-pumice-stone-trader-lf-equal-or-higher-accs.2566766/,1,0,0,0,0
227,Vive Health Pumice Stone Foot Scrubber - Blue,http://noinsurancemedicalsupplies.com/products/vive-health-pumice-stone-foot-scrubber-blue,1,0,0,0,0
228,Marina Del Mar Pumice Stone by Masland Carpets - Portland ...,http://www.marionscarpets.com/d/masland-carpets-marina-del-mar-pumice-stone-carpet/9614-244,1,0,0,0,0
229,"Pumice stone granulated for elemental analysis, grain size ...",http://www.analytics-shop.com/gb/tlo10059-5000,1,0,0,0,0
230,Huge Corbel Bracket in Faux Marble Pumice Stone Pillar ...,http://thekingsbay.com/product/huge-corbel-bracket-in-faux-marble-pumice-stone-pillar-28-5-wide-18-lbs/,1,0,0,0,0
231,Equate Beauty Oval-Shaped Foot Pumice Stone with Grip ...,http://www.ubuy.rw/en/product/2LDNEL0-equate-beauty-oval-shaped-foot-pumice-stone-with-grip-massager,1,0,0,0,0
232,Utrecht Pumice Stone Gel Medium - Pint Jar,http://www.utrechtart.com/items/01765-1141/,1,0,0,0,0
233,Handle Brush with Pumice Stone | B2B,http://www.kamistore.com/products/handle-brush-with-pumice-stone-croll-denecke-kami-store,1,0,0,0,0
234,"Natural Pumice Stone For Feet, Pedicure Tools Hard Skin ...",http://www.testing.airbrushmakeup.com/?w=natural-pumice-stone-for-feet-pedicure-tools-hard-skin-tt-ADMWklHr,1,0,0,0,0
235,White Lave Pumice Stone Chakra Bracelet 1 Count,http://www.paykocimports.com/white-lave-pumice-stone-chakra-bracelet-1-count/,1,0,0,0,0
236,"Pumice Stone For Toilet Cleaning, Pumice Sticks To Remove ...",http://halvoya.no/?y=pumice-stone-for-toilet-cleaning-pumice-sticks-to-remove-jj-MMK1Z7s6,1,0,0,0,0
237,Natural Pumice Stone 1.5oz Oval Foot Exfoliator,http://highlandslather.com/product/natural-pumice-stone/,1,0,0,0,0
238,Drainage Expert: Pumice Stone for Plants,http://lazygardener.in/products/drainage-expert-pumice-stone,1,2,0,0,0
239,Disposable Pedicure Kit with Pumice Stone,http://kreativnailsupply.com/products/disposable-pedicure-kit-with-pumice-stone,1,0,0,0,0
240,Urbana by Spa Privé NAIL BRUSH WITH PUMICE STONE,http://thesavagehomestead.com/products/nail-brush-with-pumice-stone,1,0,0,0,0
241,ME Mother Earth Pumice Stone,http://www.gogorefill.com/products/me-mother-earth-pumice-stone,1,0,0,0,0
242,"Pumice stone, granular (approx. 1-5mm), Thermo ...",http://www.fishersci.fi/shop/products/pumice-stone-granular-approx-1-5mm-thermo-scientific/10045293,1,0,0,0,0
243,PUMICE STONE FEET SCRUBBER (avg. lb) per/lb,http://azarsupermarket.com/product/pumice-stone-feet-scrubber/,1,0,0,0,0
244,She just ate a pumice stone i use to rub callouses off my ...,http://www.justanswer.com/dog-health/aoig8-just-ate-pumice-stone-use-rub-callouses-off.html,1,0,0,0,0
245,The New Application of Pumice Stone as Lightweight Floor ...,http://www.mdpi.com/2673-4605/5/1/105,1,0,0,0,0
246,Nonslip Bath Mat with Pumice Stone - Bathroom Safety,http://www.easycomforts.com/buy-nonslip-bath-mat-with-pumice-stone-372170,1,0,0,0,0
247,"pumice stone granules, washed analytic",http://www.ctlscientific.com/cgi/display.cgi?item_num=26398.293,1,0,0,0,0
248,"Pumice stone, news to me.",http://mikeysboard.com/threads/pumice-stone-news-to-me.286940/,1,0,0,0,0
249,Hand Carved Pumice Stone Flower,http://www.makaimports.com/hand-carved-pumice-stone-flower.html,1,0,0,0,0
250,Trim Neat Feet Pumice Stone Charcoal (3 Pieces) (50278) ...,http://www.biloltd.net/product-p/50278.htm,1,0,0,0,0
251,Morgan's Strong Garlic 2.5 Oz. Pumice Stone Mouse & Rat ...,http://waltshardware.doitbest.com/shop/lawn-and-garden/insect-and-pest-control/pest-repellents/animal-repellent/414794-morgans-strong-garlic-25-oz-pumice-stone-mouse-and-rat-repellent?SKU=723411,1,0,0,0,0
252,"Pumice stone, granular (approx. 1-5mm), Thermo Scientific ...",http://www.fishersci.co.uk/shop/products/pumice-stone-granular-approx-1-5mm-thermo-scientific/10045293,1,0,0,0,0
253,Pumice Stone for Toilet Cleaning - Pool Brushes for Libya,http://www.ubuy.com.ly/en/product/7MVXXAY9M-pumice-stone-for-toilet-cleaning-pool-brushes-for-cleaning-pool-walls-wet-drill-brush-power-scrubber-cleaning-brush-extended-long-attachment-set,1,0,0,0,0
254,Osma Pumice Stone For Foot Care,http://shavenation.com/products/osma-pumice-stone-for-foot-care,1,0,0,0,0
255,Pumice Stone For Foot Scrub - The Better Bath,http://thebetterbath.in/products/pumice-stone,1,0,0,0,0
256,"Natural Mt. Shasta Pumice Stone, Multiple Sizes",http://www.coastandclearing.com/product/natural-mt-shasta-pumice-stone-multiple-sizes-for-pedicures-exfoliation/1006,1,0,0,0,0
257,Will Pumice Stone Scratch Glass Can You Use ...,http://www.tiktok.com/discover/will-pumice-stone-scratch-glass-can-you-use-pumice-stone-to-remove-calcium-on-glass-iridescent-pool-tile-tile,1,0,0,0,0
258,DL Professional Pumice Stone Angled Triangle Shape,http://mkbeautyclub.com/products/pumice-stone-teardrop-pedicure-groming-toes-gray,1,0,0,0,0
259,Onyx Professional Double Sided Pumice Stone 100 ...,http://www.influenster.com/reviews/onyx-professional-double-sided-pumice-stone-100-siliglass-callus-remover-exfoliates-feet-smooths-skin-1,1,1,0,0,0
260,"5"" Fireproof and Heatproof Pumice Stone for Portable Fire Pits ...",http://ethicalfireplaces.com/product/5lb-natural-volcanic-lava-rock-fireproof-and-heatproof-pumice-stone-for-portable-fire-pits-fireplaces/,1,0,0,0,0
261,Morgan's Peppermint-Cinnamon 2.5 Oz. Pumice Stone ...,http://www.powertownsend.com/shop/lawn-and-garden/insect-and-pest-control/pest-repellents/animal-repellent/414795-morgans-peppermint-cinnamon-25-oz-pumice-stone-mouse-and-rat-repellent?SKU=753780,1,0,0,0,0
262,Bushbalm The Body Rock Exfoliating Pumice Stone Set,http://au.urbanoutfitters.com/en-au/product/bushbalm-the-body-rock-exfoliating-pumice-stone-set/UO-68212364-000,1,0,0,0,0
263,Bath Mat Cambridge Cotton Pumice Stone,http://store.clothandfeather.com.au/products/bath-mat-cambridge-cotton-pumice-stone,1,0,0,0,0
264,Volcanic Pumice Stone – Distinct Bath & Body,http://distinctbath.com/products/volcanic-pumice-stone,1,0,0,0,0
265,Conical Drill Bit in Pumice Stone,http://www.musanails.at/en/product/conical-drill-bit-in-pumice-stone/,1,0,0,0,0
266,"Omcan 11392 Grill Pumice Stone, 6"" x 3"" x 3""",http://www.windepotstore.com/omcan-11392-grill-pumice-stone-6-x-3-x-3/,1,0,0,0,0
267,Heel grater pumice stone strong file scraper,http://verk.store/product-eng-3417-Heel-grater-pumice-stone-strong-file-scraper.html,1,0,0,0,0
268,pumice stone - Translation to Irish Gaelic with audio ...,http://www.focloir.ie/en/dictionary/ei/pumice%20stone,1,0,0,0,0
269,My Dog Ate Pumice Stone What Should I Do? (Reviewed ...,http://ourfitpets.com/health/digestive-system/my-dog-ate-pumice-stone-what-should-i-do/,1,0,0,0,0
270,"Pumice Stone Mountain, Siskiyou County, California, ...",http://www.mindat.org/feature-5569857.html,1,0,0,0,0
271,"""Pumice Stone Trader"" Gameplay + Showroom Animation",http://aminoapps.com/c/identityvofficialv2/page/blog/s21-logic-path-costume-pumice-stone-trader-gameplay-showroom-animation/kwxk_m5zIGu7qpZJWJbjardqn5Eoo4rnZqV,1,0,0,0,0
272,Medium Pumice Stone Made Portable Bathroom Foot Cleaner ...,http://q8zones.com/product/medium-pumice-stone-made-portable-bathroom-foot-cleaner-stone-20-x-13-x-3-cm/,1,0,0,0,0
273,PurOrganica Urea 40% Foot Cream No Pumice Stone ...,http://freshsshoe.com/products/purorganica-urea-40-foot-cream-no-pumice-stone-callus-remover-moisturizes-rehydrates-thick-cracked-rough-dead-dry-skin-for-feet-elbows-and-hands,1,0,0,0,0
274,Use of a Pumice Stone in Psoriasis | JAMA Dermatology,http://jamanetwork.com/journals/jamadermatology/fullarticle/525014,1,0,0,0,0
275,Cape Cod brass fire starter pot with pumice stone torch,http://nextstagevintage.com/products/vintage-brass-fire-starter-pot-with-pumice-stone-torch,1,0,0,0,0
276,Introducing Pumice Stone for Toilet,http://www.bikeforums.net/general-cycling-discussion/1295590-introducing-pumice-stone-toilet.html,1,0,0,0,0
277,STAINMASTER Performance Satin Pumice Stone Tintable ...,http://www.lowes.com/pd/STAINMASTER-Performance-Satin-Pumice-Stone-Tintable-Acrylic-Interior-Paint-Primer-1-Gallon/5014761381,1,0,0,0,0
278,9352 Hand and Foot Brush with pumice stone to Remove ...,http://skyshopy.com/products/9352_pumic_stone_n_brush,1,0,0,0,0
279,Introducing Pumice Stone for Toilet,http://www.watchuseek.com/threads/introducing-pumice-stone-for-toilet.5567896/,1,0,0,0,0
280,100% Natural Pumice Stone to fix cracked heels,http://mumotoronto.com/en-us/products/pumice-stone-for-feet,1,0,0,0,0
281,White Pumice Stone with Loop,http://goodbuysupply.co/products/white-pumice-stone,1,0,0,0,0
282,Signature Select/Care Pumice Stone Softens Rough Skin,http://www.andronicos.com/shop/product-details.960120853.html,1,0,0,0,0
283,Natural Pumice Stone Foot Scrubber - SEE SEA USA,http://seeseausa.com/products/natural-pumice-stone-foot-scrubber,1,0,0,0,0
284,Buy Us Pumice Pumice Stone Large Pb24 | PB-24 For Sale,http://www.wildwestpoolsupplies.com/us-pumice-pumice-stone-large-pb24-pb-24/,1,0,0,0,0
285,"Lava Pumice stone for exfoliation, natural red pumice stone.",http://jollyharborsoapmarket.com/products/lava-pumice-stone-exfoliation-tough-scrub-red-stone-hang-loop,1,0,0,0,0
286,Pumice stone with cotton ribbon,http://actimare.com/products/bimsstein-mit-baumwollband,1,17,0,0,0
287,PUMICE STONE with anti-hardness soap Foot Files Galiplus,http://www.perfumesclub.us/en/galiplus/piedra-pomez-con-jabon-antidurezas/p_487545/,1,0,0,0,0
288,"WATSONS, Soothe Me Right Pumice Stone",http://www.watsons.com.ph/soothe-me-right-pumice-stone/p/BP_10088641,1,0,0,0,0
289,"Pumice stone, granular (approx. 1-5mm), Thermo Scientific ...",http://www.fishersci.be/shop/products/pumice-stone-granular-approx-1-5mm-thermo-scientific/10045293,1,0,0,0,0
290,Black Pumice Stone (volcano) with Cord,http://www.greeknaturalproducts.eu/shop/skin-care/pumice/black-pumice-stone-volcano-with-cord/,1,0,0,0,0
291,CVS Health Massaging Pumice Stone with Comfort Grip,http://static-assets-uat.cvshealth.com/shop/cvs-health-massaging-pumice-stone-with-comfort-grip-prodid-767076-reviews?skuId=767076,1,0,0,0,0
292,Pumice Stone Toilet Bowl Cleaner (Pack of 2),http://budgetcleaning.com.sg/product/pumice-stone-toilet-bowl-cleaner-pack-of-2/,1,0,0,0,0
293,Powerstone Pumice Stone Toilet Bowl Cleaner w,http://slickdeals.net/f/16662281-powerstone-pumice-stone-toilet-bowl-cleaner-w-handle-for-limescale-hard-water-stains-9-60-free-shipping-w-prime-or-on-25,1,2,0,0,0
294,"Pumice stone, granular (approx. 1-5mm), Thermo ...",http://www.thermofisher.com/order/catalog/product/390040010,1,12,0,0,0
295,How To Remove Hard Water With A Pumice Stone,http://www.germzbegone.com/remove-hard-water-spots-toilet/,1,0,0,0,0
296,Mother Earth Lava Pumice Stone,http://www.sagerefillmarket.com/product/mother-earth-lava-pumice-stone/645,1,0,0,0,0
297,Maryton Foot Pumice Stone for Feet Hard Skin Callus ...,http://fairachievers.com/product/maryton-foot-pumice-stone-for-feet-hard-skin-callus-remover-and-scrubber-pack-of-4-blue/,1,0,0,0,0
298,Clover Fields Foot Shaped Pumice Stone,http://www.cosmeticsnow.ph/iteminfo/clover-fields-foot-shaped-pumice-stone,1,0,0,0,0
299,pumice stone as filter media,http://www.tropicalaquarium.co.za/threads/pumice-stone-as-filter-media.35630/,1,0,0,0,0
300,Toilet Bowl Natural Pumice Stone Cleaner Plastic ...,http://blade.ph/products/toilet-bowl-natural-pumice-stone-cleaner-plastic-handle,1,0,0,0,0
301,"CVS Health Massaging Pumice Stone with Comfort Grip, 1 ...",http://www.cvs.com/shop/cvs-health-massaging-pumice-stone-with-comfort-grip-1-ct-prodid-767076-reviews?skuId=767076,1,0,0,0,0
302,NailIt™ Pumice Stone Nail File,http://valluepoint.com/products/nailit%E2%84%A2-pumice-stone-nail-file,1,0,0,0,0
303,Natural Lava Pumice Stone Foot Exfoliator - Aroura,http://www.arourabeauty.com/products/natural-lava-pumice-stone-foot-exfoliator,1,0,0,0,0
304,Unconventional Polymer Clay Tools 1: The Pumice Stone,http://craftygoat.com/2008/02/repurposed_polymer_clay_tools.html,0,0,0,1270,0
305,Mrs Hinch fan uses pumice stone hack to get animal hair ...,http://metro.co.uk/2019/06/30/mrs-hinch-fan-uses-pumice-stone-hack-to-get-animal-hair-out-of-carpet-10091847/,0,10,66,12,0
306,Your New Pet Rock Is This $2 Pumice Stone,http://www.racked.com/2018/2/20/17032130/mr-pumice-pumice-stones,0,5,24,2,0
307,Purple and Green Color Picky Pumice Stone Kit,http://pickypumicestone.com/products/copy-of-gold-and-blue-color-picky-pumice-stone,0,1,17,2,0
308,Pumice stone accumulation on Okinawa beach ‘disastrous’ for ...,http://www.scmp.com/video/asia/3154260/pumice-stone-accumulation-okinawa-beach-disastrous-village,0,0,16,0,0
309,Jaipur Westport Pumice Stone Wool With Wooden Legs ...,http://www.lampsplus.com/products/jaipur-westport-pumice-stone-wool-with-wooden-legs-ottoman__8v559.html,0,1,0,14,0
310,Body exfoliation using a pumice stone,http://getgorgeousnaturally.blogspot.com/2010/05/body-exfoliation-using-pumice-stone.html,0,3,6,3,0
311,"Basics, Natural Sierra, Pumice Stone, 1 Stone",http://www.iherb.com/pr/earth-therapeutics-basics-natural-sierra-pumice-stone-1-stone/21261,0,52,0,7,0
312,Toilet cleaning: Pumice stone £1.49 cleaner amazes ...,http://www.express.co.uk/life-style/property/1198970/toilet-cleaning-pumice-stone-cleaner,0,11,6,1,0
313,This reusable pumice stone for toilets that removes stains ...,http://www.dontwasteyourmoney.com/pumice-stone-toilet-removes-stains-reusable/,0,4,6,0,0
314,w.o.d.welder Hand Care Kit (with Pumice Stone),http://www.9for9.co.uk/products/w-o-d-welder-hand-care-kit,0,2,3,0,0
315,Fresh Feet Foot Scrubber with Built-In Pumice Stone for the ...,http://www.infomercials-tv.com/fresh-feet-as-seen-on-tv-foot-scrubber/,0,5,0,3,0
316,Jaipur Living Nirvana Foster Nir02 Pumice Stone and Gray ...,http://www.rugstudio.com/jaipur-rugs-nirvana-foster-nir02-pumice-stone-area-rug.aspx,0,0,0,3,0
317,Pumice Stone Body Granules Exfoliant,http://www.mysticmomentsuk.com/products/pumice-stone-body-granules-exfoliant,0,7,0,1,0
318,Item: PUMICE STONE STRAIT [Pumicestone],http://www.archivessearch.qld.gov.au/items/ITM887110,0,0,0,0,0
319,Buy Botanics Pumice Stone and Brush online | Boots Kuwait,http://kw.boots.com/en/buy-botanics-pumice-stone-and-brush.html,0,0,0,0,0
320,Fresh Feet Foot Scrubber Deluxe with Pumice Stone,http://sidedeal.com/deals/fresh-feet-foot-scrubber-deluxe-with-pumice-stone-7,0,0,0,0,0
321,Natural Black Pumice Stone With in 1pcs from Eco Bath,http://www.realfoods.co.uk/product/41220/natural-black-pumice-stone-with,0,0,0,0,0
322,Buy Gina Tricot Soft touch funnel neck dress - Pumice Stone,http://nelly.com/ww/product/gina-tricot-soft-touch-funnel-neck-dress_442194-qds9/,0,0,0,0,0
323,PUMICE STONE POLISHING PASTE (Denture ...,http://www.mslidental.com.my/products/pumice-stone-powder,0,0,0,0,0
324,pumice stone 4f grade fine 1 lb,http://www.mohawk-finishing.com/mhk_cds/product_pds/M720-1402_MHK_TDS.pdf,0,0,0,0,0
325,16 Pcs Foot Exfoliating File Dead Skin Pumice Stone ...,http://www.ebay.com.au/itm/145714265030?_ul=AU&chn=ps&mkcid=28&mkevt=1,0,0,0,0,0
326,Volcanic Lava Pumice Stone Foot and Hand Skin Pedicure ...,http://brownliving.in/products/volcanic-lava-pumice-stone-foot-and-hand-skin-pedicure-callus-dead-skin-remover-pedicure-tool-exfoliation-to-remove-dead-skin,0,0,0,0,0
327,Lava Stone Exfoliating Pumice Stone,http://witchyyogagirl.com/products/lava-stone-exfoliating-pumice-stone,0,0,0,0,0
328,Kids ONLY Pumice Stone Echo Cargo Parachute Bukser ...,http://cakesanddreams.dk/products/kids-only-pumice-stone-echo-cargo-parachute-bukser-noos-str-152-fra-kids-only,0,0,0,0,0
329,"Gentle Properties Natural Pumice Stone, Foot Rasp ...",http://www.amazon.ae/Gentle-Properties-Natural-Pedicure-Lightweight/dp/B08G4G8WVB,0,0,0,0,0
330,Pumie Pumice Stone Handle by Xypher2000,http://www.thingiverse.com/thing:5162421/files,0,5,0,0,0
331,"Earth Therapeutics, Natural Sierra Pumice Stone, EACH",http://www.herbspro.com/hi/products/natural-sierra-pumice-stone-42622,0,0,0,0,0
332,Best Pumice Stone For Heels | power.org.sa,http://power.org.sa/best-pumice-stone-for-heels-t-26081577,0,0,0,0,0
333,Buy 100% Natural Volcanic Pumice Stone Online in India,http://www.etsy.com/in-en/listing/1228468955/100-natural-volcanic-pumice-stone?click_key=e76f9c67bcb84e79251b9289d1fdcf6dc38c0901:1228468955&click_sum=67a0e930&ref=sold_out-19,0,0,0,0,0
334,20 Pieces Pumice Stone Nail File Cuticle Stone Pusher Nail ...,http://cetconsultants.com/File-Cuticle-Stone-Pusher-Nail-Sanding-Sticks-Nail-Art-Pen-1221564.html,0,0,0,0,0
335,Neat Foot Pumice Stone Foot Scrub,http://dominionroadpharmacy.co.nz/products/neat-foot-pumice-stone-foot-scrub,0,0,0,0,0
336,Lava Pumice Stone with Cotton Hanging Loop / Butter ...,http://www.buttermeuporganics.com/products/lava-pumice-stone-with-cotton-hanging-loop-butter-me-up-organics,0,0,0,0,0
337,Permanent Pumice Stone Hair Removal - Invest in Gdynia,http://investingdynia.pl/?a=permanent-pumice-stone-hair-removal-o-7MZjwdI8,0,0,0,0,0
338,Only Jacket Trillion long coatigan pumice stone,http://www.stilettoshop.eu/only-jacket-trillion-long-coatigan-pumice-stone/p/135028/,0,0,0,0,0
339,Barefoot Scientist In The Buff™ Dual-Texture Pumice Stone,http://www.anthropologie.com/shop/barefoot-scientist-in-the-bufftm-dual-texture-pumice-stone,0,0,0,0,0
340,Effect of Enzyme Washing Combined With Pumice Stone ...,http://ijrat.org/downloads/Vol-2/sept-2014/paper%20ID-29201428.pdf,0,1,0,0,0
341,Professional cleaner reveals how a cheap pumice stone ...,http://ca.sports.yahoo.com/news/professional-cleaner-reveals-cheap-pumice-224224168.html,0,0,0,0,0
342,Pumice Stone on a Rope,http://www.shoresoapscapemay.com/product-page/pumice-stone-on-a-rope,0,0,0,0,0
343,"Trim Large Blue Oval Pumice Stone, 0.09 Pound",http://medcarellc.com/product/trim-large-blue-oval-pumice-stone-0-09-pound/,0,0,0,0,0
344,Kjøp Natural Pumice Stone Foot Stone Clean Skin Grinding ...,http://www.joom.com/nb/products/65f813b70d8bb0016660e81f?currency=NOK&gsAttrs=eyJyZWdpb24iOiJOTyJ9&variant_id=65f813b70d8bb0a06660e821,0,0,0,0,0
345,Pedicare: Skin Smoother Pumice Stone Roller,http://home.bargains/product/3299e29c-8733-431a-9d47-40f2fdbafee7/pedicare-skin-smoother-pumice-stone-roller,0,2,0,0,0
346,"Pumice stone, granular (approx. 1-5mm), Thermo ...",http://www.fishersci.fr/shop/products/pumice-stone-granular-approx-1-5-mm-acros-organics/10370134/en,0,0,0,0,0
347,Familymaid 17600 1.5 x 9.5 in. Pumice Stone Toilet Cleaner,http://www.ralphs.com/p/familymaid-17600-1-5-x-9-5-in-pumice-stone-toilet-cleaner-pack-of-24/0082768017600,0,0,0,0,0
348,"Pumice Stone, Rotten Stone And Felt Blocks-Application ...",http://sincovaga.com.br/pumice-stone-rotten-stone-and-felt-blocks-application-blocks-ss-20730650,0,0,0,0,0
349,TV deken Giny 150 x 200 cm Pumice Stone,http://www.brico.be/nl/verf-laminaat-decoratie/woondecoratie/kussens-plaids/tv-deken-giny-150-x-200-cm-pumice-stone/10140698,0,0,0,0,0
350,Morgan's Strong Garlic 2.5 Oz. Pumice Stone Mouse & Rat ...,http://www.thomasdoit.com/shop/lawn-and-garden/insect-and-pest-control/pest-repellents/animal-repellent/414794-morgans-strong-garlic-25-oz-pumice-stone-mouse-and-rat-repellent?SKU=723411,0,0,0,0,0
351,Hoka Clifton L Suede Simply Taupe/Pumice Stone Uomo,http://spectrumstore.com/it/hoka-one-one-clifton-l-suede-simply-taupe-id377082,0,0,0,0,0
352,Kids ONLY Pumice Stone Echo Cargo Parachute Bukser ...,http://luksusbaby.no/products/kids-only-pumice-stone-echo-cargo-parachute-bukser-noos,0,0,0,0,0
353,Pumice Stone for Feet by Evolatree - Foot Scrubber ...,http://www.evolatree.com/en-ca/products/pumice-stone-for-feet-by-evolatree-foot-scrubber-for-exfoliating-dry-dead-skin-pedicure-foot-stone-removes-callus-on-hands-heels-and-body-natural-foot-care,0,0,0,0,0
354,144 Bulk Pumice Stone With Hang Loop Gray Aluminum ...,http://www.bluestarempire.com/144-bulk-pumice-stone-with-hang-loop-gray-aluminum-oxide-68g-5-7-x-2-16-x-0-6-inches/p-3508402.asp,0,0,0,0,0
355,Neat Foot Pumice Stone Foot Scrub,http://us.neatfeat.com/products/neat-foot-pumice-stone-foot-scrub-copy,0,0,0,0,0
356,Foot Scrubber Brush with Pumice Stone for Feet Australia,http://www.u-buy.com.au/product/7HIGQJ9DS-wooden-cleaning-fingernail-scrub-brush-with-pumice-stone-for-feet-hand-2-pcs-heavy-duty-finger-nail-brushes-double-sided-with-stiff-bristles-for,0,0,0,0,0
357,"Foot file, pumice stone, foot scrubber",http://aphroditebeautyshop.com/pedicure-manicure/pedicure/foot-file/,0,0,0,0,0
358,Shop ch Propedi Ergonomic Pumice Stone PR-104 in ...,http://www.ishtari.com/Propedi-Ergonomic-Pumice-Stone-PR-1/p=79416,0,0,0,0,0
359,Buy Eco Tools Bristle & Pumice Stone Foot Brush In Beige,http://en-om.6thstreet.com/buy-eco-tools-beauty-bristle-pumice-stone-foot-brush-3010000031-beige.html,0,0,0,0,0
360,"Feet Pumice Stone, Foot Care Tool Callus Exfoliate Stone ...",http://www.bodegaaurrera.com.mx/ip/manicure-y-unas/feet-pumice-stone-foot-care-tool-callus-exfoliate-stone-pedicure-tool-remove-hard-skin-for-feet-exfoliation-dead-skin-anggrek-purpura/00561339549344,0,0,0,0,0
361,Hydrea London Carved Pumice Stone,http://www.healthwell.dk/hydrea-london-carved-pumice-stone,0,0,0,0,0
362,Dutch Decor SK Fara 40x60 cm Pumice Stone Bruin Kussens,http://www.bomont.nl/dutch-decor-sk-fara-40x60-cm-pumice-stone-bruin-235981-zd.html,0,0,0,0,0
363,"CZ 4 In 1 Pedicure Brush, Pumice Stone & File foot cleaner ...",http://www.kuchhealthy.com/kuch-healthy/products/cz-4-in-1-pedicure-brush-pumice-stone-file-foot-cleaner-scrubber-callus-remover-skin-exfoliant-pack-of-2-2-pcs-SKU-0101,0,0,0,0,0
364,Pumice Stone For Feet Scrub & Exfoliating Dead Dry Skin,http://sparnky.com/product/pumice-stone-for-feet-scrub-exfoliating-dead-dry-skin/,0,0,0,0,0
365,Pumice Stone for Toilet Cleaning - Pool Brushes for Kosovo,http://www.kosovo.ubuy.com/en/product/7MVXXAY9M-pumice-stone-for-toilet-cleaning-pool-brushes-for-cleaning-pool-walls-wet-drill-brush-power-scrubber-cleaning-brush-extended-long-attachment-set,0,0,0,0,0
366,1pc 10*7*4cm Grey Pumice Stone Barbecue Grill Scrubber ...,"http://m.shein.co.uk/1pc-10*7*4cm-Grey-Pumice-Stone-Barbecue-Grill-Scrubber,-Cleaning-Stone-Scrub-For-Grill,-Stove,-Household-Cleaning-BBQ-Grill-Cleaning-Brick---Effortless-Magic-Stone-Brush---Durable-&-Portable-For-Outdoor-Adventures,-Perfect-Camping-&-Picnic-Essential---Cookware-Tool-Accessories-For-Safe-Grill-Cleaning-p-21536712.html",0,0,0,0,0
367,Shorts Musselin KogThyra Pumice Stone Fra Kids Only,http://firepoint.dk/products/shorts~musselin~kogthyra~pumice~stone~fra~kids~only,0,0,0,0,0
368,ZenToes Natural Lava Pumice Stone Pedicure Callus ...,http://www.gerbes.com/p/zentoes-natural-lava-pumice-stone-pedicure-callus-remover-bar-exfoliate-rough-skin-2-count/0085000926141,0,0,0,0,0
369,Strictly professional Nail Brush / Pumice Stone,http://www.kmksalonsupplies.com/products/strictly-professional-nail-brush-pumice-stone,0,0,0,0,0
370,Trim - Massaging Pumice Stone (Pierre ponce),http://ikibibi.com/products/trim-massaging-pumice-stone-pierre-ponce,0,0,0,0,0
371,"Pumice Stone for Pool and Tile Cleaning, Removes Lime ...",http://www.ubuy.co.zw/en/product/1CD94NX6-pool-blok-pb-12-by-us-pumice-pumice-stone-for-cleaning-of-pools-tiles-pummis-stone-to-remove-lime-ru,0,0,0,0,0
372,Pedicare: skin smoother pumice stone roller,http://www.catalogueoffers.co.uk/stores/home-bargains/offers/pedicare-skin-smoother-pumice-stone-roller-offer-7908665/,0,0,0,0,0
373,VEGA 2 In 1 Foot Smoother & Massager Pumice Stone(PD- ...,http://www.allurecosmetics.in/collections/appliances-foot-care/products/vega-2-in-1-foot-smoother-massager-pumice-stone-pd-09,0,0,0,0,0
374,"Pumice Stone Cosmetic | Online Shop, producer FPH Maro","http://www.worki.com.pl/en/products/pumice-stone,id-268,cat-34",0,0,0,0,0
375,Natural Loofah Pumice Stone for feet/Body Wash Bath ...,http://www.amazon.com.mx/Natural-Scrubber-Exfoliating-Remover-Pedicure/dp/B0B1PBYZG8,0,0,0,0,0
376,Large Loose Pumice Stone ~ by Mt.Shasta ...,http://eemercantileco.com/daily-grooming/large-loose-pumice-stone-by-mtshasta-pumice,0,0,0,0,0
377,Pumice Stone Toilet Bowl Cleaner Handle Removes ...,http://aqkason.en.made-in-china.com/product/KFwtmOudiNWo/China-Pumice-Stone-Toilet-Bowl-Cleaner-Handle-Removes-Limescale-Hard-Water-Stains-Toilet-Brush-Grills-Tile-Grout-Swimming-Pool.html,0,0,0,0,0
378,Impresa Pool Pumice Stone Brush for Cleaning Tiles Works ...,http://www.ilonajedrzejewska.pl/?e=impresa-pool-pumice-stone-brush-for-cleaning-tiles-works-tt-4qkNbpi9,0,0,0,0,0
379,Ulta Flowery Pro Pumice Stone | Mall of America®,http://shop.mallofamerica.com/product/flowery-pro-pumice-stone-ulta-103bf4,0,0,0,0,0
380,Pumice Stone Tokyo Linen Blend Shorts Str 122 Fra Kids ONLY,http://lokaltilbud.dk/products/pumice-stone-tokyo-linen-blend-shorts-str-122-fra-kids-only,0,0,0,0,0
381,Pumice Stone - Gamer Escape's Final Fantasy XI wiki,http://ffxi.gamerescape.com/wiki/Pumice_Stone,0,0,0,0,0
382,What happens when pressure is applied to pumice stone?,http://www.answers.com/earth-science/What_happens_when_pressure_is_applied_to_pumice_stone,0,0,0,0,0
383,Nonslip Bath Mat with Pumice Stone,http://ch.pinterest.com/pin/nonslip-bath-mat-with-pumice-stone--1038924207761412134/,0,0,0,0,0
384,Personnelle Pumice Stone for Feet,http://www.foodbasics.ca/aisles/health-beauty/bath-body-care/body-foot-care/pumice-stone-for-feet/p/055989659954,0,0,0,0,0
385,202410 PCS Pumice Stone for Toilet Cleaning Bowl Stick ...,http://www.fruugo.co.uk/202410-pcs-pumice-stone-for-toilet-cleaning-bowl-stick-toilet-pumice-scouring-pad-pumice-stick-cleaner-for-toilet-bathtubs-bathroom-kitchen-sink-p/p-282194906-627784951?language=en,0,0,0,0,0
386,"Pumice stone, crude or in irregular pieces, incl. crushed ...",http://www.uktradeinfo.com/commodities/251311,0,0,0,0,0
387,What does pumice stone mean?,http://www.definitions.net/definition/pumice+stone,0,0,0,0,0
388,Correct spelling for pumice stone [Infographic],http://www.spellchecker.net/pumice%20stone,0,5,0,0,0
389,Dwella Pumice Stone: Your Eco-Friendly Home Cleaning ...,http://www.loverslab.com/topic/230216-dwella-pumice-stone-your-eco-friendly-home-cleaning-hero/,0,0,0,0,0
390,Vallejo 598 Fine White Pumice Stone,http://www.mojehobby.pl/products/598-Fine-White-Pumice-Stone.html,0,0,0,0,0
391,Pumice Stone Pool Block With Handle for Pole,http://shop.vivoaquatics.com/pumice-stone-pool-block-with-handle-for-pole/,0,0,0,0,0
392,Pumice Stone Foot Scrubber Pedicure Foot File with Handle ...,http://srlteducation.com/pumice-stone-foot-scrubber-pedicure-foot-file-with-handle-for-dry-dead-skin-callus-remover-for-feet-foot-scraper-exfoliating-brush-for-heels-B9525372,0,0,0,0,0
393,Close Floating Volcanic Pumice Stone Water Stock Photo ...,http://www.shutterstock.com/image-photo/close-floating-volcanic-pumice-stone-water-1521385943,0,0,0,0,0
394,GEM Large Pumice Stone with Rope,http://www.koleimports.com/gem-large-pumice-stone-with-rope-mk431,0,1,0,0,0
395,DL Professional Pumice Stone Paddle,http://jdssupercare.com/en-gy/products/dl-professional-pumice-stone-paddle,0,0,0,0,0
396,"Shower Foot Scrubber With Pumice Stone, Foot Clean ...",http://www.fruugo.co.za/shower-foot-scrubber-with-pumice-stone-foot-clean-smooth-exfoliate-massager-without-bending-in-the-shower-or-bathtub-foot-care-to-dead-skin-ca/p-69860753,0,0,0,0,0
397,Miss Laureta Exfoliating Dead Skin Removal Pumice Stone,http://1sell.com/product/miss-laureta-exfoliating-dead-skin-removal-pumice-stone_p10022717,0,0,0,0,0
398,Natural Pumice Stone | Buff and exfoliate tough areas of ...,http://follioil.com/products/natural-volcanic-pumice,0,1,0,0,0
399,Pumice Stone Dead Skin Remover for Body Scrubber ...,http://www.ebay.co.uk/itm/375299575355?_ul=GB&chn=ps&mkcid=28&mkevt=1&var=644288057580,0,0,0,0,0
400,Onlmalou Sl Frill Stripe Top - 4597364 Pumice Stone ...,http://www.mollyogmy.dk/products/only-onlmalou-sl-frill-stripe-top-4597364-pumice-stone-cashmere-blue,0,0,0,0,0
401,"""Koop Nu De Stijlvolle Only Dames Trui in Pumice Stone ...",http://www.pietzoomers.com/only-breigoed-00374919-pumice-stone,0,0,0,0,0
402,Elevate Essentials Pumice Stone for Pool Tile Cleaning ...,http://in.pinterest.com/pin/elevate-essentials-pumice-stone-for-pool-tile-cleaning-block-concrete-spa-cleaning-best-pool-stain-remover-natural-pumice-stone-ceramic-tile-cleaner-block-in-2024--746964288275324108/,0,0,0,0,0
403,Yinder Pools Pumice Stone for Cleaning Calcium Remover ...,http://shopping.yahoo.com/product/amazon_B0BVVWB18K/Yinder-4-Pcs-Pools-Pumice-Stone-for-Cleaning-Calcium-Remover-for-Pool-Tile-3-94-x-2-76-x-1-57-Inch-Gray-Pool-Tile-Cleaner-to-Remove-Rust-Stains-from-Swimming-Pool-Spa-Tile?pid=amazon_B0BVVWB18K,0,0,0,0,0
404,HAPPY END Foot and Heel Scrub with Natural Pumice Stone,http://bielenda.pl/en/catalog/pozostale-produkty-do-pielegnacji-ciala/96-happy-end-foot-and-heel-scrub-with-natural-pumice-stone,0,0,0,0,0
405,"SBGABINA BLOUSE, Pumice Stone fra Sorbet Bluse - Sirup",http://www.sirup.dk/shop/sorbet-bluse-sbgabina-225977p.html,0,0,0,0,0
406,thinkstar 4 Pack Maryton Foot Pumice Stone For Feet Hard ...,http://www.kmart.com/thinkstar-4-pack-maryton-foot-pumice-stone-for-feet-hard-skin-callus-remover-and-scrubber/p-A124025944,0,0,0,0,0
407,Karndean Korlok Stone Pumice Stone - DIY Floorboards,http://diyfloorboards.com.au/karndean-korlok-stone-pumice-stone/,0,0,0,0,0
408,Pumice stone is an ideal example of which type ...,http://byjus.com/question-answer/pumice-stone-is-an-ideal-example-of-which-type-of-the-following-aphanitic-phaneritic-pyroclastic/,0,0,0,0,0
409,Pumice stone quarry Photos Stock & Des Images - Alamy,http://www.alamyimages.fr/photos-images/pumice-stone-quarry.html,0,0,0,0,0
410,Pumice Stone With Nail Brush Trim in Pakistan | Shop Online,http://mail.vegas.pk/pd/trim-pakistan/pumice-stone-with-nail-brush-trim,0,0,0,0,0
411,Kvinner RIBB STRIKKET TOPP Pumice Stone - Sdgbrand,http://www.sdgbrand.com/salg/kvinner-ribb-strikket-topp-pumice-stone-only-strikk-cardigans/,0,0,0,0,0
412,Pumice Stone For Toilet Cleaning Pumice Stones Brush With ...,http://www.bookalbum.info/detail/Pumice-Stone-For-Toilet-Cleaning-Pumice-Stones-Brush-With-Handle-And-Holder-2-P_h9jsytqsrqsstrv.html,0,0,0,0,0
413,Dwella Pumice Stone: Your Eco-Friendly Home Cleaning ...,http://www.tripadvisor.ca/ShowTopic-g60763-i5-k14776429-Dwella_Pumice_Stone_Your_Eco_Friendly_Home_Cleaning_Hero-New_York_City_New_York.html,0,0,0,0,0
414,First and Final: Prophylactic Pumice Stone (200 pcs),http://www.dentaltix.com/en/reliance/first-and-final-prophylactic-pumice-stone-200-pcs,0,0,0,0,0
415,Pumice Stone Toilet Bowl Cleaner,http://thelovinsisters.com/home/2023/5/16/pumice-stone-toilet-bowl-cleaner,0,0,0,0,0
416,Wholesale Replaceable Glass Pumice Stone Toilet ...,http://topwinc.en.made-in-china.com/product/MQkYSZdllwhx/China-Wholesale-Replaceable-Glass-Pumice-Stone-Toilet-Cleaner-Brush-with-Extra-Long-Plastic-Handle-for-Cleaning.html,0,0,0,0,0
417,Second Female Esa Shorts Pumice Stone,http://meandeliza.dk/products/second-female-esa-shorts-pumice-stone,0,0,0,0,0
418,Natural Volcanic Lava Pumice Stone - Hazelwood,http://www.hazelwoodsoapcompany.com/natural-volcanic-lava-pumice-stone.html,0,0,0,0,0
419,Natural Pumice Stone Foot Scrubber - Glamma Mama Boutique,http://glamaboutique.com/products/natural-pumice-stone-foot-scrubber,0,0,0,0,0
420,Crown Mini Disposable Pumice Stone (Case of 1600pcs),http://www.168nailsupply.com/products/crown-mini-disposable-pumice-stone-case-of-1600pcs,0,0,0,0,0
421,Beter Pumice Stone With Handle | PharmacyClub,http://www.pharmacyclub.net/us/luxury-beauty/hygiene/manicure-and-pedicure/foot-file/beter-pumice-stone-with-handle-11,0,0,0,0,0
422,medicare pumice stone with handle,http://www.flemingmedical.co.uk/medicare-pumice-stone-with-handle-md171,0,0,0,0,0
423,Arkiquartz Pumice Stone Look Italian Porcelain ...,http://www.tiletouch.com.au/products/arkiquartz-pumice-stone-look-italian-porcelain-tile-600x600mm,0,0,0,0,0
424,Photo: Maybe time to get out the old pumice stone and a bit ...,http://www.tripadvisor.com/LocationPhotoDirectLink-g31377-d74344-i468288909-Marriott_Phoenix_Resort_Tempe_at_The_Buttes-Tempe_Arizona.html,0,0,0,0,0
425,What is the use of pumice stone? How to use? - Chappal,http://www.chappal.co/en-usa/blogs/i%CC%87cerik/ponza-tasi-ne-i%CC%87se-yarar-nasil-kullanilir,0,0,0,0,0
426,"Pools Pumice Stone, 2024 Pumice Stone for Pool Cleaning ...",http://www.ezhottubs.com/cgi-bin/shop.cgi?i=B0D8KV1H51,0,0,0,0,0
427,Use a Pumice Stone for Removing Calcium Buildup,http://www.thriftyfun.com/Use-a-Pumice-Stone-for-Removing-Calcium-Buildup.html,0,0,0,0,0
428,"4TH Pumice Stone for Grill Cleaning,Heavy Duty ... - puttsbaran",http://www.puttsbarandgrill.com/item/4th-pumice-stone-for-grill-cleaningheavy-duty-cleaning-brickeasy-to-remove-stubborn-stain-for-griddleswimming-poolbbq-outdoortoilet-bowlstove-grey4-packs-8660629.html,0,0,0,0,0
429,Casual Friday CFKARL PULLOVER Pumice Stone,http://www.solidstore.com/da-dk/pumice-stone-cfkarl-pullover-20504626-140002,0,0,0,0,0
430,"Pumice Stone Toilet Scrabber for Tough Stains, Removes ...",http://www.nairomarket.co.ke/products/pumice-stone-toilet-scrabber-for-tough-stains-removes-limescale,0,0,0,0,0
431,Buy pumice stone foot brush,http://www.colonialmedical.com/pumice-stone-foot-brush-P-15866.html,0,0,0,0,0
432,Alkath Pumice Stone. Supplier from Philippines. ...,http://www.go4worldbusiness.com/member/view/2943941/alkath-pumice-stone.html,0,0,0,0,0
433,Meaning of pumice stone in english english dictionary 1,http://www.almaany.com/en/dict/en-en/pumice+stone/,0,0,0,0,0
434,Pumice Stone Limonata Cotton Shirt,http://www.avoca.com/en/pumice-stone-limonata-cotton-shirt,0,0,0,0,0
435,Pumeks kwarcowy bialy 20g - Quartz pumice stone for feet,http://piknikexpress.com/shop/pumeks-kwarcowy-bialy-20g/,0,0,0,0,0
436,Underwater Stones Rocks pumice stone and pebbles ...,http://www.vecteezy.com/vector-art/6468545-underwater-stones-rocks-pumice-stone-and-pebbles-seascape,0,0,0,0,0
437,What to Do About Your Calluses When a Pumice Stone Isn' ...,http://www.lifehacker.com.au/2021/08/what-to-do-about-your-calluses-when-a-pumice-stone-isnt-cutting-it/,0,1,0,0,0
438,Jade & Pearl Natural Volcanic Exfoliating Pumice Stone,http://wholesale.frontiercoop.com/products/jade-pearl-natural-volcanic-exfoliating-pumice-stone,0,0,0,0,0
439,Griddle Block Pumice Stone 6 - Kitchenware,http://www.bunzlmclaughlin.com/Kitchenware/Kitchen-Utensils-By-Type/Griddle-Screens-and-Block/Griddle-Block-Pumice-Stone-6-~p~F3446,0,0,0,0,0
440,Spa Prive Pumice Stone W/Nail Brush,http://jamirayvintage.com/products/spa-prive-pumice-stone-w-nail-brush,0,0,0,0,0
441,ONLY ONLSMILA LIFE - pumice stone earth colours/beige,http://www.zalando.dk/only-onlsmila-life-strikpullover-striktroejer-pumice-stone-earth-colours-on321i2b6-b11.html,0,0,0,0,0
442,evolatree Pumice Stone for Feet - Best Foot Scrubber ...,http://www.justdial.com/jdmart/Ganjam/evolatree-Pumice-Stone-for-Feet-Best-Foot-Scrubber-Callus-Remover-for-Dead-Skin-Includes-Wooden-Bath-Tray/pid-2038341222/022PXX22-XX22-211230191127-S4F8,0,0,0,0,0
443,Anderson Tuftex GRACIOUS Pumice Stone 00143_ZZ325 ...,http://castlecarpetsandinteriors.com/flooring/carpet/products/anderson-tuftex-gracious-pumice-stone-00143_zz325/,0,0,0,0,0
444,HOKA Tor Ultra Lo Gore-Tex in Simply Taupe/Pumice Stone,http://www.thenextsole.com/nl/p/hoka-tor-ultra-lo-gore-tex-in-simply-taupepumice-stone-1130310-stpst,0,0,0,0,0
445,Pumice Stone On A Rope (Rectangle) - 1 Stone,http://www.nationalnutrition.ca/martina-collection-pumice-on-a-rope-rectangle-1-stone.html,0,0,0,0,0
446,Side Effects Of Eating Pumice Stone - Doctor answers on ...,http://www.askadoctor24x7.com/search/side-effects-of-eating-pumice-stone,0,2,0,0,0
447,Use of Pumice Stone as a Ceramic Raw Material,http://www.scientific.net/KEM.264-268.1427.pdf,0,0,0,0,0
448,Pumice stone distress oxide spray - Pimpstensgrå ...,http://sarisstampingstudio.se/farg-pennor-penslar-mixed-media/distress-oxide-spray/pumice-stone-distress-oxide-spray-pimpstensgra-sprayfarg-med-oxideringsegenskaper-fran-tim-holtz-ranger/,0,0,0,0,0
449,Only Pumice Stone Cotton Printed T-Shirt,http://www.tatacliq.com/only-pumice-stone-cotton-printed-t-shirt/p-mp000000010514507,0,0,0,0,0
450,Philippines Import Statistics and Trade Data of Pumice stone,http://www.philippinestradedata.com/en/philippines-import-data/pumice-stone,0,0,0,0,0
451,Gyali: The unknown eight-shaped island of pumice stone,http://mygreece.tv/gyali-eight-shaped-island-pumice-stone/,0,0,0,0,0
452,"United States Exports of pumice stone, emery, natural ...",http://cdn.tradingeconomics.com/united-states/exports/bermuda/pumice-emery-natural-corundum-garnet,0,0,0,0,0
453,"Avatar Pumice Stone, Aquarium Rock",http://www.ecplaza.net/products/avatar-pumice-stone-aquarium-rock-3927973,0,0,0,0,0
454,Pumice stone is light and brittle with a spongy texture. It ...,http://www.album-online.com/detail/en/NjVlNmNmMA/pumice-stone-is-light-brittle-a-spongy-texture-it-often-alb8348231?iSF=3&sT=ROCK POCKET,0,0,0,0,0
455,Pumice Stone On Sale At Low Discounted Prices,http://www.earthstonerock.com/Pumice-Stone-wholesale-prices-s/758.htm,0,0,0,0,0
456,4 Inch Pumice Stone Tool - Remove Dog Hair from Car Easily,http://www.grupoterra.org/us11/pumice+stone+for+dog+hair,0,0,0,0,0
457,Foot Brush with Pumice Stone,http://www.gohealthymoms.com/products/foot-brush-pumice-stone,0,0,0,0,0
458,Serene Spaces Living Decorative Pumice Stone Egg Pot ...,http://www.houzz.com/products/serene-spaces-living-decorative-pumice-stone-egg-pot-unique-lava-rock-vase-prvw-vr~129828025,0,0,0,0,0
459,Pumice Natural Foot Pumice Stone Exfoliating Foot Care ...,http://www.amazon.co.jp/-/en/Pumice-Natural-Foot-Stone-Exfoliating/dp/B08CDFLJ6Z,0,0,0,0,0
460,Best pumice stone for feet,http://www.westernslopenow.com/reviews/br/beauty-personal-care-br/foot-care-br/best-pumice-stone-for-feet/,0,0,0,0,0
461,Only Beige / Pumice Stone Laura Strap Faux Leather ...,http://www.dv8fashion.com/Mobile/en/gb/Only-Beige--Pumice-Stone-Laura-Strap-Faux-Leather-Leggings/m-m-26230.aspx,0,0,0,0,0
462,"Pumice stone, BAKER , J.T. Baker - Fisher Scientific",http://www.fishersci.it/shop/products/10616782/10616782,0,0,0,0,0
463,Only Womens Lou Short Check Jacket Pumice Stone/Rose ...,http://www.latestdeals.co.uk/deals/womens-lou-short-check-jacket-pumice-stonerose-brown-checks-mandm-direct,0,0,0,0,0
464,JML Shower Feet Foot Scrubber with Pumice Stone,http://www.qvcuk.com/jml-shower-feet-foot-scrubber-pumice-stone.product.725568.html,0,5,0,0,0
465,"Pumice stone in the island of Lipari, ""letter""",http://search.proquest.com/openview/b86b2ed339d115c8877722d5fd0da3da/1?cbl=1816417&pq-origsite=gscholar,0,0,0,0,0
466,"Blocks Pumice Stone for Toilet, Pack of 4 ...",http://onelink.shein.co.uk/0/google_feed_uk?goods_id=19773710&skucode=I33tyupya7su&url_from=ukadplash2307116203231113one-size,0,0,0,0,0
467,Foot cleaner with integrated pumice stone,http://www.ukcaredirect.co.uk/foot-cleaner-with-pumice-stone-stonewash-exfoliate-feet-without-bending-down.html,0,2,0,0,0
468,"Thealto Lavender Foot Peel Masks + Pumice Stone, Gently ...",http://www.bettymills.com/thealto-lavender-foot-peel-masks-pumice-stone-gently-exfoliates-and-leaves-skin-baby-soft-btn100001-jegbtn100001,0,0,0,0,0
469,Grill Block Pumice Stone Glass Grill Brick BBQ Grill Cleaner,http://cqbweiser.en.made-in-china.com/product/OdsfMjkEfhRn/China-Grill-Block-Pumice-Stone-Glass-Grill-Brick-BBQ-Grill-Cleaner.html,0,0,0,0,0
470,Jaipur Living Transcend TRD01 Glacier Pumice Stone & ...,http://stores.rugsabound.com/Jaipur-Living-Transcend-TRD01-Glacier-Pumice-Stone-Pussywillow-Gray-Area-Rug_p_166431.html,0,0,0,0,0
471,Pumice Stone Powder Manufacturer from Ludhiana,http://www.sahilchemicals.com/pumice-stones.html,0,0,0,0,0
472,Pumice Stone Dog Hair Removal | mailcpc.org,http://mailcpc.org/pieces-pet-hair-remover-for-cat-hair-removal-pumice-ll-22435193,0,0,0,0,0
473,Drainage Expert: Pumice Stone for Plants,http://www.2323designs.in/product/drainage-expert-pumice-stone-for-plants,0,0,0,0,0
474,"6 Pack Pumice Stone for Toilet Bowl Cleaning, Scouring ...",http://www.tiendamia.cr/p/amz/b088fgjgbv/paquete-de-6-piezas-de-piedra-pomez-para-limpiar-inodoros,0,0,0,0,0
475,1/3/5pcs Professional Pedicure Foot Pumice Stone ...,http://de.aliexpress.com/item/1005004383629848.html,0,0,0,0,0
476,pumice stone Meaning in Bengali,http://sobdartho.com/dictionary/pumice-stone,0,0,0,0,0
477,Exfoliating Pumice Stone with Rope,http://www.cosycottagesoap.co.uk/collections/winter-skincare/products/exfoliating-pumice-stone-with-rope,0,0,0,0,0
478,Lava Pumice Stone w/ string - The Source Zero Berthoud,http://thesourcezeronoco.com/products/lava-pumice-stone-w-string,0,0,0,0,0
479,"Volcanic Pumice Stone – Superfly Soap, 60% OFF",http://www.trsrealtors.com/?s=volcanic-pumice-stone-–-superfly-soap-nn-qJgjZGSL,0,0,0,0,0
480,Ducky Pumice Stone Bath Essentials - organicboutique,http://organicboutique.shop/product/ducky-pumice-stone-bath-essentials/,0,0,0,0,0
481,ZenToes Natural Lava Pumice Stone Pedicure Callus ...,http://www.grupomedicofamiliar.com/?s=zentoes-natural-lava-pumice-stone-pedicure-callus-remover-pack-ff-JZ5EeyUX,0,0,0,0,0
482,Sinhala Meaning of Pumice stone from English,http://www.lankadictionary.com/dictionary.php?from=en&q=Pumice stone&to=si,0,0,0,0,0
483,Kids Only Pumice Stone Echo Cargo Parachute Bukser ... - Lips,http://lips.dk/products/kids-only-pumice-stone-echo-cargo-parachute-bukser-noos-str-146-fra-kids-only,0,0,0,0,0
484,Clover Fields Foot Shaped Pumice Stone Skincare,http://www.nzsale.co.nz/product/Clover-Fields-Foot-Shaped-Pumice-Stone-Skincare/s/C8noqfTH106NOredSVTH-w?c=1203&sc=7,0,0,0,0,0
485,"pumice stone - definition, thesaurus and related words from ...",http://wordnet-online.com/pumice_stone.shtml,0,0,0,0,0
486,United States Imports from Singapore of Pumice Stone ...,http://tradingeconomics.com/united-states/imports/singapore/pumice-emery-natural-corundum-garnet,0,0,0,0,0
487,Heavy Oversize Zip Hoodie Pumice Stone Grau - Drophoodie,http://drophoodie.com/de/herren-dropsize-heavy-oversize-zip-hoodie-pumice-stone-grau/,0,0,0,0,0
488,Pumice Stone 3-8 mm(1 liter) Batu Apung Media Tanam ...,http://www.lazada.co.id/products/pumice-stone-3-8-mm1-liter-batu-apung-media-tanam-kaktus-sukulen-agave-sensivera-dll-i7519772230.html,0,0,0,0,0
489,Signature Select/Care Pumice Stone Softens Rough Skin,http://www.shaws.com/shop/product-details.960120853.html,0,0,0,0,0
490,Brush and pumice stone for feet one brush from EcoTools,http://freesiashop.com/en/%D9%81%D8%B1%D8%B4%D8%A7%D8%A9-%D9%88%D8%AD%D8%AC%D8%B1-%D8%A7%D9%84%D8%AE%D9%81%D8%A7%D9%81-%D9%84%D9%84%D8%A3%D9%82%D8%AF%D8%A7%D9%85-%D9%81%D8%B1%D8%B4%D8%A7%D8%A9-%D9%88%D8%A7%D8%AD%D8%AF%D8%A9-%D9%85%D9%86-%D8%A5%D9%83%D9%88%D8%AA%D9%88%D9%84%D8%B2/p178630345,0,0,0,0,0
491,Ounissouiy Pack of 6 Pumice Stone Sticks Cleaning Flush ...,http://www.walmart.com.mx/ip/productos-de-limpieza/ounissouiy-pack-of-6-pumice-stone-sticks-cleaning-flush-pad-washing-toilet-portable-bathtub-house-brush-accessories-ceramic-reusable-wall-suministros-de-limpieza-para-el-hogar-gris-ounissouiy-bfh000258-00/00919683465619,0,0,0,0,0
492,Clover Fields Foot Shaped Pumice Stone,http://www.megavitamins.com.au/products/buy-clover-fields-foot-shaped-pumice-stone-online,0,0,0,0,0
493,Diamond Pumice Stone with Rope,http://www.biglots.com/product/pumice-stone-with-rope/p120092887,0,0,0,0,0
494,"St. James Shaving Emporium, PUMICE STONE",http://www.stjamesshavingemporium.co.uk/products/pumice-stones,0,2,0,0,0
495,Pumice stone 9x6x5.5 cm,http://www.gemmarum.it/en/accessories/379-pumice-stone.html,0,0,0,0,0
496,Pumice Stone Toilet Cleaner (Set of 2) - PeekWise,http://peek-wise.com/products/pumice-stone-toilet-cleaner-set-of-2,0,0,0,0,0
497,"Buy Onyx Professional2 in 1 Pumice Stone, 100% Siliglass ...",http://www.desertcart.com.sa/products/443480971-onyx-professional2-in-1-pumice-stone-100-siliglass-callus-remover-for-feet-elbows-knees-dead-skin-heels-hands-foot-file-scrubber-exfoliator-removes-hard-rough-dry-skin-2-pack,0,0,0,0,0
498,Pumice Stone Scouring Stick. Each,http://www.johnsonjanitorialsupply.com/product-page/pumice-stone-scouring-stick,0,0,0,0,0
499,Food Lion CareOne Pumice Stone Same-Day Delivery or ...,http://pbis.instacart.com/products/19286747?retailerSlug=food-lion,0,0,0,0,0
500,Maryton Foot Pumice Stone for Feet Hard Skin Callus ...,http://www.shoppingbag.pk/amazon-maryton-foot-pumice-stone-for/O07E6WMEF1.html,0,0,0,0,0
501,"pumice-stone in Nederlands, vertaling, Engels",http://nl.glosbe.com/en/nl/pumice-stone,0,0,0,0,0
502,Amazon Shoppers Say This $9 Pumice Stone Cleans Hard ...,http://sg.news.yahoo.com/amazon-shoppers-9-pumice-stone-195553715.html,0,0,0,0,0
503,Bonsai Plant & Pumice Stone in Glass Jar,http://blendshome.com/-en/-AE/p/23DDT57346@bonsai-plant--pumice-stone-in-glass-jar,0,0,0,0,0
504,Pumice Stone Toilet Bowl Cleaner,http://trabyhand.com/products/pumice-stone-toilet-bowl-cleaner/,0,0,0,0,0
505,"PUMICE STONE, NATURAL LAVA STONE, REDECKER",http://www.thenickelrefillery.ca/product/pumice-stone-natural-lava-stone-/93,0,0,0,0,0
506,Exfoliating Pumice Stone for Dry Skin-By Red by Kiss,http://www.supremebeauty.com/products/exfoliating-pumice-stone-for-dry-skin-by-red-by-kiss,0,0,0,0,0
507,"""I put my mixture on the pumice stone in dots because I like ...",http://twitter.com/C_Butt0n/status/1419401700654260224,0,0,0,0,0
508,Swimming Pool Stain Remover Pumice Stone EZ-Clip ...,http://poolaqua.com/shop/maintenance-equipment/acid-wash/swimming-pool-stain-remover-pumice-stone-ez-clip-handle-11505-3-pack/,0,0,0,0,0
509,"1pc Pumice Stone Toilet Brush, Powerful Cleaning ...","http://eur.shein.com/1pc-Pumice-Stone-Toilet-Brush,-Powerful-Cleaning-Solution-For-Stains,-Hard-Water-And-Toilet-Bowl-Rings-p-24493536-cat-3976.html",0,0,0,0,0
510,Originals Fleece Hoodie Pumice Stone / Medium - Pat Top Shop,http://behappybbs.com/products/brooklyn-cloth-originals-fleece-hoodie-pumice-stone-medium-5377326545,0,0,0,0,0
511,Casey Relaxed Chino in Pumice Stone,http://eu.wrangler.com/se-en/shop/casey-relaxed-chino-W10N.html,0,0,0,0,0
512,Samsøe and Samsøe Taro NX shirt 10806 M Pumice Stone ...,http://www.skistar.com/sv/shop/herr/fjallmode/skjortor/taro-nx-shirt-10806-m-pumice-stone-st-423489/,0,0,0,0,0
513,PUMICE STONE — HÅND: natural and organic soaps,http://www.haand.dk/shop/pumice-stone,0,0,0,0,0
514,Block High Neck Pullover Strik - Pumice Stone,http://teeshoppen.com/en-cn/products/block-high-neck-pullover-strik-pumice-stone,0,0,0,0,0
515,BARFUSS Glass Pumice Stone for Pedicures,http://www.ohfeliz.co.uk/barfuss/glass-pumice-stone-for-pedicures,0,0,0,0,0
516,US Pumice Stone Stain Remover/Tile Cleaner Small ...,http://poolplaza.com/us-pumice-stone-stain-remover-tile-cleaner-small-pool-blok-pb-80.html,0,0,0,0,0
517,Morgan's Strong Garlic 2.5 Oz. Pumice Stone Mouse & Rat ...,http://www.frysfood.com/p/morgan-s-strong-garlic-2-5-oz-pumice-stone-mouse-rat-repellent-mrmrg/0086000895776,0,0,0,0,0
518,Product details PUMICE STONE POWDER 3/0 B,http://ecsa-chemicals.ch/en/product/mp-013524/,0,1,0,0,0
519,Polymer Clay Fortune Cookie | Textured with a pumice stone.,http://www.flickr.com/photos/craftygoat/2268012152,0,0,0,0,0
520,"Maryton Glass Pumice Stone for Feet, Callus Remover and ...",http://modandme.com/products/maryton-glass-pumice-stone-for-feet-callus-remover-and-foot-scrubber-pedicure-exfoliator-tool-pack-of-2,0,0,0,0,0
521,"Almine Pumice Stone White 14.5 cm - Paramaribo, Suriname",http://www.kirpalani.com/es/almine-pumice-stone-white-14-5-cm-d246516,0,0,0,0,0
522,English definition of Pumice Stone,http://englishfont.com/dict-meaning.php?id=122781,0,0,0,0,0
523,Manicare Feet Mouse Pumice Stone,http://www.dermaciapharmacy.co.uk/manicare-feet-mouse-pumice-stone,0,0,0,0,0
524,Organic Cotton Essential Logo T-Shirt in Pumice Stone Marl,http://www.superdry.com/mens/t-shirts/details/244887/organic-cotton-essential-logo-t-shirt-pumice-stone-marl,0,0,0,0,0
525,Only Sweater Bea Pumice Stone Fra Only - Stephans,http://stephans.dk/products/only-sweater-bea-pumice-stone-fra-only,0,0,0,0,0
526,In The Buff Dual-Textured Siliglass Pumice stone Barefoot ...,http://himdnsb.shop/product/in-the-buff-dual-textured-siliglass-pumice-stone-barefoot-scientist/,0,0,0,0,0
527,Natural volcanic lava pumice stone,http://www.springtohealth.com/products/natural-volcanic-lava-pumice-stone,0,0,0,0,0
528,Morgan's Peppermint-Cinnamon 2.5 Oz. Pumice Stone ...,http://www.jaycfoods.com/p/morgan-s-peppermint-cinnamon-2-5-oz-pumice-stone-mouse-rat-repellent-mrmrpc/0086000895777,0,0,0,0,0
529,How does callus removal work with a pumice stone?,http://www.helfe.com/en/blogs/magazin/wie-funktioniert-die-hornhautentfernung-mit-einem-bimsstein,0,0,0,0,0
530,White Pumice Stone Prices For Jean Washing Suppliers ...,http://www.top-marble-granite.com/landscaping-stone/pebble-stone/white-pumice-stone-prices-for-jean-washing.html,0,0,0,0,0
531,Round Shaped Pumice Stone Exfoliating Pedicure Tool ...,http://www.dubaistore.com/makeup-accessories/round-shaped-pumice-stone-exfoliating-pedicure-tool-white/8351864912,0,0,0,0,0
532,Kids ONLY Pumice Stone Echo Cargo Parachute Bukser ...,http://luksusbaby.dk/products/kids-only-pumice-stone-echo-cargo-parachute-bukser-noos,0,0,0,0,0
533,Soy Milk Pumice Stone for Exfoliation by COGIT,http://www.lamaison-ny.com/product/body-care-4/body-care-5/soy-milk-pumice-stone-for-exfoliation-by-cogit/,0,0,0,0,0
534,Pumice Valley Pure Pumice Stone Natural Earth Lava ...,http://poshmark.com/listing/Pumice-Valley-Pure-Pumice-Stone-Natural-Earth-Lava-Callus-Remover-Pedicure-Tool-6632312039a1f62d2d3b014f,0,0,0,0,0
535,"Pumice Stone Images – Browse 137,335 Stock Photos,, 47 ...",http://www.clinicarenovar.net.br/?g=pumice-stone-images-–-browse-137-335-stock-photos-aa-VyRKvNfl,0,0,0,0,0
536,(TDO56140)Tim Holtz distress oxide pumice stone,http://www.pergashop.com/de/distress-oxide-ink/19066-tdo56140tim-holtz-distress-oxide-pumice-stone-789541056140.html,0,0,0,0,0
537,Buy Pumice stone Buyer from India,"http://www.exporthub.com/rfq_detail.html?id=s:8:""biijjhdf"";",0,0,0,0,0
538,Lava Pumice Stone with Cotton Hanging Loop,http://thehippiefarmer.com/products/lava-pumice-stone-with-cotton-hanging-loop-by-mother-earth-me,0,0,0,0,0
539,Gilden Tree Pumice Stone for Feet Terra Cotta Foot Scrubber,http://www.orientalsuperfoods.com/?a=gilden-tree-pumice-stone-for-feet-terra-cotta-foot-yy-AbpZpytO,0,0,0,0,0
540,Pumice Stone: Best And Painless Method of Hair Removal,http://www.femaleadda.com/trends/Pumice-Stone-Best-And-Painless-Method-of-Hair-Removal/9978,0,1,0,0,0
541,Basicare Pumice Stone Foot Care Dead Skin Scrub Remover,http://www.lasoo.com.au/products/simply-for-me/695874/basicare-pumice-stone-foot-care-dead-skin-scrub-remover,0,2,0,0,0
542,Target Trim Pumice Stone Same-Day Delivery,http://dc.instacart.com/products/512071?retailerSlug=target,0,0,0,0,0
543,"Pumice Stone for Toilet Cleaning, ...",http://ibspot.com/products/pumice-stone-for-toilet-cleaning-pumice-stones-brush-with-handle-and-holder-2-pack-toilet-bowl-cleaner-stain-remover-toilet-wand-limescale-rust-scrubber-for-bathroom-kitchen-sinks-grill-porcelain,0,0,0,0,0
544,Nail Brush with Pumice Stone,http://saltandgrove.com/products/nail-brush-with-pumice-stone-spa-eco-wellness,0,0,0,0,0
545,Natural Volcanic Rock Pumice Stone - BeEco,http://www.beeco.com.au/products/natural-volcanic-rock-pumice-stone-1,0,2,0,0,0
546,Distress spray oxide : Pumice stone,http://www.horizon-creatif.fr/distress-spray-oxide-pumice-stone-f539905.html,0,0,0,0,0
547,PUMICE STONE 100x50x50 for resin tools - Febac Europe BV,http://www.webshop-febac.eu/RS1005050005003/en,0,0,0,0,0
548,Sorbet SBMICKEY Pullover Pumice Stone - Fransa,http://www.fransa.com/en-eu/pumice-stone-sbmickey-pullover-22100441-140002,0,0,0,0,0
549,"ZenToes Dry Heel Repair Kit Metal Foot File, Pumice Stone ...",http://www.marianos.com/p/zentoes-dry-heel-repair-kit-metal-foot-file-pumice-stone-callus-remover-moisturizing-socks/0085003423300,0,0,0,0,0
550,4 Pack Grill Block Eco-Friendly Cleaning Pumice Stone ...,http://www.manomano.co.uk/p/promotion-set-of-4-grill-block-pumice-stone-eco-friendly-cleaning-reusable-grilling-stone-pumice-cleaner-for-cleaning-barbecue-grills-griddles-oven-tilesaafgvc-45499789,0,0,0,0,0
551,Best pumice stone for feet,http://www.ktsm.com/reviews/br/beauty-personal-care-br/foot-care-br/best-pumice-stone-for-feet/,0,0,0,0,0
552,Earth Therapeutics Natural Sierra Pumice Stone,http://www.festfoods.com/shop/natural_and_organic/health_and_medicine/personal_care/body_care/earth_therapeutics_natural_sierra_pumice_stone_1_pumice_stone/p/2389310,0,0,0,0,0
553,Vallejo Paints 200ml Bottle Rough Grey Pumice Stone Effect,http://www.toysoldiersdepot.com/store.php/thedustyloft/pd8244270/vallejo-paints-200ml-bottle-rough-grey-pumice-stone-effect,0,0,0,0,0
554,Hot Plastic Bath Shoe Pumice Stone Foot Scrubber Shower ...,http://everestforeverco.com/products/hot-plastic-bath-shoe-pumice-stone-foot-scrubber-shower-brush-massager-slippers-for-feet-bathroom-products-foot-care-bluefhn6,0,0,0,0,0
555,Natural Earth Lava Pumice Stone For Foot Scrubber,http://www.ganistone.com/product/Natural-Earth-Lava-Pumice-Stone-For-Foot-Scrubber.html,0,0,0,0,0
556,Sona Collection 2 Pieces Natural Pumice Stone for Feet ...,http://navafresh.nz/products/sona-collection-2-pieces-natural-pumice-stone-for-feet-callus-natural-foot-file-scrubber-callus-remover-for-feet-and-hands-pedicure-tools-exfoliation-to-remove-dead-skin-for-spa-massage-heel-scrub,0,0,0,0,0
557,Pumice stone Fake Land Amazing facts #viralreels #reels ...,http://m.facebook.com/61552388933741/videos/pumice-stone-fake-land-amazing-facts-viralreels-reels-reelsfyp%E3%82%B7-beaches-pumicest/346386974783576/,0,0,0,0,0
558,HydroNESS Pumice Stone Water Filtration | Nanofiltration Plant,http://product.statnano.com/product/2046/hydroness-pumice-stone-water-filtration,0,1,0,0,0
559,Pumice Stone For Feet Dead Skin Removal 2 at Rs 50 ...,http://www.exportersindia.com/product-detail/creamy-pumice-stone-for-feet-dead-skin-removal-2-5486427913.htm,0,0,0,0,0
560,Shorts Musselin KogThyra Pumice Stone Fra Kids Only - Zavo,http://zavo.dk/products/shorts~musselin~kogthyra~pumice~stone~fra~kids~only,0,0,0,0,0
561,HAPPY END Foot and Heel Scrub with Natural Pumice Stone,http://www.natashacosmetics.co.uk/happy-end-foot-and-heel-scrub-with-natural-pumice-stone-125ml,0,0,0,0,0
562,PUMICE STONE FEET HANDS AND BODY CARE RUB,http://new.yaboow.com/en/product/2323/%D8%AD%D8%AC%D8%B1_%D8%A7%D9%84%D8%AE%D9%81%D8%A7%D9%81_%D9%84%D9%84%D8%A3%D9%8A%D8%AF%D9%8A_%D9%88%D8%A7%D9%84%D8%B9%D9%86%D8%A7%D9%8A%D8%A9_%D8%A8%D8%A7%D9%84%D8%AC%D8%B3%D9%85,0,0,0,0,0
563,"Pumice Stone Toilet Bowl Cleaner with Handle,Toilet ...",http://www.aqkason.com/Pumice-Stone-Toilet-Bowl-Cleaner-with-HandleToilet-Cleaning-Brush-for-Household-Cleaning-p5669336.html,0,0,0,0,0
564,Sorbet Bluse - SbGabina Top i Pumice Stone,http://lykkelykke.dk/products/sorbet-bluse-sbgabina-top-i-pumice-stone,0,0,0,0,0
565,Lava Pumice Stone with Cotton Hanging Loop,http://www.stellassoapco.com/product/me-mother-earth-lava-pumice-stone-with-cotton-hanging-loop/122,0,0,0,0,0
566,"LDPE, Pumice Stone Applicator Tube",http://apackaginggroup.com/products/tube-with-pumice-stone-applicator,0,0,0,0,0
567,What is special about a pumice stone? - Anything Geology,http://anythinggeology.quora.com/What-is-special-about-a-pumice-stone?top_ans=106855157,0,0,0,0,0
568,Omszte + Pumice Stone Toilet Bowl Cleaner,http://www.refinery29.com/en-us/shop/product/pumice-stone-toilet-bowl-cleaner-11364010,0,0,0,0,0
569,Denco Sow Good Pumice Stone - Sprouts Farmers Market,http://shop.sprouts.com/product/13697/denco-sow-good-pumice-stone,0,0,0,0,0
570,Beauty Essential Pumice Stone for Foot care 2-pc set 24/pack,http://hoteldepot.ca/beauty-essential-pumice-stone-for-foot-care-2-pc-set-24-pack.html,0,0,0,0,0
571,"Nylon brush, pumice stone and emery board 3 in 1 plastic ...",http://bqueenmarket.com/en/product/brush-nylon-pumice-stone-and-emeri-lime-3-in-1-plastic-modelite/,0,0,0,0,0
572,LEVI'S® XX Chino Taper Shorts - Pumice Stone,http://thekouls.gr/levisr-xx-chino-taper-shorts-plumish-stone.html,0,0,0,0,0
573,18th Century French Pumice Stone Planter,http://www.chairish.com/product/9591596/18th-century-french-pumice-stone-planter,0,0,0,0,0
574,LARGE Natural Volcanic Rock Planter Lava Pumice Stone ...,http://picclick.com/LARGE-Natural-Volcanic-Rock-Planter-Lava-Pumice-Stone-282808445359.html,0,0,0,0,0
575,XL Pumice Stone on a Rope – Bath Accessories Co.,http://spasister.com/products/xl-pumice-stone-on-a-rope,0,0,0,0,0
576,Ecotools brush and pumice stone for feet,http://sidalih.com/en/products/ecotools-foot-brush-pumice,0,0,0,0,0
577,Decorative Pumice Stone Egg Pot | Vases,http://serenespacesliving.com/products/serene-spaces-living-decorative-pumice-stone-egg-pot-unique-lava-rock-vase-measures-4-5-tall-and-5-diameter-set-of-2,0,0,0,0,0
578,Earth Therapeutics Essential Sierra Pumice Stone Foot ...,http://specialtyfoodsource.com/products/earth-therapeutics-essential-sierra-pumice-stone-foot-exfoliator,0,0,0,0,0
579,Free Pumice Stone For Stretch Marks Photos,http://www.pexels.com/search/pumice%20stone%20for%20stretch%20marks/,0,0,0,0,0
580,Elevate Your Style: Franky Chain - Pumice Stone,http://teeshoppen.dk/products/franky-chain-pumice-stone,0,0,0,0,0
581,Pumice stone is an example of - India Site,http://www.learnatnoon.com/s/in/pumice-stone-is-an-example-of/72525/,0,0,0,0,0
582,Stanley PoolTec Large Pumice Stone - Sunplay,http://sunplay.com/products/stanley-pooltec-large-pumice-stone-36-897,0,0,0,0,0
583,Pumice stone is floating on the water. ...,http://www.123rf.com/photo_92415664_pumice-stone-is-floating-on-the-water-pumice-has-an-average-porosity-of-90-and-initially-floats-on-w.html,0,0,0,0,0
584,Bamboo Foot Brush with Pumice Stone,http://thekindmattercompany.com/products/bkind-bamboo-foot-brush,0,0,0,0,0
585,Kids ONLY Pumice Stone Echo Parachute Jakke Str 140 Fra ...,http://modernize.dk/products/kids-only-pumice-stone-echo-parachute-jakke-str-140-fra-kids-only,0,0,0,0,0
586,Pumice Stone Carpet Tile (CTN11),http://nationalfloors.com.au/collections/all/products/pumice-stone-carpet-tile-ctn11?_fid=ac133b425&_pos=377&_ss=c,0,0,0,0,0
587,"PANTONE Smart 14-0002X Color Swatch Card, Pumice Stone",http://www.mas-ssf-sac.org/us41/pumice+color,0,0,0,0,0
588,Search results for pumice stone,http://www.atbbq.com/en-ca/pages/search-results?page=22&q=pumice stone,0,0,0,0,0
589,Kokubo Exfoliating Pumice Stone with Honey,http://www.oomomostore.com/products/pumices-polyurethane-with-honey-extract-exfoliating-8-3x6-5cm-237975,0,1,0,0,0
590,United States Pumice Company Pumice Stone Large 24/Cs ...,http://www.swimcsi.com/united-states-pumice-company-pumice-stone-large-24-cs.html,0,0,0,0,0
591,Dutch Decor FINN - velvet Pumice Stone 60x60 cm,http://stoak.be/product/dutch-decor-finn-velvet-pumice-stone-60x60-cm/,0,0,0,0,0
592,Pumice Stone West Java (Washed),http://inaexport.id/produk/agriculture/19638/pumice-stone-west-java-washed,0,0,0,0,0
593,"43 Pumice Stone Texture Stock Photos, High-Res Pictures ...",http://basatec.com/?s=43-pumice-stone-texture-stock-photos-high-res-pictures-ww-6jOKEqH2,0,0,0,0,0
594,Pumice Stone Foot Scrubber 100g,http://www.aloeveda.com/products/pumice-stone-foot-scrubber-100g,0,0,0,0,0
595,Bimsstein oval grau Kalliston Pumice Stone Small Round,http://makeupstore.de/product/818000/,0,0,0,0,0
596,Cleaning Your Pool with a Pumice Stone,http://www.pureandsimplepoolcare.com/blog/2024/cleaning-your-pool-with-a-pumice-stone.html,0,0,0,0,0
597,How to Use a Pumice Stone (and Where to Buy Your Own),http://www.purewow.com/beauty/how-to-use-a-pumice-stone,0,7,0,0,0
598,Best pumice stone for feet,http://www.wfla.com/reviews/br/beauty-personal-care-br/foot-care-br/best-pumice-stone-for-feet/,0,0,0,0,0
599,Pumice Stone Scrubber Benefits: Why Your Feet Will Love ...,http://efforest.com/en-gb/blogs/journal/pumice-stone-scrubber-benefits-why-your-feet-will-love-you,0,0,0,0,0
600,Shop Anderson Tuftex GRACIOUS Pumice Stone ...,http://carpetsbydirect.com/flooring/carpet/products/anderson-tuftex-gracious-pumice-stone-00143_zz325/,0,0,0,0,0
601,"Pumice Stone Pedicure Tool for feet, Foot Scrubber Dead Skin ...",http://ramussestore.com/product/pumice-stone-pedicure-tool-for-feet-foot-scrubber-dead-skin-or-callus-remover-for-men-and-women-3-pcs/,0,0,0,0,0
602,Coarse-grained pumice stone for hands and feet 1 pc,http://www.tecniwork.it/en/beauty-care/product/abrasive-pumice-stone-hands-feet-coarse-grit-1-pc,0,0,0,0,0
603,Pumice stone toilet bowl [tTE5v8] - LebGuide.com,http://www.lebguide.com/lebanon/hotels/redir.asp?link=https://xn--80aaah7dxag9f.xn--p1ai/7894123ij1yekptrue-heroru6fe80y,0,0,0,0,0
604,ALMINE PUMICE STONE FINE GRIT,http://timiteandsons.com/accessoires/5916-almine-pumice-stone-fine-grit.html,0,0,0,0,0
605,Clover Fields Foot Shaped Pumice Stone,http://www.cosmeticsnow.nz/iteminfo/clover-fields-foot-shaped-pumice-stone,0,0,0,0,0
606,Buy 4 In 1 Pedicure Pumice Stone,http://tudo.lk/product/4-in-1-pedicure-pumice-stone?ic=16958740835736518,0,0,0,0,0
607,"Pumice Stone, Piedra Pomez, Liparita Stock Image",http://riyadhclub.sa/Pomez-Liparita-Stock-Image-Image-of-aesthetics-surface-4255475.html,0,0,0,0,0
608,"2-Sided Foot Scrubber, Foot File, Terra Cotta Pumice Stone ...",http://inamkhanllc.com/product/2-sided-foot-scrubber-foot-file-terra-cotta-pumice-stone-premium-callus-remover-to-exfoliate-hard-dry-dead-skin-on-soles-heels-feet/,0,0,0,0,0
609,"Pumice Stone for Cleaning Toilet Bowl with Handle, Pumice ...",http://www.anhuisource.com/sale-14327926-pumice-stone-for-cleaning-toilet-bowl-with-handle-pumice-stick-pumice-scouring-pad-for-cleaning.html,0,0,0,0,0
610,Beroia Pierre Ponce Pumice Stone - Pemza | Makeup.cz,http://makeup.cz/product/721139/,0,0,0,0,0
611,Lava Pumice Stone with Cotton Hanging Loop,http://www.thecollectivedsm.com/products/me-mother-earth-lava-pumice-stone-with-cotton-hanging-loop,0,0,0,0,0
612,PUMICE STONE with handle Lime per piedi Beter,http://www.perfumesclub.it/it/beter/puice-stone-with-handle/p_116681515/,0,0,0,0,0
613,"Pumice Stone Powder, White or Grey Colour, Abrasive for ...",http://zychemical.en.made-in-china.com/product/HbOmXQEVgyRp/China-Pumice-Stone-Powder-White-or-Grey-Colour-Abrasive-for-Foot-Cleaning-or-Health-Care.html,0,0,0,0,0
614,China Pumice Stone Grill Brick and Grey BBQ Tool price,http://huayuecorp.en.made-in-china.com/product/wmZrehoOlQUC/China-Hot-Sell-Efficient-Cleaning-Tool-Easy-to-Handle-Foam-Glass-Pumice-Stone-Grey-Grill-Brick-for-Barbecue-Racks-Iron-Cookware.html,0,0,0,0,0
615,"4 In 1 Foot Pedicure Brush, Pumice Stone, Scrubber & File ...",http://midazzle.com/products/midazzle-4-in-1-foot-pedicure-brush-pumice-stone-scrubber-file-for-soft-care,0,0,0,0,0
616,Love Natural Pumice Stone For Feet 2Sided Terra Cotta ...,http://www.noon.com/saudi-en/love-natural-pumice-stone-for-feet-2sided-terra-cotta-foot-scrubber-professional-exfoliating-clay-stone-for-feet-hands-body-care-pumice-stone-for-feet-callus-remover-dead-skin/Z431ED247DCFE00E9EDB5Z/p/?o=z431ed247dcfe00e9edb5z-1,0,0,0,0,0
617,"Roots Bath Pumice Stone, Pf3, 1 Piece",http://www.wellnessforever.com/product/roots-bath-pumice-stone-pf3-1pc,0,0,0,0,0
618,Pull JACKIE Only PUMICE STONE ORANGE PINK,http://www.infinityfashion.be/pull-jackie-only-pumice-stone-orange-pink.html,0,0,0,0,0
619,Natural Lava Pumice Stone for Feet,http://bamboodu.com/product/natural-lava-pumice-stone-for-feet/,0,0,0,0,0
620,Pumic Stones for Feet Lava Pumice Stone Foot File Callus ...,http://www.kogan.com/au/buy/eterminal-pumic-stones-for-feet-lava-pumice-stone-foot-file-pumice-stone-for-callus-removal-scrubber-for-hands-care-foot-exfoliation-dead-skin-remover-colour-nameblack-b085637cgw/,0,0,0,0,0
621,"Natural Foot Pumice Stone for Feet, Borogo 2-Pack Lava ...",http://www.ubuy.com.pk/en/product/DQEY2ZM-natural-pumice-stone-for-feet-borogo-2-pack-lava-pedicure-tools-hard-skin-callus-remover-for-feet-an,0,0,0,0,0
622,Foam Cellular Glass Grill Brick Pumice Stone Cleaning ...,http://www.globalsources.com/product/grill-pumice-stone-cleaning-block-for-flat-top_1202188562f.htm,0,0,0,0,0
623,CYNLON Grainy Pumice Stone in Iridescent Colors ...,http://aislegopher.com/product/cynlon-grainy-pumice-stone-in-iridescent-colors-holographic-spotted-holes-bathroom-decor-bath-shower-curtain-66x72-inch/887982525185,0,0,0,0,0
624,Vinyl Tile Premium Excelon Stonetex Pumice Stone Glue ...,http://floorbox.us/products/vinyl-tile-premium-excelon-stonetex-pumice-stone-glue-down-12-x-12/91e7f6c6-dfc5-11ed-96bc-f6968cef729a,0,0,0,0,0
625,Eco Bath - Natural Pumice Stone (Smooth With Rope),http://thefrenchpharmacy.co/products/eco-bath-natural-grey-pumice-with-rope-single,0,0,0,0,0
626,Safety Data Sheet: Pumice stone,http://www.carlroth.com/medias/SDB-1HHY-MT-EN.pdf?context=bWFzdGVyfHNlY3VyaXR5RGF0YXNoZWV0c3wyMTE5MTd8YXBwbGljYXRpb24vcGRmfGFEWTFMMmhsWmk4NU1UUXhNRGs0T0RjeU9EWXlMMU5FUWw4eFNFaFpYMDFVWDBWT0xuQmtaZ3xmMmFhOGViZjVhYjJkYjkyZmM4MmVmMTc4NmFkYWFmZWEyMmMwNzhmMjQ0ZjA2MmQ0ZTA4MzhmOTQ4OGYzNjM3,0,0,0,0,0
627,A giant pumice stone floating in the Pacific could help heal ...,http://whnt.com/news/a-giant-pumice-stone-floating-in-the-pacific-could-help-heal-australias-great-barrier-reef/,0,0,0,0,0
628,ONLY Kayle-Joss Check Blazer In Pumice Stone,http://www.myer.com.au/p/only-kayle-joss-check-blazer-in-pumice-stone,0,0,0,0,0
629,8 Pack Pumice Stone with Handle for Toilet Bowl Cleaning,http://www.ubuy.com.jo/en/product/2LJ6I2I-pumice-stone-toilet-bowl-cleaner-toilet-cleaning-stone-for-bath-pool-tile-household-cleaning-8-pack,0,0,0,0,0
630,Equate Pumice Stone for Foot Exfoliation,http://www.ubuy.co.no/en/product/1QKV1L6W-equate-pumice-stone,0,0,0,0,0
631,Me.Mother Earth - Lava Pumice Stone with Cotton Hanging ...,http://www.ariasemporium.com/product/me-mother-earth-lava-pumice-stone-with-cotton-hanging-loop/609?cfa=gpl,0,0,0,0,0
632,KillyS For Men Pumice Stone pumeks kamienny,http://www.bodyland.pl/killys-for-men-pumice-stone-pumeks-kamienny-p51657.html,0,0,0,0,0
633,"BRAZA Fuzz Buster, Pumice Stone Sweater Restorer (2 pieces)",http://ganosales.tv/products/braza-fuzz-buster-pumice-stone-sweater-restorer-2-pieces,0,4,0,0,0
634,Ranger • Tim Holtz Distress oxide ink pad Pumice stone,http://www.scraphut.nl/de/ranger-tim-holtz-distress-oxide-ink-pad-113144041.html,0,0,0,0,0
635,"Pumice stone, technical, powder, 240 mesh",http://www.labchem.co.za/Fisher/5641-pumice-stone-technical-powder-240-mesh.html,0,0,0,0,0
636,Wooden Nail brush with Pumice stone,http://www.mamaandtochter.com.au/products/wooden-nail-brush-with-pumice-stone,0,0,0,0,0
637,List of Pumice Stone companies in Philippines,http://mobile.listofcompaniesin.com/philippines/pumice-stone/,0,0,0,0,0
638,3-piece hand care kit (with pumice stone),http://highpowered.ch/en/products/wod-welder-handpflege-kit-3teilig-bimsstein?pr_prod_strat=jac&pr_rec_id=f16cc4b84&pr_rec_pid=6635524817067&pr_ref_pid=6964683178155&pr_seq=uniform,0,0,0,0,0
639,"500 Pumice Stone Photos, Pictures And Background ...",http://pngtree.com/free-backgrounds-photos/pumice-stone-pictures,0,0,0,0,0
640,The Peg and the Pumice Stone: Being Good News in ...,http://www.goodreads.com/book/show/44565536-the-peg-and-the-pumice-stone,0,0,0,0,0
641,Foot Scrubber Natural Pumice Stone (2pcs) - Ecofrenli.com,http://ecofrenli.com/en-sg/products/foot-scrubber-natural-pumice-stone,0,0,0,0,0
642,89 Pumice stone is an example of,http://askfilo.com/user-question-answers-chemistry/89-pumice-stone-is-an-example-of-35323432303339,0,0,0,0,0
643,Vive Health Pumice Stone Foot Scrubber - Blue,http://helpmedicalsupplies.com/products/vive-health-pumice-stone-foot-scrubber-blue,0,0,0,0,0
644,Kids ONLY Pumice Stone Echo Parachute Jakke Str ... - Bola,http://bola.dk/products/kids-only-pumice-stone-echo-parachute-jakke-str-152-fra-kids-only,0,0,0,0,0
645,A giant pumice stone 'raft' floating in the Pacific could help ...,http://www.fox17online.com/2019/08/27/a-giant-pumice-stone-raft-floating-in-the-pacific-could-help-heal-australias-great-barrier-reef,0,0,0,0,0
646,Pumice Stone with Nail Brush,http://acavaye.co/products/pumice-stone-with-nail-brush,0,0,0,0,0
647,Decke Plaid STANLEY 150X200 cm pumice stone,http://www.anikoo.de/products/decke-plaid-stanley-150x200-cm-pumice-stone,0,0,0,0,0
648,"10pcs/Set Pumice Stone For Feet Scrubber, Dead Skin ...",http://us.shein.com/10pcs-Set-Pumice-Stone-For-Feet-Scrubber-Dead-Skin-Remover-Disposable-Foot-Pumice-Foot-Callus-Remover-Pedicure-Tools-Purple-Pumice-Sponge-p-35570257.html?mallCode=1&pageListType=2&src_identifier=fc=New In`sc=New In`tc=0`oc=0`ps=tab01navbar01`jc=itemPicking_017155063&src_module=topcat&src_tab_page_id=page_goods_detail1717113600320,0,0,0,0,0
649,Silicone Toilet Brush with Ventilated Holder Pumice Stone ...,http://www.1sale.com/products/silicone-toilet-brush-with-ventilated-holder-pumice-stone-toilet-bowl-cleaners-w-handle-3pcs-sets-extra-bathroom-water-scraper-deep-cleaning-removes-limescale-hard-water-stains-without-drilling-2/,0,0,0,0,0
650,1197 Pumice Stone by Benjamin Moore,http://shop.wallauer.com/products/1197-pumice-stone,0,0,0,0,0
651,Hydrea London Carved Pumice Stone with Rope,http://se.pinterest.com/pin/636766834834826055/,0,0,0,0,0
652,Hard Water Wand Pumice Stone Toilet Bowl Cleaner ...,http://kouranionline.com/product/hard-water-wand-pumice-stone-toilet-bowl-cleaner-toilet-wand-pumice-cleaning-stone-with-long-handle-hard-water-stain-remover-toilet-bowl-ring-remover/,0,0,0,0,0
653,Toilet Brush Natural Pumice Stone,http://www.geekstore.co.nz/Toilet-Brush-Natural-Pumice-Stone-276206,0,0,0,0,0
654,Shower Foot Scrubber Mat with Natural Pumice Stone ...,http://www.kanbkam.com/sa/en/shower-foot-scrubber-mat-with-natural-pumice-stone-oval-anti-slip-bathtub-mat-massager-with-suction-cups-drain-holes-nonslip-exfoliating-feet-scrub-massage-bath-tub-mat-32-x-16-inch-B09FDYB4F7,0,0,0,0,0
655,Only Lange Puffer Jas in Pumice Stone Beige Dames,http://kledingwinkel.nl/product/only-lange-puffer-jas-in-pumice-stone-beige-dames-31-1550884,0,0,0,0,0
656,Tochtstopper Finn 90x10 cm Pumice Stone,http://www.deurbeslag.nl/tochtstopper-finn-90x10-cm-pumice-stone.html,0,0,0,0,0
657,Toilet Brush Natural Pumice Stone,http://www.thewarehouse.co.nz/p/toilet-brush-natural-pumice-stone/M13745023.html,0,0,0,0,0
658,Natural Foot Scrubber Pumice Stone - Good Bloke Co.,http://www.goodblokebrand.com/shop/essentials/pumice-stone/,0,0,0,0,0
659,Mineraland Horticultural Pumice Stone for Plants,http://www.harwoodsgardensupplies.com.au/products/mineraland-horticultural-pumice-stone-for-plants,0,0,0,0,0
660,"Nexia Nexstone®, the first stone wash without Pumice Stone",http://textalks.com/nexia-nexstone-the-first-stone-wash-without-pumice-stone/,0,0,0,0,0
661,"Balenciaga Italian Black, Pumice Stone and Metallic Silver ...",http://www.moodfabrics.com/balenciaga-italian-black-pumice-stone-and-metallic-silver-floral-blended-wool-jacquard-429980,0,0,0,0,0
662,Eco Bath Natural Black Pumice Stone With Rope,http://kiwla.com/eco-bath-natural-black-pumice-stone-with-rope/,0,0,0,0,0
663,2pcs pumice stone toilet brush for cleaning hard ...,http://www.fruugoaustralia.com/2pcs-pumice-stone-toilet-brush-for-cleaning-hard-toilet-cleaning-pool-hob-tile-toilet/p-167488235-357512882?language=en,0,0,0,0,0
664,Natural Earth Lava Rock Pumice Stone,http://www.beadpark.com/p-2411907-natural-earth-lava-rock-pumice-stone-pedicure-exfoliation-tool-for-health-foot-care.html,0,0,0,0,0
665,Volcanic Stone Lava Rock Pumice Stone for Filter Material,http://usam.made-in-china.com/product/Volcanic-Stone-Lava-Rock-Pumice-Stone-for-Filter-Material-2041238572.html,0,0,0,0,0
666,Electric pumice stone file Flawlbss Peoi to remove,http://sikumi.lv/en/gifts-for-wife/electric-pumice-stone-file-flawlbss-peoi,0,0,0,0,0
667,Pumice Stone for feet and foot scrubber-Ideal exfoliating ...,http://myvillagecrafts.com/products/pumice-stone-for-feet-and-foot-scrubber-ideal-exfoliating-feet-scrub-dead-skin-removal-pummus-pumace-pumis-piedra-pomez-natural-lava-stones-callus-removal,0,0,0,0,0
668,PHOGARY Natural Pumice Stone for Feet - 2PCS Singapore,http://www.ubuy.com.sg/product/1UUYFJI-natural-pumice-stone-for-feet-2-pcs-phogary-lava-pedicure-tools-hard-skin-callus-remover-for-feet-and-hands-natural-foot-file-exfoliation-to-remove-de,0,0,0,0,0
669,1PC Natural Pumice Stone Pumice Stones Foot Stones ...,http://www.ebay.com.sg/itm/304228116527,0,0,0,0,0
670,Stockh lm Studio Gita Off Shoulder Blouse Pumice Stone,http://www.mq.se/stockh-lm-studio-gita-off-shoulder-blouse-pumice-stone/,0,0,0,0,0
671,Black Pumice Stone (volcano) with Cord 0.1gr.,http://aristonlab.com/shop/black-pumice-volcano-with-cord-0-1gr/?lang=en,0,0,0,0,0
672,Prodoh Original Angler Short in Pumice Stone,http://plantation59.com/collections/boys-clothing-accessories/products/prodoh-original-angler-short-in-pumice-stone,0,0,0,0,0
673,"One, Two or Four Pumice Stone Toilet Cleaner",http://www.groupon.co.uk/deals/natural-pumice-stone-toilet-cleaner,0,0,0,0,0
674,The pumice stone as a witness of living nature of Teide,http://www.teidebynight.com/pumice-stone-witness-living-nature-teide/,0,2,0,0,0
675,Morgan's Peppermint-Cinnamon 2.5 Oz. Pumice Stone ...,http://www.hammondhardware.com/p/morgans-peppermint-cinnamon-pumice-stone-mouse-rat-repellent-860008957771,0,0,0,0,0
676,Anderson Tuftex GRACIOUS Pumice Stone 00143_ZZ325,http://hocflooring.com/flooring-products/carpet/carpet-catalog/anderson-tuftex-gracious-pumice-stone-00143_zz325/,0,0,0,0,0
677,CALA PUMICE STONE (12 UNITS),http://www.fashionbella.com/clothing/CALA+PUMICE+STONE+(12+UNITS)%7C2201791_001,0,0,0,0,0
678,Pumice Stone Art Prints for Sale,http://fineartamerica.com/shop/prints/pumice+stone,0,0,0,0,0
679,Pumeks kamienny - KillyS For Men Pumice Stone,http://www.dolce.pl/killys/accessories/135206.php5,0,0,0,0,0
680,"LE LEGGING HOUPS DOUBLÉ SHERPA PUMICE STONE, ...",http://www.kadolog.com/fr/content/le-legging-houps-double-sherpa-pumice-stone-legging-mode-enfant-tape,0,0,0,0,0
681,4PCS Pumice Stone For Feet Callus Remover - Foot ...,http://au.shein.com/4PCS-Pumice-Stone-For-Feet-Callus-Remover-Foot-Pumice-Stone-For-Heavy-Callused-Feet-Hands-Dead-Skin-Natural-Pumice-Stones-For-Feet-Foot-Scrub-For-Pedicure-Cracked-Heels-p-28589635.html,0,0,0,0,0
682,Westport By Rug Republic Pumice Stone Pouf,http://homeportonline.com/products/westport-by-rug-republic-pumice-stone-pouf,0,0,0,0,0
683,Pumice Stone TSO67818 Tim Holtz (04-19),http://www.dehobbyhoek.nl/catalog/product/view/id/25133/s/ranger-distress-oxide-spray-pumice-stone-tso67818-tim-holtz-04-19/category/2/,0,0,0,0,0
684,Spa Lava Natural Pumice Stone,http://www.beautyprosupplies.com/products/spa-lava-natural-pumice-stone,0,0,0,0,0
685,Buy Botanics Pumice Stone and Brush online,http://sa.boots.com/en/buy-botanics-pumice-stone-and-brush.html,0,0,0,0,0
686,Anura Wool Sweater – Pumice Stone,http://sparklemonde.com/products/gestuz-anura-wool-sweater-pumice-stone-gyapjupulover,0,0,0,0,0
687,Trim Pumice Stone (6 Pieces),http://adoreachild.com/products/trim-pumice-stone,0,0,0,0,0
688,ONLMALFY LIFE CARGO SHORTS PNT (Pumice Stone),http://www.trendbereich.de/shorts-und-bermudas/onlmalfy-life-cargo-shorts-pnt-pumice-stone-15320142.html,0,0,0,0,0
689,"Pumice Stone for soft, smooth feet",http://dublinherbalists.ie/product/pumice-stone-for-soft-smooth-feet/,0,0,0,0,0
690,Shaw Brilliance Tile Pumice Stone,http://www.gohardwood.com/shaw-brilliance-tile-pumice-stone-24-x-24-builder-48-sq-ft-ctn.html,0,0,0,0,0
691,"Paris Presents Natural Pumice Stone Block With Rope, 1 Ea",http://www.myotcstore.com/store/p/8870-Paris-Presents-Natural-Pumice-Stone-Block-With-Rope-6-Ea,0,0,0,0,0
692,Pumice Stone Toilet Bowl Cleaner with Handle - 5 Pack for ...,http://artificialbloomshaven.shop/product/pumice-stone-toilet-bowl-cleaner-with-handle-5-pack-for-powerful-hard-water-calcium-removal-B0CRLCRY46,0,0,0,0,0
693,"LifeePro Foot Pumice Stone, 4 PCs Double Sided ...",http://www.onbuy.com/gb/p/lifeepro-foot-pumice-stone-4-pcs-double-sided-pumice-stone-for-feet-hard-skin-callus-remover-and-scrubber-hard-skin-callus-remover-pedicure-foot~p57579303/,0,0,0,0,0
694,"Lava Exfoliating Pumice Stone, 6-7 oz",http://kh.iherb.com/pr/beauty-by-earth-lava-exfoliating-pumice-stone-6-7-oz/112739,0,1,0,0,0
695,Poolmaster XL Swimming Pool and Spa Pumice Stone Pro Size,http://www.earsny.com/?q=poolmaster-xl-swimming-pool-and-spa-pumice-stone-pro-ww-jArpkpTG,0,0,0,0,0
696,Artificial Pumice Stone With Honey Extract#10237975,http://www.hktvmall.com/hktv/en/main/coni-beauty/s/H0128002/Personal-Care-%26-Health/Personal-Care-%26-Health/Personal-Care/Foot-Care/Foot-Patch-%26-Foot-Mask/Artificial-Pumice-Stone-With-Honey-Extract10237975/p/H0128002_S_4902186000545,0,0,0,0,0
697,Womens Natural Grey Pumice Stone,http://www.peacocks.co.uk/4404818-natural-plain.html,0,0,0,0,0
698,Westbay Pumice Stone for Pools,http://pegasus.lesliespool.com/westbay-pumice-stone-for-pools/20664.html,0,0,0,0,0
699,Buy Kroger Soften Pumice Stone,http://www.desertcart.ie/products/66044645,0,0,0,0,0
700,Pumice Stone Tokyo Linen Blend Skjorte Str 116 Fra Kids Only,http://www.barter.dk/bartershop/handel/pumice-stone-tokyo-linen-blend-skjorte-str-116-fra-kids-only,0,0,0,0,0
701,Bad Santa Pumice Stone Soap,http://latheredupsoapco.com/products/bad-santa-pumice-stone-soap,0,0,0,0,0
702,Signature Select/Care Pumice Stone Softens Rough Skin,http://www.kingsfoodmarkets.com/shop/product-details.960120853.html,0,0,0,0,0
703,Earth Therapeutics Natural Sierra Pumice Stone,http://www.organicbasicfood.com/earth-therapeutics-natural-sierra-pumice-stone-1-pumice-stone-hg0755942,0,0,0,0,0
704,ATOOTFUSION Natural Volcanic Stone Pumice Stone for Feet ...,http://navafresh.com/products/atootfusion-natural-volcanic-stone-pumice-stone-for-feet-callus-warts-corn-removal-pedicure-exfoliator-for-dry-dead-skin-heels-elbows-hands-healthy-foot-care-scrubber-pack-of-1-pumice-stone,0,0,0,0,0
705,Natural Lava Pumice Stone Set of 2,http://www.theenablenature.com/product/pumice-stones/,0,0,0,0,0
706,A Giant Pumice Stone 'Raft' Floating in the Pacific Could ...,http://fox40.com/news/a-giant-pumice-stone-raft-floating-in-the-pacific-could-help-heal-australias-great-barrier-reef/,0,0,0,0,0
707,NailIt™ Pumice Stone Nail File,http://bibtic.net/products/nail-file,0,0,0,0,0
708,Shop Online Lifetime Cooler 48 Quart Pumice Stone,http://www.emarinehub.com/en_uae/lifetime-cooler-48-quart-pumice-stone.html,0,0,0,0,0
709,Dwella Pumice Stone: Your Eco-Friendly Home Cleaning ...,http://www.tripadvisor.in/ShowTopic-g60763-i5-k14776429-Dwella_Pumice_Stone_Your_Eco_Friendly_Home_Cleaning_Hero-New_York_City_New_York.html,0,0,0,0,0
710,URGENT-Pumice stone: fun toy or sneaky killer?,http://gerbilforum.proboards.com/thread/18898/urgent-pumice-stone-sneaky-killer,0,0,0,0,0
711,Karndean Korlok Pumice Stone Hybrid Flooring,http://theflooringguys.com.au/product/karndean-korlok-pumice-stone-6-5mm-hybrid/,0,0,0,0,0
712,Pumice Stone Vector Images (94),http://www.vectorstock.com/royalty-free-vectors/pumice-stone-vectors,0,0,0,0,0
713,Foot Cleaner with Pumice Stone,http://www.coopersofstortford.co.uk/foot-cleaner-with-pumice-stone/,0,0,0,0,0
714,Griddle Block Pumice Stone 6in,http://www.lockhart.co.uk/Cleaning-and-Safety/Cleaning/Griddle-and-Grill-Cleaners/Griddle-Block-Pumice-Stone-6in~p~F3446,0,1,0,0,0
715,Sponge Made of Pumice Stone for Pedicure - Kunooz Al Khair,http://kunooz-int.com/en/shop/sponge-made-of-pumice-stone-for-pedicure/,0,0,0,0,0
716,Pumice Stone for Foot Callus Knees and Elbow (Rectangle ...,http://www.kindlife.in/pumice-stone-for-foot-callus-knees-and-elbow-rectangle-shape-200gm/?aff_id=82584,0,0,0,0,0
717,Pool deck repair and resurfacing with Pumice Stone Series ...,http://www.instagram.com/torontoconcreterepairs/p/CffNo33rsBK/?hl=ar&locale=ne_NP,0,0,0,0,0
718,Yaya Jersey Pumice Stone Sand Cami Top,http://www.biscuit.clothing/products/yaya-jersey-pumice-stone-sand-cami-top,0,0,0,0,0
719,"3825 SW Pumice Stone Ave, Redmond, OR 97756",http://www.trulia.com/home/3825-sw-pumice-stone-ave-redmond-or-97756-2061305736,0,0,0,0,0
720,Pumice stone and its use on garments washing | PPT,http://pt.slideshare.net/MdSirajulIslamSagor/pumice-stone-and-its-use-on-garments-washing,0,0,0,0,0
721,United States Pumice Company PB-24 Large Pumice Stone,http://www.poolwarehouse.com/shop/united-states-pumice-company-pb-24-large-pumice-stone/,0,0,0,0,0
722,Wholesale pumice stone for heels - BazarulOnline.ro Engros,http://bazarulonline.ro/pumice-stone-for-heels-with-a-brush-in-gross-clones/,0,0,0,0,0
723,DA (03622C) CREDO GLASS PUMICE STONE ...,http://probeautysuppliesandsuites.com/products/da-03622c-credo-glass-pumice-stone-15-pc-display,0,0,0,0,0
724,1PC Natural Pumice Stone Pumice Stones Foot Stones ...,http://www.ebay.com.my/itm/155403342090,0,0,0,0,0
725,Natural Pumice Stone Foot Scrubber Handmade Organic Clay ...,http://navafresh.hk/products/natural-pumice-stone-foot-scrubber-handmade-organic-clay-eco-friendly-dead-skin-remover-women-men-unisex,0,0,0,0,0
726,Foot Files Foot Scrubber Exfoliating Pumice Stone ...,http://m.emax.co.nz/9142.html,0,0,0,0,0
727,Beter Beter Natural Pumice Stone With Handle,http://www.mimovrste.com/sminke/beter-beter-natural-pumice-stone-100151938962,0,0,0,0,0
728,"Pumice stone; emery; natural corundum, natural garnet ...",http://trendeconomy.com/data/commodity_h2/2513,0,0,0,0,0
729,HIVE OF BEAUTY Hive Nail Brush/Pumice Stone,http://www.tradehairsupplies.co.uk/products/hive-nail-brush-pumice-stone,0,0,0,0,0
730,Buy Babila Star Pumice Stone Online at Best Price in India,http://www.tirabeauty.com/product/babila-star-pumice-stone-zpk_kqc-5tr,0,0,0,0,0
731,Tim Holtz Distress Ink Pad - Pumice Stone,http://www.themadscrapper.co.uk/products/tim-holtz-distress-ink-pad-pumice-stone,0,0,0,0,0
732,Pumice Stone for Feet – Natural Lava Foot Stone with New ...,http://skyymart.com/product/pumice-stone-for-feet-natural-lava-foot-stone-with-new-eco-friendly-holder-callus-warts-corn-removal-pedicure-exfoliator-for-dry-dead-skin-heels-elbows-hands/,0,0,0,0,0
733,Recycled glass pumice stone for women Avril - Sneakin,http://sneakin.shop/avr-138-recycled-glass-pumice-stone-for-women-avril-grey-one-size,0,0,0,0,0
734,Feel Natural Volcanic pumice stone,http://ecoliving.gr/en/product/volcanic-pumice-stone-for-exfoliation-of-calluses-and-hard-skin/,0,0,0,0,0
735,"Pumice Stone For Feet Dead Skin Removal Pedicure Tool, 44 ...",http://www.police.laatech.com/?a=pumice-stone-for-feet-dead-skin-removal-pedicure-tool-oo-oAWW4mHq,0,0,0,0,0
736,Shop Anderson Tuftex GRACIOUS Pumice Stone ...,http://hedgescarpetbarn.com/flooring/carpet/products/anderson-tuftex-gracious-pumice-stone-00143_zz325/,0,0,0,0,0
737,What makes a pumice stone foot scrubber superior to ...,http://vertaclean.com/what-makes-a-pumice-stone-foot-scrubber-superior-to-a-regular-foot-scrubber/,0,0,0,0,0
738,Foot Plate File Pumice Stone Foot Dead Skin Peeling Feet ...,http://www.ebay.de/itm/335351553921,0,0,0,0,0
739,We Tried Using A Pumice Stone To Clean Up Pet Hair. ...,http://www.housedigest.com/stories/we-tried-using-a-pumice-stone-to-clean-up-pet-hair-heres-how-it-went/,0,0,0,0,0
740,IOGENE X3-0 Electronic Callus Smoother File Pumice Stone ...,http://ottostore.com.au/products/iogene-x3-0-electronic-callus-smoother-file-pumice-stone-remove-dead-skin,0,0,0,0,0
741,Pumice Stone for Feet Callus Remover Vacuum Electric ...,http://ineed.ua/en/products/pemza-dlya-nog-callus-remover-vacuum-elektricheskaya-shlifovalnaya-pilka,0,0,0,0,0
742,How Do I Use a Pumice Stone?,http://www.superiorpodiatry.com/blogs/item/932-how-do-i-use-a-pumice-stone,0,0,0,0,0
743,Bare Essentials Pumice Stone On Rope Mp-10,http://healthplus.flipkart.com/bare-essentials-pumice-stone-on-rope-mp-10-indian-fine-beauty-care-pvt-ltd/p/hcmjad,0,0,0,0,0
744,Here Are Five Different Ways You Can Use Pumice Stone,http://www.herzindagi.com/society-culture/5-ways-you-can-use-pumice-stone-distressing-jeans-cleaning-oven-article-158124,0,0,0,0,0
745,House Doctor Meraki Pumice Stone in Black Finish,http://usbathstore.com/products/house-doctor-meraki-pumice-stone-black-309269010,0,0,0,0,0
746,"Pumie Toilet Bowl Ring Remover, TBR-6, Pumice Stone ...",http://www.getuscart.com/pumie-toilet-bowl-ring-remover-tbr-6-pumice-stone-with-handle-removes-unsightly-toilet-rings-and-stains-from-toilets-sinks-tubs-showers-safe-for-porcelain-pack-of-2,0,0,0,0,0
747,Natural Pumice Stone on Rope | The Highland Soap ...,http://www.highlandsoaps.com/products/natural-pumice-stone-with-rope,0,0,0,0,0
748,Daily Therapeutic Luxury Pumice Stone Soap (River-Rock),http://www.sunwellbeing.com.au/product/daily-therapeutic-luxury-pumice-soap/,0,0,0,0,0
749,"Lava Exfoliating Pumice Stone, 6-7 oz",http://ph.iherb.com/pr/beauty-by-earth-lava-exfoliating-pumice-stone-6-7-oz/112739,0,0,0,0,0
750,Relaxed MV Crew Neck Sweater in Pumice Stone,http://www.eastwoodave.com/relaxed-mv-crew-neck-sweater-in-pumice-stone.html?id=60612828,0,0,0,0,0
751,Natural Soap with Exfoliating Pumice Stone - Naturitas,http://www.naturitas.us/p/cosmetics-and-hygiene/body-care/shower-and-bath-products/natural-soap-with-exfoliating-pumice-stone-100-g-labnatur,0,0,0,0,0
752,"Pumice Stone for Toilet Cleaning, ...",http://www.ubuy.tn/fr/product/1CDGPRCO-battlehymn-pumice-cleaning-stone-with-handle-for-toilet-bowl-cleaner-remover-hard-water-ring-stain-p,0,0,0,0,0
753,Vallejo 598 Fine White Pumice Stone,http://www.super-hobby.com/products/598-Fine-White-Pumice-Stone.html,0,0,0,0,0
754,Wrangler Texas Stretch Pumice Stone W121Y6C13 (Non- ...,http://www.jeanwise.co.uk/store/Wrangler-Texas-Stretch-Pumice-Stone-W121Y6C13-Non-Denim-p447898756,0,0,0,0,0
755,Diamond Cosmetics Pumice Stone 1 ea,http://www.fairplayfoods.com/shop/pantry/health_personal_care/diamond_cosmetics_pumice_stone_1_ea/p/1564405684714749725,0,0,0,0,0
756,it Luggage Momentous Pumice Stone Vanity Hardshell ...,http://www.very.co.uk/it-luggage-momentous-pumice-stone-vanity-hardshell-suitcase/1600864497.prd,0,0,0,0,0
757,Credo Pedicure Pumice Stone Top 2 Sided Fine/Coarse ...,http://www.internationalbeautydepot.com/products/credo-pedicure-pumice-stone-top-2-sided-fine-coarse-diabetic,0,0,0,0,0
758,Strength Behavior of Pumice Stone Lightweight Concrete ...,http://www.ijrte.org/wp-content/uploads/papers/v8i3/C4142098319.pdf,0,0,0,0,0
759,Hand and Foot Brush with pumice stone to Remove Dead ...,http://amchamart.com/products/9352_pumic_stone_n_brush,0,0,0,0,0
760,"Pumice stone, worked in British Indian Ocean Territory",http://oec.world/en/profile/bilateral-product/pumice-stone-worked/reporter/iot,0,0,0,0,0
761,2pcs Pumice Stone Nail File Nail Stone Cuticle Remover ...,http://m.aliexpress.com/item/1005006789097188.html,0,0,0,0,0
762,"Levi's Patch Pocket Cargo Trousers, Pumice Stone",http://www.johnlewis.com/levis-patch-pocket-cargo-trousers/pumice-stone/p111283504,0,0,0,0,0
763,2 ps Pumice Stone long handle Toilet Cleaner Tool Stain ...,http://www.ubuy.co.am/en/product/7B1OZP6K2-2-ps-pumice-stone-toilet-cleaner-tool-stain-hard-water-ring-remover-for-toilet-pool-bathroom-sink-grey,0,0,0,0,0
764,Long Handle Pumice Stone Toilet Bowl Cleaner for Hard ...,http://www.ubuy.is/en/product/2PSTAGBQ-casaesupplies-pumice-stone-toilet-bowl-cleaner-with-long-handle-for-hard-water-stains-cleaning-works,0,0,0,0,0
765,Is pumice stone a word in the scrabble dictionary?,http://www.freescrabbledictionary.com/dictionary/word/pumice%20stone/,0,0,0,0,0
766,Pumice Stone 10x5x1.8cm w/ Chord in Display,http://pluus.se/product/2299719?gmsp=1,0,0,0,0,0
767,Vallejo 200ml Bottle Rough White Pumice Stone Ground ...,http://squadron.com/vallejo-200ml-bottle-rough-white-pumice-stone-ground-texture-diorama-effect/,0,0,0,0,0
768,Petite Nave Oversized Merino Sweater - Pumice Stone Gray,http://www.shopgap.com/en-pt/products/petite-nave-oversized-merino-sweater-pumice-stone-gray,0,0,0,0,0
769,"Pumice stone, BAKER, Laboratory Reagent, J.T.Baker",http://uk.vwr.com/store/product/4551916/pumice-stone-baker-laboratory-reagent-j-t-baker,0,0,0,0,0
770,Pumice Stone Tokyo Linen Blend Shorts Str ★ Kids Only ❯ ...,http://cosmage.dk/products/pumice-stone-tokyo-linen-blend-shorts-str-128-fra-kids-only,0,0,0,0,0
771,Popular Home Pumice Stone Tub Mat,http://www.fingerhut.com/product/NQ77A.uts,0,0,0,0,0
772,Pumice Stone supplier from Lombok Indonesia,http://pumices.en.ec21.com/Pumice_Stone_supplier_from_Lombok_Indonesia--518988_519050.html,0,1,0,0,0
773,2 Shower Foot Scrubber Cleaner w/ Pumice Stone Non ...,http://www.groupon.com/deals/gg-mp-2-shower-foot-scrubber-cleaner-w-pumice-stone-non-slip-suction-cup-for-bathroom,0,0,0,0,0
774,Buy Pumice stone online in UAE,http://ae.hm.com/en/buy-pumice-stone-grey.html,0,0,0,0,0
775,ALMINE PUMICE STONE MED GRIT #5361,http://glowandflowbeauty.com/products/almine-pumice-stone-med-grit-5361,0,0,0,0,0
776,Volcanic pumice stone COLOUR golden brown,http://www.reserved.com/ie/en/volcanic-pumice-stone-124ae-82x,0,0,0,0,0
777,Everyday Foot Pumice Stone (47424) Manikyr & Pedikyr,http://no.oriflame.com/products/product?code=47424,0,0,0,0,0
778,How to use a pumice stone for feet,http://www.notizie.it/en/how-to-use-a-pumice-stone-for-feet/,0,0,0,0,0
779,Pumice Stone for Cleaning Barbecue Grill,http://femofinds.com/products/bbq-grill-cleaning-brush-brick-block-barbecue-cleaning-stone-pumice-brick-for-barbecue-rack-outdoor-kitchen-bbq-tools-2024-new,0,0,0,0,0
780,"Accessories – Tagged ""pumice stone feet""",http://thewrinklyelephant.com/collections/accessories/pumice-stone-feet,0,0,0,0,0
781,"Pedicure Brush, Pumice Stone, Steel Scrapper, And Black ...",http://smytten.com/shop/product/nail-accessories/stylish-4-in-1-foot-scrubber-pedicure-brush-pumice-stone-steel-scrapper-and-black-emery-pd-02-n-/VEG0568AB6,0,0,0,0,0
782,"Pumie Toilet Bowl Ring Remover, TBR-6, Pumice Stone ...",http://ihrm.or.ke/pumie-toilet-bowl-ring-remover-tbr-6-pumice-stone-vv-33385063,0,0,0,0,0
783,Hug Rug Sense Pumice Stone Door Mat,http://www.hillier.co.uk/online-shop/homeware/doormats/hug-rug-sense-pumice-stone/,0,0,0,0,0
784,Plaid Billy 150x200 cm Pumice Stone,http://www.eemsarnhem.nl/product-page/plaid-billy-150x200-cm-pumice-stone,0,0,0,0,0
785,Bonito Pumice Stone Light – Yellow,http://www.bonitobeautyindia.com/product/bonito-pumice-stone-light-yellow/,0,0,0,0,0
786,Lasting Naturals Natural Pumice Stone For Feet - White,http://www.yeswellness.com/products/lasting-naturals-natural-pumice-stone-for-feet-white,0,0,0,0,0
787,Freequent ABY kjole (Pumice Stone W. Ombre Blue),http://belladonna-aalborg.dk/produkt/freequent-aby-kjole-pumice-stone-w-ombre-blue/,0,0,0,0,0
788,Pumice Stone On A Rope,http://www.soap-on-a-rope.com/index.php?order=DESC&path=79&product_id=914&route=product/product&sort=rating,0,0,0,0,0
789,Morgan's Peppermint-Cinnamon 2.5 Oz. Pumice Stone ...,http://www.bliffertlumber.com/shop/lawn-and-garden/insect-and-pest-control/pest-repellents/animal-repellent/414795-morgans-peppermint-cinnamon-25-oz-pumice-stone-mouse-and-rat-repellent?SKU=753780,0,0,0,0,0
790,Pumice Stone with 8” handle,http://fabulousfloorcs.com/products/Pumice-Stone-with-8-handle-p576898003,0,0,0,0,0
791,"Pumice stone, granular (approx. 1-5mm), Thermo Scientific ...",http://www.fishersci.se/shop/products/pumice-stone-granular-approx-1-5-mm-thermo-scientific-chemicals/10370134,0,0,0,0,0
792,Pumice Stone Suede Driving Loafers,http://www.prada.com/jp/en/p/suede-driving-loafers/1DD081_008_F0D32_F_005,0,0,0,0,0
793,WELL KEPT Lava Pumice Stone,http://thenativesco.com.au/product/well-kept-lava-pumice-stone/,0,0,0,0,0
794,Martha Stewart Pumice/Stone 9 ft. x 12 ft. Interior Non-Slip ...,http://www.homedepot.com/p/Safavieh-Martha-Stewart-Pumice-Stone-9-ft-x-12-ft-Rug-Pad-MSP111-9/204835505?MERCH=REC-_-Pip_Alternatives_Non_HDhome-_-300798562-_-204835505-_-N,0,0,0,0,0
795,BUFF and SHINE FG-STONE Pet Hair Removal Pumice Stone,http://autofxmart.com/products/buff-and-shine-fg-stone-pet-hair-removal-pumice-stone-buf-fg-stone-ea?currency=USD&variant=48880411869505,0,0,0,0,0
796,EXCEART 2pcs Foot File Scrubber Pumice Stone Lollipop ...,http://ninthavenue.ie/products/exceart-2pcs-foot-file-scrubber-pumice-stone-lollipop-shaped-with-handle-foot-care-scrubber-dead-skin-remover-mixed-color,0,0,0,0,0
797,Hoka Clifton L Suede Simply Taupe / Pumice Stone ...,http://www.sneakinpeace.com/products/hoka-clifton-l-suede-simply-taupe-pumice-stone-running-shoes,0,0,0,0,0
798,5Kg Ground Pumice Stone Granular Powder Tub Exfoliant ...,http://www.bargains-online.com.au/5kg-ground-pumice-stone-granular-powder-tub-exfoli,0,0,0,0,0
799,Japan Pumice Stone 'Hyuga' (Usagi),http://www.candy.com.sg/usagi-planting-media/2775-japan-pumice-stone-hyuga-usagi.html,0,0,0,0,0
800,Bamboo Foot Brush with Natural Pumice Stone,http://relaxusonline.com/products/bamboo-foot-brush-with-natural-pumice-stone,0,8,0,0,0
801,Neat Foot Pumice Stone Foot Scrub,http://pakurangapharmacy.co.nz/products/neat-foot-pumice-stone-foot-scrub,0,0,0,0,0
802,Non-Slip Grip Natural Pumice Stone BBQ \/ Flat Top ...,http://handyhousewares.com/products/grill-cleaning-block-non-slip-grip-natural-pumice-stone-bbq-flat-top-griddle-cleaner-brick-1,0,0,0,0,0
803,Pumice Stone for Feet • Foot Exfoliating • Zero Waste,http://www.kateandbelle.com/products/pumice-stone-pumice-stone-for-feet-foot-exfoliating-zero-waste-natural-spa-gift-pumice-stone-gift-pedicure-spa-gift,0,0,0,0,0
804,Vega Pumice Stone For Dead Skin Removal,http://www.craftsvilla.com/product/vega-pumice-stone-for-dead-skin-removal/1125168093,0,0,0,0,0
805,"Soap, Pumice Stone & Olive Wood Soap Dish Gift Box",http://www.emmassoap.co.uk/products/410-soap-pumice-stone-and-olive-wood-soap-dish-gift-box/,0,0,0,0,0
806,Black Pumice Stone (volcano) with Cord - SoapShop,http://soapshop.gr/shop/black-pumice-stone-volcano-with-cord,0,0,0,0,0
807,"Dr. Entre's Callus Remover Kit: Foot File, Gel, Pumice Stone",http://www.faire.com/en-ca/product/p_anvratsp36,0,0,0,0,0
808,Beauty Essentials Pumice Stone With Long Handle,http://www.beyondbeautiful.com/beauty-essentials-pumice-stone-with-long-handle-p4542,0,0,0,0,0
809,Stock royalty-free photos and images of Pumice stone,http://create.vista.com/photos/pumice-stone/,0,0,0,0,0
810,Tim Holtz Flip Top Distress Paint Pumice Stone Ranger ...,http://www.simonsaysstamp.com/products/tim-holtz-flip-top-distress-paint-pumice-stone-ranger-tdf53194,0,5,0,0,0
811,NEAT FEAT FOOT PUMICE STONE,http://www.lookfantastic.cz/neat-feat-foot-pumice-stone/10590058.html,0,0,0,0,0
812,Cait + Co CC LUXEPSB Pumice Stone Brush,http://piperlillies.com/products/cait-and-co-enterprises-cce-luxepsb-pumice-stone-brush,0,0,0,0,0
813,Clover Fields Foot Shaped Pumice Stone,http://australianorganicproducts.com.au/products/clover-fields-foot-shaped-pumice-stone,0,0,0,0,0
814,Floating Aquarium Rock Artificial Pumice Stone Fish Tank ...,http://trendyreptiles.com/product/floating-aquarium-rock-artificial-pumice-stone-fish-tank-decor/,0,0,0,0,0
815,Osma Tradition recycled glass pumice stone for foot care,http://www.barbieriuniti.com/osma-tradition-recycled-glass-pumice-stone-for-foot-care/,0,0,0,0,0
816,"PandaSpa 2 in 1 Glass Pumice Stone Sponge for Feet, Callus ...",http://hibonita.com/product/pandaspa-2-in-1-glass-pumice-stone-sponge-for-feet-callus-remover-pedicure-stone-foot-scrubber-1-piece/,0,0,0,0,0
817,Pumice Stone Vs Foot File - Pedi Reviews,http://www.pedireviews.co.uk/pumice-stone-vs-foot-file/,0,2,0,0,0
818,Pumice stone Callus Remover battery operated,http://globalfashion.md/en/10647-pemza-callus-remover-na-batarejkax,0,0,0,0,0
819,"Pedicure Brush and Pumice Stone, L 17.00in x W 15in x H 7.13",http://healthstorevip.com/products/homedics-bubble-bliss-elite-heated-foot-spa-bubble-foot-massager-w-pedicure-brush-and-pumice-stone-l-17-00in-x-w-15in-x-h-7-13-498278293,0,0,0,0,0
820,"Natural pumice stone from volcanic rock, Najel",http://ukrainashop.com/en_US/p/Natural-pumice-stone-from-volcanic-rock%2C-Najel/13474,0,0,0,0,0
821,"Ground Pumice Stone, Where can u GET????",http://www.wetcanvas.com/forums/topic/ground-pumice-stone-where-can-u-get/page/3/,0,0,0,0,0
822,"Natural Pumice Stone for Feet 2 PCS, PHOGARY Lava",http://www.galleon.ph/appliances-c863/tools-accessories-c1128/foot-pumices-c8403/natural-pumice-stone-for-feet-2-pcs-phogary-lava-p39179265,0,0,0,0,0
823,SWEATER PUMICE STONE FEMME MARIE,http://www.wijld.com/fr/femme/tops/sweatshirts-sweats-a-capuche/sweater-f-women-pumice-de.html,0,0,0,0,0
824,Brosse Pierre Ponce Bambou Pumice Stone,http://1861.ca/products/brosse-pierre-ponce-bambou,0,0,0,0,0
825,Pumice stone mining on the island of gyali | ID: 153766660,http://www.eyeem.com/p/153766660,0,0,0,0,0
826,Only Sweater Bea Pumice Stone Fra ONLY - Skyhigh,http://skyhigh.dk/products/only-sweater-bea-pumice-stone-fra-only,0,0,0,0,0
827,Vallejo Fine White Pumice Stone Effect (200ml),http://www.bnamodelworld.com.au/vallejo-av-26212-fine-white-pumice-stone-effect-200ml,0,0,0,0,0
828,New Amsterdam Surf Association Souvenir Tee pumice stone,http://www.helt.be/new-amsterdam-surf-association-souvenir-tee-pumice.html,0,0,0,0,0
829,Foot Scrub Pumice Stone Pumice Rock for Feet to Remove ...,http://www.othoba.com/foot-scrub-pumice-stone-pumice-rock-for-feet-to-remove-dry-dead-skin-255650,0,0,0,0,0
830,Pumice Stone Detail Isolated on White - Pimpsten,http://www.istockphoto.com/se/foto/pumice-stone-detail-isolated-on-white-gm119398150-14327072,0,0,0,0,0
831,"Pumice Stone Granules, Washed Ar 1 * 5 kg",http://slaughter.co.uk/index.php?product_id=151730&route=product/product,0,0,0,0,0
832,"Pumice Stone Mountain, Siskiyou County CA",http://www.mountainzone.com/mountains/california/siskiyou-ca/summits/pumice-stone-mountain/,0,0,0,0,0
833,"P Plus Fire Natural Pumice Stone for Feet, Pedicure Tools ...",http://www.meesho.com/p-plus-fire-natural-pumice-stone-for-feet-pedicure-tools-hard-skin-callus-remover-for-feet-and-hands-callus-remover-for-feet-heels-and-palm-dead-skin-remove-foot-scruber-exfoliating-scrub-stone-foot-stone-foot-file-exfoliation-to-remove-dead-skin-heels-elbows-hands-1-piece/p/69nth3,0,0,0,0,0
834,Pumice stone Callus Remover battery operated,http://globalfashion.am/en/10647-pemza-callus-remover-na-batarejkax,0,0,0,0,0
835,Pumice Stone Foot Scrubber tare da Handle don Dry Nigeria,http://www.u-buy.com.ng/ha/product/2YBY4TM-pumice-stone-foot-scrubber-pedicure-foot-file-with-handle-for-dry-dead-skin-callus-remover-for-feet-foot-scraper-exfoliating-brush-for-heels-elbows-ha,0,0,0,0,0
836,Design Of Artificial Pumice Stone,http://competition.adesignaward.com/design-encyclopedia.php?e=348299,0,0,0,0,0
837,"How to say ""pumice stone"" in Malayalam",http://www.wordhippo.com/what-is/the/malayalam-word-for-d33591a86446d4182372342e8c72da4f7d439329.html,0,0,0,0,0
838,Best pumice stone for feet | KFOR.com Oklahoma City,http://kfor.com/reviews/br/beauty-personal-care-br/foot-care-br/the-best-pumice-stone-for-feet/,0,0,0,0,0
839,Fresh Feet Foot Scrubber Deluxe with Pumice Stone,http://morningsave.com/deals/fresh-feet-foot-scrubber-deluxe-with-pumice-stone-1,0,0,0,0,0
840,Buy LEVI'S 514 Straight Fit Jeans 32x32 - Pumice Stone At ...,http://editorialist.com/p/levis-514-straight-fit-jeans-32x32-28146782/,0,0,0,0,0
841,Cline Apothecary Natural Pumice Stone & Brush,http://clineapothecary.com/shop-1/ols/products/natural-pumice-stone-brush,0,0,0,0,0
842,Cast iron tri-footed fire starter pot with lid and pumice stone ...,http://www.icollector.com/Cast-iron-tri-footed-fire-starter-pot-with-lid-and-pumice-stone-wand_i26560147,0,0,0,0,0
843,Benjamin Moore Color 1197 Pumice Stone,http://mycolorize.com/products/1197-pumice-stone,0,0,0,0,0
844,pumice stone engineering and rice husk ash light ...,http://www.academia.edu/44907397/PUMICE_STONE_ENGINEERING_AND_RICE_HUSK_ASH_LIGHT_AGGREGATE_MATERIAL_TO_INCREASE_THE_COMPRESSIVE_STRENGTH_OF_COMPOSITE_LIGHTWEIGHT_CONCRETE,0,1,0,0,0
845,Pumice Stone Tokyo Linen Blend Shorts Str 158 Fra Kids ONLY,http://decore.dk/products/pumice-stone-tokyo-linen-blend-shorts-str-158-fra-kids-only,0,0,0,0,0
846,Pumice Stone Tokyo Linen Blend Shorts Str 122 Fra Kids ONLY,http://quickshop.dk/products/pumice-stone-tokyo-linen-blend-shorts-str-122-fra-kids-only,0,0,0,0,0
847,Pumice Stone Nail File Quartz Cuticle Pen,http://quirogatrading.com/products/pumice-stone-nail-file-quartz-stone-scrub-pen-cuticle-remover-pusher-trimmer-dead-skin-remover-black-professional-nail-art-care-tool-cuticle-pushers,0,0,0,0,0
848,gem large pumice stone with rope | Cosmetics,http://www.distributors-marketplace.com/product/gem-large-pumice-stone-with-rope.html,0,0,0,0,0
849,"Product: 2513 Pumice stone; emery; natural corundum, ...",http://www.trademap.org/tradestat/index.aspx?lang=en&proceed=true&product=2513&tradetype=E,0,0,0,0,0
850,Low price hot sale foot pumice stone for wholesale,http://www.sellersuniononline.com/front/detail?id=10140257,0,0,0,0,0
851,5pcs Stone Nail File Nail Pumice Stone Stick Nail Cuticle ...,http://maestrapanadera.com/5pcs-Stone-Nail-File-Nail-Pumice-Stone-Stick-Nail-Cuticle-Pusher-1176644.html,0,0,0,0,0
852,Colour Sample Eggshell (Tinted) Pumice Stone 0.24L,http://www.brewers.co.uk/product/AV0187415R/Pumice+Stone,0,0,0,0,0
853,Fibre Reinforced Lightweight Concrete using Pumice Stone,http://www.ijert.org/research/fibre-reinforced-lightweight-concrete-using-pumice-stone-IJERTCONV3IS11005.pdf,0,0,0,0,0
854,"Dirty Cream drop earrings, pumice stone dangling jewellery",http://thesardinebox.com/product/dirty-cream-drop-earrings-pumice-stone-dangling-jewellery/,0,0,0,0,0
855,How To Clean A Pumice Stone - Lifestyle Lounge,http://lifestyle.iloveindia.com/lounge/pumice-stone-cleaning-12053.html,0,1,0,0,0
856,"pumice stone Johor Bahru (JB), Malaysia ...",http://www.bestagro.com.my/tag/tag_id/230519/pumice-stone,0,0,0,0,0
857,Spa Privé - Pumice Stone W/Nail Brush – soapandwaternewport,http://soapandwaternewport.com/products/spa-priv-pumice-stone-wnail-brush-0418,0,0,0,0,0
858,VERO MODA pumice stone blazer Holly 10297488,http://www.sakestore.nl/vero-moda-pumice-stone-blazer-holly-10297488.html,0,0,0,0,0
859,Pumice Stone Rates and HSN Codes Explained,http://getswipe.in/blog/article/pumice-stone-rates-and-hsn-codes-explained,0,0,0,0,0
860,Surgipack Pumice Stone Mouse Shaped 1 Pack,http://www.healthylife.com.au/products/surgipack-mouse-pumice-stone-1-stone,0,3,0,0,0
861,Buy VEGA Unisex Pumice Stone,http://www.shoppersstop.com/p-A21VEGA86340246_base/colorChange/A21VEGA86340246_NoColour,0,0,0,0,0
862,Koolaburra by UGG Brushed Back Sherpa Vest Pumice Stone,http://jender.io/products/koolaburra-by-ugg-brushed-back-sherpa-vest-pumice-stone?conditionId=5,0,0,0,0,0
863,"Dutch Decor Kissen ""Hailey"" Pumice Stone 45 x 45 cm",http://www.zeitstil-deko.de/dutch-decor-kissen-hailey-pumice-stone-45-x-45-cm,0,0,0,0,0
864,Professional cleaner reveals how a cheap pumice stone ...,http://ca.finance.yahoo.com/news/professional-cleaner-reveals-cheap-pumice-224224168.html,0,0,0,0,0
865,1pc Foot Pumice Stone For Heavy Callused Feet ...,http://za.shein.com/1pc-Foot-Pumice-Stone-For-Heavy-Callused-Feet-Hands-Dead-Skin-Natural-Pumice-Stones-For-Feet-Foot-Scrub-For-Pedicure-Cracked-Heels-p-27871805-cat-6451.html,0,0,0,0,0
866,"Robinsons Bath Scrub Pumice Stone | PICK.A.ROO""",http://pickaroo.com/robinsons/products/robinsons-supermarket-ermita/product-detail/44162/robinsons-bath-scrub-pumice-stone,0,0,0,0,0
867,Importikaah Pumice stone toilet cleaner (Set Of 1),http://importikaah.com/products/importikaah-pumice-stone-toilet-cleaner,0,0,0,0,0
868,"59 results for ""pumice stone"" in Pages",http://www.shoppersdrugmart.ca/en/searchresults?page=1&query=pumice stone&searchType=pages&sort=_score__desc__Pertinence,0,0,0,0,0
869,Pumice Stone W/Nail Brush,http://beautifuljourneyshop.com/products/pumice-stone-w-nail-brush,0,0,0,0,0
870,Pumice stone number 2400 oval – First Cosmetics,http://www.sourcebeauty.com/products/fc-pumice-stone-2400,0,0,0,0,0
871,Pumice Stone Toilet Brush Household Toilet Bowl Cleaner ...,http://vinsoncollections.com/products/QBJ34LN,0,0,0,0,0
872,Hand Salve and Cuticle Oil with Pumice Stone Nail Filer,http://www.healinglayers.com/shop/p/hand-cream-and-cuticle-oil-with-pumice-stone-nail-filer,0,0,0,0,0
873,Buy Foot Pumice Stone Online at Best Price in Pakistan,http://kiswa.pk/product/foot-pumice-stone/,0,0,0,0,0
874,Only Alma Bomber Jacket (15315820) pumice stone,http://www.idealo.de/preisvergleich/OffersOfProduct/203928665_-alma-bomber-jacket-15315820-pumice-stone-only.html,0,0,0,0,0
875,Pronounce Pumice Stone Like a Pro: Expert Tips in 30 Seconds,http://pronounce.tv/pumice-stone/,0,0,0,0,0
876,Shop Pumice stone for feet Today | Low priced Pumice stone for...,http://www.amazon.co.uk/pumice-stone-feet-Beauty/s?k=pumice stone for feet&rh=n:117332031,0,0,0,0,0
877,Hand Carved Pumice Stone By Zen Zen - sunny window,http://www.sunnywindow.com/product/hand-carved-pumice-stone,0,0,0,0,0
878,3 In1 Personal Care Tool Pumice Stone Grinding Foot ...,http://maxecho.en.made-in-china.com/product/BnxprVqlvDhR/China-3-In1-Personal-Care-Tool-Pumice-Stone-Grinding-Foot-Stone-Bath-Bombs-Flannel-SPA-Headband-Gift-Sets.html,0,0,0,0,0
879,Walgreens Beauty Pumice Stone Sponge - Postmates,http://postmates.com/product/b/631b8035-c8fe-5280-89d5-3b97baa69844,0,0,0,0,0
880,"KuuCare Pumice Stone for Feet, Natural Earth ... - Amazon.co.za",http://www.amazon.co.za/KuuCare-Pumice-Stone-Natural-Earth/dp/B01ERJ5FB8,0,0,0,0,0
881,Pet Hair Remover brush pumice stone,http://m.anhuisource.com/sale-12350792-pet-hair-remover-brush-pumice-stone.html,0,0,0,0,0
882,2 Pack Pumice Stone Toilet Bowl Clean Brush with Handle ...,http://www.catch.com.au/product/2-pack-pumice-stone-toilet-bowl-clean-brush-with-handle-remove-toilet-bowl-hard-water-rings-calcium-buildup-and-rust-suitable-for-cleaning-toilet-bathro-19863201/,0,0,0,0,0
883,"Pumice stone, 2.5 kg - Techmate Ltd",http://techmate.co.uk/product/pumice-stone-2-5-kg-2/,0,0,0,0,0
884,Manicare Pumice Stone 1 Pack,http://www.chemistworks.com.au/manicare-pumice-stone-1-pack,0,0,0,0,0
885,INTER-VION Pumice stone from 189 Kč,http://m.alza.cz/EN/inter-vion-pumice-stone-d6457134.htm,0,0,0,0,0
886,Foam glass foot stone/ pumice stone,http://www.tradekey.com/product_view/Foam-Glass-Foot-Stone-Pumice-Stone-7623739.html,0,0,0,0,0
887,"Pumice Stone – Exfoliator for Sore Feet, Cracked Heels, ...",http://www.earthglade.shop/product/pumice-stone-exfoliator-for-sore-feet-cracked-heels-hard-skin-callouses/194,0,0,0,0,0
888,pumice stone meaning in Oriya ଓଡ଼ିଆ #KHANDBAHALE,http://www.khandbahale.com/language/oriya-dictionary-translation-meaning-of-pumice%20stone,0,0,0,0,0
889,Ergonomic Toilet Cleaner with Pumice Stone - Removes ...,http://www.ubuy.com.gh/product/3V9N3VQ2I-2-pack-toilet-cleaner-hard-water-build-up-remover-with-ergonomic-handle-toilet-bowl-stain-ring-remover-pumice-stone-toilet-cleaner-tool-stain-hard,0,0,0,0,0
890,Fresh Feet- Foot Scrubber With Pumice Stone Cleans ...,http://www.ba6lob.com/en/product/fresh-feet-foot-scrubber-with-pumice-stone-cleans-smooths-massages-your-feet/,0,0,0,0,0
891,"Womens ONLTESSA KNT broek, Pumice Stone/Detail: W ...",http://www.stylight.nl/Product/Only/832c013e-106c-56e4-b98f-c6cc418b60ed/,0,0,0,0,0
892,Pumeks Beroia Pierre Ponce Pumice Stone - MakeUp.pl,http://makeup.pl/product/793678/,0,0,0,0,0
893,Claim Your Exclusive Offer! Powerstone Pumice Stone ...,http://testmarket.io/deals/amazon/toilet-cleaners/claim-your-exclusive-offer-powerstone-pumice-stone-toilet-bowl-cleaner-remove-hard-water-stains-with-ease-1-pack-now-only-1099/1061860,0,0,0,0,0
894,Ground Pumice Stone Granular Powder Tub Eco Exfoliant ...,http://orku.com.au/products/ground-pumice-stone-granular-tub-orku-all-sizes,0,0,0,0,0
895,6PCS/Set Pumice Stone For Toilet Bowl Cleaning ...,"http://ca.shein.com/6PCS/Set-Pumice-Stone-For-Toilet-Bowl-Cleaning,-Scouring-Stick,-Stain-Removal-Stick,-Cleaning-Stone-Stick,-To-Remove-Toilet-Bowl-Hard-Water-Rings,-Calcium-Buildup-And-Rust,-Suitable-For-Cleaning-Toilet,-Bathroom,-Kitchen-Sink,-Grills,-Cleaning-Supplies-p-34364082.html",0,0,0,0,0
896,Natural pumice stone with cord,http://iona-bjork.se/en/products/bimsstein,0,0,0,0,0
897,Loopeer 2 Pcs Pet Hair Remover Pumice Stone for Dog ...,http://www.barbabos.ubuy.com/product/BGBK13FLK-loopeer-2-pcs-pet-hair-remover-pumice-stone-for-dog-cat-hair-removal-cleaning-pet-hair-stone-6-inch-dog-fur-removal-tool-for-car-interior-bedding,0,0,0,0,0
898,Foot Nail Brush and Pumice Stone,http://athome.medline.com/en_med/foot-nail-brush-and-pumice-stone-umc200235,0,0,0,0,0
899,Small Block of Pumice Stone,http://www.backstagericcione.it/aesthetics/manicure-and-pedicure-accessories-and-products/corn-rasps-pumice-stones/pumice-stones/sibel-small-block-pumice-stone/,0,0,0,0,0
900,Urban Spa Pumice Stone Block,http://hygeiahealthmarket.com/products/urban-spa-pumice-stone-block,0,0,0,0,0
901,Black Lava Rock/Pumice Stone/Volcanic Stone/Basalt Stone,http://ed6cdba5ab44304d.en.made-in-china.com/product/znqUaNuoJLRb/China-Black-Lava-Rock-Pumice-Stone-Volcanic-Stone-Basalt-Stone.html,0,0,0,0,0
902,Lava Pumice Stone with Cotton Hanging Loop - NATURAWL,http://www.naturawl.biz/products/lava-pumice-stone-with-cotton-hanging-loop,0,12,0,0,0
903,"Poolmaster Large Pumice Stone, 36700",http://www.eztestpools.com/poolmaster-large-pumice-stone-36700/,0,0,0,0,0
904,A giant pumice stone 'raft' floating in the Pacific could help ...,http://www.fox61.com/article/news/local/outreach/awareness-months/a-giant-pumice-stone-raft-floating-in-the-pacific-could-help-heal-australias-great-barrier-reef/520-8a0d6768-a22d-48cf-a4ca-780b397684cc,0,2,0,0,0
905,China Customized OEM Pumice Stone Wholesale Factory,http://www.vqstone.com/product-tag/Pumice+Stone,0,0,0,0,0
906,Fleetwood Prestige Pantone Pumice Stone 140002,http://www.getlocal.ie/product/onuy8/fleetwood-prestige-pantone-pumice-stone-140002,0,0,0,0,0
907,"Philippines Pumice Stone Importers, Buyers and Distributors",http://importer.tradekey.com/philippines/pumice-stone.htm,0,0,0,0,0
908,Womens Tops | Dynamite Cable Knit Sweater Pumice Stone,http://www.calamarcine.com/outlet/womens-tops-dynamite-cable-knit-sweater-pumice-stone/,0,0,0,0,0
909,Glass Pumice Stone For Feet,http://boldproducts.us/product/glass-pumice-stone-for-feet/,0,0,0,0,0
910,Around the House: Using a Pumice Stone to clean a toilet!,http://www.lovebugsandpostcards.com/around-the-house-using-a-pumice-stone-to-clean-a-toilet/,0,0,0,0,0
911,Peggy Sage Pumice Stone Manicure And Pedicure pumeks ...,http://amerato.pl/18349-peggy-sage-pumice-stone-manicure-and-pedicure-pumeks-kamienny-bialyniebieski,0,0,0,0,0
912,LESIS Pumice Stone Foot Brush With handle 2 sided function,http://miezora.com/product/lesis-pumice-stone-foot-brush-with-handle-2-sided-function/,0,0,0,0,0
913,Order Similar Products for Natural Pumice Stone Pedicure ...,http://hey6e.com/similar-products/natural-pumice-stone-pedicure-bath-stone-majestique?pname= Natural Pumice Stone Pedicure Bath Stone,0,0,0,0,0
914,Traditional Pumice Stone for Feet and General Exfoliation,http://100000epices.com/products/pumice-stone-for-feet,0,0,0,0,0
915,1 Pack (White)Pumice Stone Toilet Bowl Clean Brush with ...,http://www.fruugo.dk/1-pakke-hvid-pimpsten-sten-toiletskal-ren-borste-med-handtag-fjern-toiletskal-harde-vandringe-calciumopbygning-og-rust-egnet-til-rengoring-til/p-161564826,0,0,0,0,0
916,café mimi Foot scrub with pumice stone 110ml / 3.71oz,http://cosmoll.org/en/foot-care/9616-cafe-mimi-foot-scrub-with-pumice-stone-110ml-4627090994130.html,0,0,0,0,0
917,"Panache Oval Pumice Stone - Colour May Vary, 1 pc",http://sparklingspices.us/product/panache-oval-pumice-stone-colour-may-vary-1-pc/,0,0,0,0,0
918,"AZEN 4 Pack Pumice Stone for Cleaning, Pumie Scouring ...",http://ezauction.com/auctions/azen-4-pack-pumice-stone-for-cleaning-pumie-scouring-stick-with-handle-pumice-stone-toilet-bowl-cleaner-pumice-stone-hard-water-stain-remover-for-toilet-bathroom-kitchen-sink-grill/,0,0,0,0,0
919,Pumice Stone 2 in 1 Massage Brush and Foot Exfoliator ...,http://redbeauty.com/product/pumice-stone-2-in-1-massage-brush-and-foot-exfoliator-scrubber/,0,0,0,0,0
920,Anthology Pumice Stone/Bronze Wallpaper,http://www.kentblaxill.co.uk/anthology-pumice-stone-bronze-wallpaper-dsaaq04285/,0,0,0,0,0
921,Exfoliating Kit Anti-Dead Skin Foot Tool Pumice Stone ...,http://www.lazada.com.my/products/exfoliating-kit-anti-dead-skin-foot-tool-pumice-stone-calluses-foot-rubbing-heel-peeling-foot-skin-japanese-foot-grinder-i3772007216.html,0,0,0,0,0
922,Neat Feat Foot Pumice Stone,http://www.netpharmacy.co.nz/products/neat-feat-foot-pumice-stone,0,0,0,0,0
923,Pumice Stone Body by Andree Jardin,http://oliverthom.com.au/products/pumice-stone-body,0,0,0,0,0
924,"Pumice Stone 2 Pcs, Natural Lave ...",http://www.amazon.ca/Pumice-Stone-Natural-Lave-Pumice-Stone-Small-Callus-Remover-Foot-Scrubber-Stone-Women/dp/B07SY7VTZQ,0,0,0,0,0
925,"Tim Holtz Distress® Oxide® Re-Inker Pumice Stone, 0.5oz",http://rangerink.com/products/new-tim-holtz-distress-oxide-re-inker-pumice-stone-0-5oz,0,0,0,0,0
926,NEW Bath & Body Works Unicorn Pumice Stone,http://thewarehouseliquidation.com/products/new-bath-body-works-unicorn-pumice-stone-3,0,0,0,0,0
927,Pumice stone for fabrics and woollens,http://empereur.fr/en/textile-care/1388-pumice-stone-for-fabrics-and-woollens-0018511400011.html,0,0,0,0,0
928,HYDREA LONDON NATURAL CARVED PUMICE STONE ...,http://m.bukalapak.com/products/1nr1l-jual-hydrea-london-natural-carved-pumice-stone-with-rope/related,0,0,0,0,0
929,Pumice stone Extra Fine 100 gr,http://www.candlemaking.gr/en/exfoliating-products/168-pumice-stone-extra-fine-100-gr.html,0,0,0,0,0
930,Shower Foot Scrubber with Pumice Stone - Home Ambition's,http://www.homeambitions.store/products/foot-scrubber-with-pumice-stone,0,0,0,0,0
931,Pool Pumice Stone – Large Size - Poolstore Shop,http://www.cheap-poolstore.com/pool-pumice-stone-large-size/,0,0,0,0,0
932,Redefined Rebel Hoodie in pumice stone günstig kaufen,http://www.limango.de/shop/redefined-rebel/hoodie-in-pumice-stone-5-4778673,0,0,0,0,0
933,unwanted hair....pumice stone really helps! | Page 3,http://indusladies.com/community/threads/unwanted-hair-pumice-stone-really-helps.35172/page-3,0,0,0,0,0
934,Tile and Grout Pumice Stone w/ Easy Clip Handle,http://www.winterpoolsupplies.com/product/tile-and-grout-pumice-stone-with-easy-clip-handle,0,0,0,0,0
935,pumice stone like dry brushing?,http://www.essentialdayspa.com/forum/viewthread.php?tid=37375,0,0,0,0,0
936,Buy Pumice stone in recycled glass 1 unit Avril - Naturitas.ca,http://www.naturitas.ca/p/cosmetics-and-hygiene/body-care/body-moisturizer/pumice-stone-in-recycled-glass-1-unit-avril,0,0,0,0,0
937,BO Paris Genuine Pumice Stone - Ansiktsrengöring,http://www.boozt.com/se/sv/bo-paris/genuine-pumice-stone_32499668,0,0,0,0,0
938,Plaid Josefien 140x180 cm Pumice Stone,http://www.budgethomestore.nl/plaid-josefien-140x180-cm-pumice-stone,0,0,0,0,0
939,Our Oval Pumice Stone Foot File is such a vibe,http://us.romwe.com/Oval-Pumice-Stone-Foot-File-p-2673163.html,0,0,0,0,0
940,Large flame bur in natural pumice stone,http://www.beautycoiffure.com/lang-en/beauty-selection/73366-large-flame-bur-in-natural-pumice-stone.html,0,0,0,0,0
941,Best pumice stone for feet | KLAS,http://www.8newsnow.com/reviews/br/health-wellness-br/massage-relaxation-br/the-best-pumice-stone-for-feet/,0,0,0,0,0
942,Sweet Home Collection Pumice Stone Exfoliating ...,http://www.doordash.com/products/sweet-home-collection-pumice-stone-exfoliating-bathroom-tub-shower-suction-backed-bath-mat/urpc_b0ce4f7e-24ba-467e-b78a-be5f53958da7,0,0,0,0,0
943,LB1047G Wholesale Green Lava Volcanic Pumice Stone ...,http://www.yoyajewelry.com/LB1047G-Wholesale-Green-Lava-Volcanic-Pumice-Stone-Starfish-Beads-9388?d=1.43,0,4,0,0,0
944,556 Pumice Stone Stock Photos and High-res Pictures,http://www.gettyimages.in/photos/pumice-stone,0,3,0,0,0
945,Akileïne Pumice Stone for Dry Skin,http://www.cocooncenter.co.uk/akileine-pumice-stone-for-dry-skin/577.html,0,0,0,0,0
946,Only Cardigan Women Pumice Stone - ONLY,http://www.santangelostore.it/en/product/only-only-cardigan-women-pumice-stone-15257604-pumice-stone,0,0,0,0,0
947,Eco Bath Natural Pumice Stone ( Smooth with Rope),http://ecobathwholesale.com/products/eco-bath-natural-pumice-stone-with-rope,0,1,0,0,0
948,How to Use a Pumice Stone for Hair Removal - Book Dr Online,http://www.bookdronline.com/pumice-stone-hair-removal/,0,0,0,0,0
949,NEAT FEAT FOOT PUMICE STONE - LOOKFANTASTIC,http://www.lookfantastic.pl/neat-feat-foot-pumice-stone/10590058.html,0,0,0,0,0
950,"Pedicure Kit, Foot Brush, with Scrubbing Pumice Stone Long ...",http://navafresh.sg/products/pedicure-kit-foot-brush-with-scrubbing-pumice-stone-long-handle-foot-massage-tool-for-the-elderly,0,0,0,0,0
951,ONLY Isabella Teddy WaistCoat Pumice Stone,http://www.hekmanfashion.nl/isabella-teddy-waistcoat-pumice-stone.html,0,0,0,0,0
952,Natural Earth Lava Exfoliating Pumice Stone on Rope,http://houseofsoilandsoul.com/products/natural-earth-lava-pumice,0,0,0,0,0
953,Pumice Stone Toilet Bowl Cleaner With Extra Handle ...,http://www.fruugobahrain.com/%25D9%2585%25D9%2586%25D8%25B8%25D9%2581-%25D9%2588%25D8%25B9%25D8%25A7%25D8%25A1-%25D8%25A7%25D9%2584%25D9%2585%25D8%25B1%25D8%25AD%25D8%25A7%25D8%25B6-%25D9%2585%25D9%2586-%25D8%25AD%25D8%25AC%25D8%25B1-%25D8%25A7%25D9%2584%25D8%25AE%25D9%2581%25D8%25A7%25D9%2581-%25D9%2585%25D8%25B9-%25D9%2585%25D9%2582%25D8%25A8%25D8%25B6-%25D8%25A7%25D9%2595%25D8%25B6%25D8%25A7%25D9%2581%25D9%258A-%25D8%258C-%25D9%2581%25D8%25B1%25D8%25B4%25D8%25A7%25D8%25A9-%25D9%2585%25D8%25B1%25D8%25AD%25D8%25A7%25D8%25B6-%25D8%25A7%25D9%2584%25D8%25AE%25D9%2581%25D8%25A7%25D9%2581-%25D9%258A%25D9%2586%25D8%25B8%25D9%2581-%25D8%25A7%25D9%2594%25D9%258A%25D8%25B6%25D8%25A7-%25D9%2585%25D8%25B4%25D8%25A7%25D9%2588%25D9%258A-%25D8%25A7%25D9%2584%25D8%25B4%25D9%2588%25D8%25A7%25D8%25A1-%25D9%2588%25D8%25A7%25D9%2584%25D8%25A8%25D9%2584%25D8%25A7%25D8%25B7-%25D9%2588%25D8%25AC%25D8%25B5-%25D8%25A7%25D9%2584%25D8%25A8%25D9%2584%25D8%25A7%25D8%25B7-%25D9%2588%25D8%25AD%25D9%2585%25D8%25A7%25D9%2585%25D8%25A7%25D8%25AA-%25D8%25A7%25D9%2584%25D8%25B3%25D8%25A8%25D8%25A7%25D8%25AD%25D8%25A9/p-110305886-232687928,0,0,0,0,0
954,Foot Pumice Stone and Scrubber 4-Pack for Callus and Dead ...,http://goldentreebeauty.shop/product/foot-pumice-stone-and-scrubber-4-pack-for-callus-and-dead-skin-purple-B0CCVNDLRG,0,0,0,0,0
955,180tk_Rice Bran Artificial Pumice Stone,http://bangladesh.shopselect.net/items/1997502,0,0,0,0,0
956,KIDS Rok – FRANCHES – pumice stone – lou. - shoplou,http://shoplou.be/KIDS-Rok-FRANCHES-pumice-stone-p633318572,0,0,0,0,0
957,Pumice Stone Pool Blok with Pole Clip,http://www.poolzoom.com/pumice-stone-pool-blok-with-pole-clip.html,0,0,0,0,0
958,The Somerset Toiletry Co. Natural Pumice Stone pedra ...,http://www.notino.pt/the-somerset-toiletry-co/natural-pumice-stone-pedra-pomes-para-pernas/,0,0,0,0,0
959,Can I use a body scrub after using a pumice stone for my body ...,http://skincarespace.quora.com/Can-I-use-a-body-scrub-after-using-a-pumice-stone-for-my-body-shower-routine?top_ans=1477743768186249,0,0,0,0,0
960,Buy Najel - Natural Pumice Stone in Bulk,http://www.asianbeautywholesale.com/en/najel-natural-pumice-stone-1-pc/info.html/pid.1123245052,0,0,0,0,0
961,Onyx Professional Double Sided Pumice Stone 100 ...,http://thereviewindex.com/us/p/Onyx_Professional_Double_Sided_Pumice_Stone_100_Siliglass_Callus_Remover_Exfoliates_Feet_Smooths_Ski/AZ-US_B005HGWIIE,0,0,0,0,0
962,Certificate of Analysis PUMICE STONE FACE EXFOLIANT,http://www.madarcorporation.com/spec-sheets/exfoliants/pumice-stone-superfine-for-face-exfoliant/Pumice%20Stone%20(Superfine%20for%20Face)%20-%204537810%20All%20docs.pdf,0,0,0,0,0
963,Enable Nature Natural Pumice Stone for Feet Set of 2,http://tradesala.com/enable-nature-natural-pumice-stone-for-feet-set-of-2-callus-remover-for-feet-and-hands-pedicure-exfoliation-tool-scrubber-for-foot-for-women-men-pack-of-2,0,0,0,0,0
964,Me.Mother Earth Lava Pumice Stone with Cotton Hanging ...,http://terrashepherd.com/products/me-mother-earth-lava-pumice-stone-with-cotton-hanging-loop,0,0,0,0,0
965,Fabric Sweater Washing Pumice Stone,http://tracy057412.en.made-in-china.com/product/iSjxHOsyMWYu/China-Fabric-Sweater-Washing-Pumice-Stone.html,0,0,0,0,0
966,Buy FURBEE Pumice Stone for Effective Dog Hair Removal,http://www.desertcart.co.zw/products/555375906-furbee-pumice-stone-for-effective-dog-hair-removal-perfect-pet-hair-remover-for-car-superior-dog-grooming-stripping-stone-pet-rock-designed-for-comfort-and-performance-2-pack,0,0,0,0,0
967,Hydrea London Natural Carved Pumice Stone with Rope,http://britishessentials.com/products/hydrea-london-natural-carved-pumice-stone-with-rope,0,0,0,0,0
968,Pumice Stone Bath And Body Works,http://yavu.de/pumice-stone-bath-and-body-works-y-35340252,0,0,0,0,0
969,Volcanic Pumice Stone for Exfoliating,http://petalandhive.com/products/volcanic-pumice-stone-for-exfoliating,0,0,0,0,0
970,Bamboo Pumice Stone Foot Brush - step sports,http://4443a3-a6.myshopify.com/products/bamboo-pumice-stone-foot-brush?currency=USD&variant=45001958785252,0,0,0,0,0
971,Neat Foot Pumice Stone Foot Scrub,http://uk.neatfeat.com/products/neat-foot-pumice-stone,0,0,0,0,0
972,Impresa - 2 Pack Pumice Stone Toilet Bowl Cleaner with Extra ...,http://lottosend.org/us14/pumice+stone+toilet+brush,0,0,0,0,0
973,Buy Vega Pumice Stone Pd 16 Online in Jordan,http://www.talabat.com/jordan/talabat-mart/product/vega-pumice-stone-pd-16/s/911719,0,0,0,0,0
974,Natural Pumice Stone - Foot Exfoliating Scrub (2 Pack),http://genhealthcare.co.uk/products/natural-exfoliating-foot-pumice-stone-remove-dead-hard-skin-callus-2-pk,0,0,0,0,0
975,3 x 1 in. Ceramic Pumice Stone with Cotton Cord | SUZPS31,http://www.discountmugs.com/product/suzps31-imprinted-3-inch-x-1-inch-ceramic-pumice-stone-with-cotton-cord/?color=white&print_method=full_color&quantity=100,0,0,0,0,0
976,Best pumice stone for feet,http://www.everythinglubbock.com/reviews/br/beauty-personal-care-br/foot-care-br/best-pumice-stone-for-feet/,0,0,0,0,0
977,Pumice Stone for Feet with Natural Bristle Nail Brush,http://www.highthymefarmacy.com/store/Pumice-Stone-for-Feet-with-Natural-Bristle-Nail-Brush-p583044286,0,0,0,0,0
978,[4 Pack] Pool Pumice Stone for Cleaning Tiles and Hard ...,http://ph.pinterest.com/pin/4-pack-pool-pumice-stone-for-cleaning-tiles-and-hard-water-stains-pool-stain-eraser-with-handle-for-easy-use-pumi-in-2024--1101059808905086717/,0,0,0,0,0
979,Ms. Pedicure Ms Pedicure Pumice Stone | Delivery Near You,http://www.ubereats.com/product/b/07735e65-3f01-5f89-8c3d-c6ff583a7b29,0,0,0,0,0
980,"6 Pack Purple Pumice Stone Set - Foot Scrubber, Callus ...",http://www.nepal.ubuy.com/en/product/2YBY4I0-2-in-1-pumice-stone-for-feet-6-pack-foot-scrubber-callus-remover-stone-scrubber-for-hard-skin-foot-pumice-dead-skin-remover-for-feet-heels-hands-and-b,0,0,0,0,0
981,Achieve Super Soft Feet with a Pumice Stone | Cosmotex,http://www.cosmotexegypt.com/about-pumice-stone1,0,0,0,0,0
982,Urban Spa - Pumice Stone Love that Lava,http://shop.choicesmarkets.com/product/urban-spa-pumice-stone-love-that-lava-id-00771590210208,0,0,0,0,0
983,Giant pumice stone floating in the Pacific could help heal ...,http://www.wqad.com/article/news/local/drone/8-in-the-air/a-giant-pumice-stone-raft-floating-in-the-pacific-could-help-heal-australias-great-barrier-reef/526-def1de17-4093-4333-a5a2-5c0098f5c63b,0,0,0,0,0
984,"Yellow Mini Pumice Stone for Feet 400 Pcs, Professional ...",http://toriandmika.com/products/yellow-mini-pumice-stone-for-feet-400-pcs-professional-pedicure-tools-foot-scrubber-salon-disposable-pumice-stone-bulk-pumice-stone-for-feet-corn-callus-remover,0,0,0,0,0
985,"Top Care Pumice Stone, 1 each",http://www.shoprite.com/product/top-care-pumice-stone-1-each-id-00036800339873/,0,0,0,0,0
986,SATURDAYS NYC Ennis Board Short in Pumice Stone,http://ws-cor.revolve.com/saturdays-nyc-ennis-board-short-in-pumice-stone/dp/SATU-MX26/,0,0,0,0,0
987,Anderson Tuftex GRACIOUS Pumice Stone 00143_ZZ325 ...,http://koppsdecorating.com/flooring/carpet/products/anderson-tuftex-gracious-pumice-stone-00143_zz325/,0,0,0,0,0
988,Pumice Stone granules technical grade,http://www.itwreagents.com/france/fr/product/pumice+stone+granules+technical+grade/211835,0,0,0,0,0
989,Paris-sized Pumice Stone Heading for Great Barrier Reef ...,http://www.newsweek.com/pumice-raft-volcano-source-1476499,0,3,0,0,0
990,Dollarama Pumice Stone Cleaning Delivery Near Me - Instacart,http://www.instacart.ca/store/dollarama/s?k=pumice stone cleaning&xrs_id=5076aa9d-22e6-4a69-a324-b07cbaa52bd0,0,0,0,0,0
991,pumice stone meaning in English,http://shabdkosh.com/dictionary/sanskrit-english/pumice%20stone/pumice%20stone-meaning-in-sanskrit,0,0,0,0,0
992,pumice stone where can i buy ? - Chiang Mai,http://aseannow.com/topic/775351-pumice-stone-where-can-i-buy/,0,1,0,0,0
993,Pumice Stone Powdered 2.5Kg,http://cenmed.com/pumice-stone-powdered-2-5kg/,0,0,0,0,0
994,【SHIP FROM SG 】100% Natural Pumice Stone Foot Thick ...,http://shopee.sg/%E3%80%90SHIP-FROM-SG-%E3%80%91100-Natural-Pumice-Stone-Foot-Thick-Scrubber-Foot-scrubs-from-OliLUCA-i.296638676.10666800462,0,0,0,0,0
995,"6pcs Foot Pumice Stone Set, Remove Dead Skin And ...",http://sg.shein.com/6pcs-Foot-Pumice-Stone-Set-Remove-Dead-Skin-And-Calluses-Foot-Scrub-Tool-Random-Color-Dispatch-p-29347320.html,0,0,0,0,0
996,Tim Holtz Distress Oxide Pumice Stone Available Stock ...,http://www.jadebunnystudio.com/products/distress-oxide-pumice-stone,0,0,0,0,0
997,Pure Body Pumice Stone Black,http://giantfood.com/groceries/health-beauty/foot-care/foot-file-pumice-stone/pure-body-pumice-stone-black-1-ea.html,0,0,0,0,0
998,Magic of a pumice stone - Eckler Cleaning Service,http://ecklercleaning.com/2023/05/09/pumice/,0,0,0,0,0
999,BBQ Grill Cleaning Brick Block - Pumice Stone for BBQ Rack,http://agtctrends.com/products/bbq-grill-cleaning-brick-block-pumice-stone-for-barbecue-rack,0,0,0,0,0
1000,Nano Handy Gadget Calluses Glass Tool Pumice Stone,http://dall-e-canvas.com/products/nano-handy-gadget-calluses-glass-tool-pumice-stone,0,0,0,0,0
1001,Clover Fields Foot Shaped Pumice Stone,http://www.cutpricepharmacy.com.au/products/clover-fields-foot-shaped-pumice-stone,0,0,0,0,0
1002,Pumice Stone of black volcanic lava,http://naturalspasupplies.co.uk/products/pumice-stone-of-black-volcanic-lava,0,0,0,0,0
1003,"Jianlet Electronic Pedicure Tool, electric pumice stone for feet",http://uaeshiphub.com/products/jianlet-electronic-pedicure-tool-electric-pumice-stone-for-feet,0,0,0,0,0
1004,Clensta Foot Scrubber for Dead Skin | Pumice stone for ...,http://www.purplle.com/product/clensta-foot-scrubber-for-dead-skin-pumice-stone-for-foot-scrub-pedicure-tools-for-feet-foot-filer-for-women-foot-scrub-heel-scrubber-for-dead-skin-pumice-stone-for-body-scrub,0,0,0,0,0
1005,Cape Cod Fireplace Fire Starter Pumice Stone Wick Wand ...,http://www.worthpoint.com/worthopedia/cape-cod-fireplace-fire-starter-412546780,0,0,0,0,0
1006,Doctor Greene's Pumice Stone,http://yourlocalpharmacy.ie/products/pumic-stone,0,0,0,0,0
1007,"Superfly Bonsai USA Pumice 1/4"" Natural Pumice Stone 12 ...",http://www.ebay.fr/itm/154231959302,0,0,0,0,0
1008,Pumice Stone Toilet Cleaning Brush - 1 or 2,http://www.gogroopie.com/deal/6xa45z3zxy/Pumice_Stone_Toilet_Cleaning_Brush___1_or_2,0,0,0,0,0
1009,CHARME D'ORIENT Natural Terracotta Pumice Stone,http://biggirlbeauty.com/products/charme-dorient-natural-terracotta-pumice-stone,0,0,0,0,0
1010,Application of Drifted Pumice Stone as a Sand-Capping ...,http://www.preprints.org/manuscript/202301.0530/v1,0,0,0,0,0
1011,Premium Photo | Natural pumice stone or of volcanic rocks ...,http://www.freepik.com/premium-photo/natural-pumice-stone-volcanic-rocks-hand-perissa-beach_11253176.htm,0,0,0,0,0
1012,"Slalba Hood Zip Sweater, Pumice Stone | WITHBLACK",http://meco7.com/products/slalba-hood-zip-sweater-pumice-stone-withblack,0,0,0,0,0
1013,"Pumice stone in Mabalacat, Central Luzon for sale",http://mabalacat.philippineslisted.com/garden-house/pumice-stone_6548796.html,0,0,0,0,0
1014,Cylindrical pumice stone bead – Qty: 26 pcs. – GE0339,http://feelinginspired.com.au/shop-beads-jewellery-supplies/cylindrical-pumice-stone-bead-qty-26-pcs-1674208344/,0,0,0,0,0
1015,Pumice Stone for Cleaning Pet Hair Portable Lint Remover ...,http://www.walmart.com/ip/Pumice-Stone-Cleaning-Pet-Hair-Portable-Lint-Remover-Manual-Clothes-Removal-Double-Sided-Fuzz-For-Remove-Dust-And-From-Carpet-Curtains-Blankets-Sofas/5784920675?selectedSellerId=101671053&wmlspartner=wlpa,0,0,0,0,0
1016,Hand and Foot Brush with pumice stone to Remove Dead ...,http://deodap.in/hi/products/hand-and-foot-brush-with-pumice-stone-to-remove-dead-skin-callus-stone-foot-scrubber-pedicure-brush-for-dead-skin,0,0,0,0,0
1017,Pumeks kamienny Parsa Beauty Lava Pumice Stone ...,http://rozetka.pl/419486580/p419486580/,0,0,0,0,0
1018,2 x 8oz Mint Callus & 6pk Pumice Stone,http://www.deenterprises.com/product/2-x-8oz-mint-callus-6pk-pumice-stone/,0,0,0,0,0
1019,YAYA Pumice Stone Jersey Cargo Trousers - Indian Summer,http://indian-summer-south-africa.myshopify.com/products/yaya-pumice-stone-jersey-cargo-trousers,0,7,0,0,0
1020,When to Replace a Pumice Stone,http://www.pinterest.jp/pin/469429961169876405/,0,0,0,0,0
1021,the great unknown: the pumice stone i just bought - Flannel,http://sethrubin.substack.com/p/the-great-unknown-the-pumice-stone,0,0,0,0,0
1022,Jade & Pearl Natural Volcanic Exfoliating Pumice Stone,http://www.coopmarket.com/products/jade-pearl-natural-volcanic-exfoliating-pumice-stone,0,0,0,0,0
1023,Dr Scholl Pumice stone 1 piece,http://pharmacywow.com/shop/cosmetics/cosmetics-body/cosmetics-body-feet/dr-scholl-pumice-stone-1-piece/,0,0,0,0,0
1024,Manicare (40200) Ergonomic Pumice Stone,http://www.chesterandjakes.com.au/mcare-mouse-pumice-40200/enquire?return=mcare-mouse-pumice-40200/,0,0,0,0,0
1025,GST Rate for HSN Code 25131000 : Pumice stone; emery,http://www.credlix.com/hsn-code/25131000,0,0,0,0,0
1026,It's So Light! Pumice Stone - The Tingle Factor Box,http://tinglefactor.typepad.com/thetinglefactorbox/2014/06/its-so-light-pumice-stone.html,0,0,0,0,0
1027,Pet Hair Removal Pumice Stone From Buff and Shine Free ...,http://www.e-zeewaxproducts.com/product-page/pet-hair-removal-pumice-stone-from-buff-and-shine-free-shipping,0,0,0,0,0
1028,Natural Lava Pumice Stone Pedicure Callus Remover,http://zentoes.com/collections/home-pedicure-and-spa-products/products/natural-lava-pumice-stone-pedicure-callus-remover-2-pack,0,0,0,0,0
1029,Volcanic Pumice Stone – Hudson Made New York,http://hudsonmadeny.com/products/volcanic-pumice-stone?srsltid=AfmBOopBdsVknidaNCJfe5hYT6h-xTypzYtrKyAEaLf1Zlt6sXzMePDR,0,0,0,0,0
1030,Poolmaster 36700 Pro Size Natural Pumice Stone ...,http://www.vegasbestpoolsupply.com/product/poolmaster-36700-pro-size-natural-pumice-stone-swimming-pool-and-spa-cleaner/115,0,0,0,0,0
1031,Lava Pumice Stone with Cotton Hanging Loop,http://www.phoeniciasoap.com/products/lava-pumice-stone-with-cotton-hanging-loop,0,0,0,0,0
1032,"Lifetime 28 Quart High Performance Cooler, Pumice Stone",http://www.samsclub.com/p/lifetime-28-quart-high-performance-cooler-pumice-stone/P990345693,0,0,0,0,0
1033,Sibel Pumice Stone Block Box of 24 assorted ...,http://www.salonsdirect.com/sibel-pumice-stone-block-box-of-24-assorted-colours,0,0,0,0,0
1034,Buy Wholesale PUMICE STONE Beauty sourcing,http://www.beautysourcing.com/product/pumice-stone-155817.html,0,0,0,0,0
1035,[2 Pack] Pumice Stone for Toilet Cleaning ...,http://www.21usdeal.com/2-pack-pumice-stone-for-toilet-cleaning-bowl-extra-long-handle-removing-ring-pool-bathroomtoilet-brush-tiles-bbq-grills-now-only/338235.html,0,0,0,0,0
1036,Tesco Beauty Skin Smoothing Pumice Stone,http://reallygoodculture.com/reviews/tesco/tesco-beauty-skin-smoothing-pumice-stone,0,0,0,0,0
1037,"Gloss Oval Pumice Stone Blue (Pack Of 40), 1 - Metro Market",http://www.metromarket.net/p/gloss-oval-pumice-stone-blue-pack-of-40-/0007160304297?fulfillment=PICKUP,0,0,0,0,0
1038,6 Pieces Pumice Stone Nail File Stone Sanding Nail ...,http://www.ibhejo.com/6-pieces-pumice-stone-nail-file-stone-sanding-nail-file-stone-cuticle-remover-stick-double-headed-polishing-pen-for-household-beauty-salon-fingernail-toenail-peeling-dead-skin-repairing-163777,0,0,0,0,0
1039,HS Code 2513 Pumice stone; emery,http://en.abrams.wiki/hscode/2513,0,0,0,0,0
1040,Using Natural Pumice Stone To Scrub Charred Food ...,http://www.tasteofhome.com/article/pumice-stone-uses/using-natural-pumice-stone-to-scrub-charred-food-deposits-and-rust-from-bbq-grill-metal-grid-safe-way-to-clean-grill-concept/,0,0,0,0,0
1041,KILLYS For Men Pumice Stone pumeks kamienny (P1),http://blueskypolska.pl/product-pol-69018-KILLYS-For-Men-Pumice-Stone-pumeks-kamienny-P1.html,0,0,0,0,0
1042,Mechanical Characteristics of Pumice Stone As Light ...,http://www.scribd.com/document/485484405/Mechanical-Characteristics-Of-Pumice-Stone-As-Light-Weight-Aggregate-In-Concrete,0,0,0,0,0
1043,"3747 SW Pumice Stone Ave, Redmond, OR 97756",http://www.realtor.com/realestateandhomes-detail/3747-SW-Pumice-Stone-Ave_Redmond_OR_97756_M22428-32821,0,0,0,0,0
1044,PB-24 PUMICE STONE LARGE 24/CS,http://www.poolsupplyunlimited.com/pool/pb-24-pumice-stone-large-24andcs/106358p1,0,0,0,0,0
1045,Diane Large Pumice Stone #D5001 Assorted Colors0,http://www.beautyplussalon.com/diane-large-pumice-stone-d5001-assorted-colors0,0,0,0,0,0
1046,Vega Pumice Stone For Dead Skin Removal,http://blinkit.com/prn/vega-pumice-stone-for-dead-skin-removal/prid/479697,0,0,0,0,0
1047,BH609 4in1 Multifunctional Foot Pedicure Pumice Stone ...,http://www.lazada.com.ph/products/bh609-4in1-multifunctional-foot-pedicure-pumice-stone-dead-skin-remover-brush-pedicure-grinding-tool-care-spa-scrub-foot-callus-remover-product-set-feet-scrub-foot-scrubber-for-bathroom-foot-skin-remover-softener-artifact-peeler-i3171892434.html,0,0,0,0,0
1048,Pumice stone ? Or sponge coral,http://www.thefossilforum.com/topic/116274-pumice-stone-or-sponge-coral/,0,0,0,0,0
1049,Talley Patch Logo Swim Short in Pumice Stone,http://app.revolve.com/mobile/saturdays-nyc-talley-patch-logo-swim-short-in-pumice-stone/dp/SATU-MX27/?d=Mens&itrownum=6&srcType=dp_recs_expanded,0,0,0,0,0
1050,Feet Scrubber Dead Skin Remover with Foot Pumice Stone ...,http://flip.shop/mars-wellness-bath-scrubber-and-foot-exfoliator-feet-scrubber-dead-skin-remover-with-foot-pumice-stone-os-blue,0,0,0,0,0
1051,Pumice Stone Exfoliant Powder (100% Natural) | AWO,http://www.awo.com.au/pumice-stone-exfoliant-powder/,0,2,0,0,0
1052,Pumice Stone and powder Manufacturer from Bengaluru,http://www.nmenterprises.in/pumice-stone-powder.html,0,0,0,0,0
1053,Sorbet Pumice Stone SBBINA Pullover,http://www.byoung.no/nb-no/pumice-stone-sbbina-pullover-22100446-140002,0,0,0,0,0
1054,2x Nail File Manicure File Nail Tool Nail Pumice Stone Cuticle ...,http://ozerpvcdz.com/2x-Nail-File-Manicure-File-Nail-Tool-Nail-Pumice-Stone-Cuticle-1243136.html,0,0,0,0,0
1055,Medintech with Diamond 10 Technology Pumice Stone,"http://retailflooringstores.com/netcatalog.asp?prefilter={""productSubtypes"":[""3""]}&product_id=d05016d18&product_subtype=3&product_type=1",0,0,0,0,0
1056,1 lb FINE GROUND PUMICE STONE Crushed 100% ...,http://thegourmetrose.net/1-lb-fine-ground-pumice-stone-crushed-100-natural-soap-making-additive-body-scrub-gardeners-mechanics-soaps-exfoliant-bulk-wholesale/,0,0,0,0,0
1057,"Pumice Stone Images – Browse 137277 Stock Photos,, 45 ...",http://www.paciskenya.com/?c=pumice-stone-images-–-browse-137-277-stock-photos-mm-Yjgonnhv,0,0,0,0,0
1058,ZenToes Natural Lava Pumice Stone Pedicure Callus ...,http://www.smithsfoodanddrug.com/p/zentoes-natural-lava-pumice-stone-pedicure-callus-remover-bar-exfoliate-rough-skin-2-count/0085000926141,0,0,0,0,0
1059,Ranger Distress ink pad Pumice stone,http://www.craftingbay.de/Ranger-Distress-ink-pad-Pumice-stone,0,0,0,0,0
1060,"How To Use a Pumice Stone For Soft, Smooth Feet: Guide",http://www.wellandgood.com/how-to-use-a-pumice-stone-guide/,0,7,0,0,0
1061,Trim Neat Feet Pumice Stone Nail Brush,http://matjarii.com/trim-neat-feet-pumice-stone-nail-brush.html,0,0,0,0,0
1062,Noni B Womens Size 14 Lara Jacket Metalic Pumice Stone ...,http://www.salvosstores.com.au/shop/p/noni-b-womens-size-14-lara-jacket-metalic-pumice-stone-lemonsorbet/866946?breadcrumbCategory=302,0,0,0,0,0
1063,Tampico Nail brush with pumice stone,http://littletreehuggersoap.com/products/tampico-nail-brush-with-pumice-stone,0,0,0,0,0
1064,Evideco Well-Being Large Rectangular Pumice Stone for ...,http://www.saco.sa/ar/%D8%A5%D9%8A%D9%81%D9%8A%D8%AF%D9%8A%D9%83%D9%88-%D8%AD%D8%AC%D8%B1-%D8%AE%D9%81%D8%A7%D9%81-%D9%83%D8%A8%D9%8A%D8%B1-%D9%85%D8%B3%D8%AA%D8%B7%D9%8A%D9%84-%D9%84%D9%84%D8%B9%D9%86%D8%A7%D9%8A%D8%A9-%D8%A8%D8%A7%D9%84%D9%82%D8%AF%D9%85-%D8%B1%D9%85%D8%A7%D8%AF%D9%8A-%D9%81%D8%A7%D8%AA%D8%AD-75513100/p/000000000000089791,0,0,0,0,0
1065,Ace Hardware Pumice Stone Outlet,http://www.maria-nantes.com/gratin-de-clementines/?m=mar271c84411-ace-hardware-pumice-stone,0,0,0,0,0
1066,Infinity Pumice Stone With Handle - Peak Pharmacy,http://www.peakpharmacy.ie/shop/toiletries/infinity-pumice-stone-with-handle/,0,0,0,0,0
1067,PUMICE STONE FEET WITH HANDLE FILAX 22798,http://www.ladetergenza.com/en-ww/feet-stone-pumice-con-handle-filax-22798.aspx,0,0,0,0,0
1068,Lava Pumice Stone / Bulk 10 Pack / Retail Box Not Included ...,http://www.brilliant-holeinswing.com/product/lava-pumice-stone-bulk-10-pack-retail-box-not-included-by-cuccio/,0,0,0,0,0
1069,Tim Holtz Distress Embossing Glaze Pumice Stone,http://nataliemay.com.au/products/tim-holtz-distress-embossing-glaze-pumice-stone,0,0,0,0,0
1070,"MAYKI Natural Lava Pumice Stone Duo for Feet, Hands & Body",http://www.buy-beauty.co.uk/products/pumice-stone-2pcs-natural-lava-pumice-stone-for-feet-hands-body-white-calluse-remover-foot-scrubber-stone-for-dead-hard-skin-foot-file-for-men-women-by-mayki,0,0,0,0,0
1071,"Heat, Bubble Jets, Massage Rollers, Pumice Stone Foot ...",http://www.desertcart.com.om/products/389419355-sharper-image-spahaven-foot-bath-heated-spa-with-massage-rollers-lcd-display-108-degree-heat-with-insulated-walls-pumice-stone-soothe-rejuvinate-tired-feet-aromatherapy-holiday-gift,0,0,0,0,0
1072,Clover Fields Foot Shaped Pumice Stone,http://freshbeautyco.com.au/products/cw387842-clover-fields-foot-shaped-pumice-stone,0,0,0,0,0
1073,Credo Glass Pumice Stone Single - Esthetics,http://www.jembeauty.com/esthetics/esthetics-tools-accessories/credo-glass-pumice-stone-single-p-13317.html,0,0,0,0,0
1074,French Pumice Stone Planter For Sale,http://www.1stdibs.com/furniture/building-garden/planters-jardinieres/french-pumice-stone-planter/id-f_34040042/,0,0,0,0,0
1075,Vero Moda Wild Lucky HR 7/8 Clr Skirt Pumice Stone,http://burkesshop.ie/vero-moda-wild-lucky-hr-78-clr-skirt--pumice-stone-226686-p.asp,0,0,0,0,0
1076,"Kai Ceramic Pumice Stone W/Brush HB-0307, 1 Count",http://www.apollopharmacy.in/otc/kai-ceramic-pumice-stone-w-brush-hb-0307,0,0,0,0,0
1077,36 pcs Nail File Pumice Stone Sticks Cuticle Pusher,http://www.pinterest.com/pin/36-pcs-nail-file-pumice-stone-sticks-cuticle-pusher-eraser-polish-dry-residue-skin-hangnail-nail-bed-cleaner-buffing-stone-for-home-salon-manicure-pedicure-to-in-2023--1058345981165764148/,0,0,0,0,0
1078,"Pumice Stone for Sale in Mandaluyong City, National Capital ...",http://mandaluyong-city.philippineslisted.com/garden-house/pumice-stone_855604.html,0,0,0,0,0
1079,"ONIVES 2-Sided Pumice Stone for Feet, Callus Remover ...",http://it.pinterest.com/pin/pumice-stone-for-feet-callus-remover-foot-exfoliator-natural-terracotta-pumus-foot-scrubber-for-cracked-heels--931611872895721558/,0,0,0,0,0
1080,"Large Pumice Stone — Arts, Crafts, Nature and Sensory ...",http://www.cleverbugs.com.au/shop/p/pumice-large,0,0,0,0,0
1081,KEEN Bali Sandal - Women's Pumice Stone/Baroque Rose ...,http://camelcamelcamel.com/KEEN-Bali-Sandal-Womens-Baroque/product/B0015CR0Y6,0,0,0,0,0
1082,pumice stone with nail brush,http://www.carabellaboutique.com/product/pumice-stone-with-nail-brush/231,0,0,0,0,0
1083,"""Pumice Stone Mountain (6962'/2122m) summit"" by William L",http://www.360cities.net/image/pumice,0,0,0,0,0
1084,Ranger Distress Ink Pumice Stone,http://www.paperpads.nl/ranger-distress-ink-pumice-stone.html,0,0,0,0,0
1085,Pumice Stone Toilet Bowl Cleaner - 2 Pack,http://wocciwatchbands.shop/product/pumice-stone-toilet-bowl-cleaner-2-pack-B0923QRZG8,0,0,0,0,0
1086,"KillyS,For Men Pumice Stone pumeks kamienny","http://www.empik.com/killys-for-men-pumice-stone-pumeks-kamienny-killys,p1433285466,perfumy-p",0,0,0,0,0
1087,H Halston Aloe Infused Gel Lined Socks & Pumice Stone,http://www.subscriptionboxes.ca/tag/h-halston-aloe-infused-gel-lined-socks-pumice-stone/,0,0,0,0,0
1088,White Color Feet Pumice Stone - Get Rid of Dry & Dead Skin ...,http://fixit.com.bd/product/white-color-feet-pumice-stone-get-rid-of-dry-dead-skin-foot-fixit-bd/,0,0,0,0,0
1089,Pumice Stone nail file pusher,http://amandabeauty.ca/products/pumice-stone-nail-file-pusher,0,0,0,0,0
1090,5 Pieces Pumice Stone Nail File Double-Headed ...,http://everymarket.com/products/5-pieces-pumice-stone-nail-file-double-headed-nail-polishing-pen-stick-cuticle-remover-trimmer-buffer-pedicure-pen-nail-art-care-tool-for-household-beauty-salon-peeling-dead-skin-repairing,0,0,0,0,0
1091,4 Pcs Pumice Stone Toilet Bowl Cleaner with Extra Long ...,http://studiotaupe.com/4-pcs-pumice-stone-toilet-bowl-cleaner-with-extra-long-handle-grill-sink-bathtub-QkBBXVxcR1lCSVYc,0,0,0,0,0
1092,French Pumice Stone Planter Pittet Architecturals,http://pittetarch.shop/product/french-pumice-stone-planter-pittet-architecturals-3/,0,0,0,0,0
1093,"1set, Pumice Stone Stick, 1 Handle + 3 ...",http://ar.shein.com/1set-Pumice-Stone-Stick-1-Handle-3-Pumice-Stone-Toilet-Bowl-Cleaning-Stick-Scouring-Stick-To-Remove-Limescale-Stain-Hard-Water-Rings-And-Calcium-Buildup-Iron-Rust-Remover-For-Toilet-Bathroom-Kitchen-Grills-Tile-Cleaning-Supplies-p-25693725-cat-3976.html,0,0,0,0,0
1094,Natural Sea Sponge Company Natural Pumice Stone,http://www.theenglishshavingcompany.com/en_gb/natural-sea-sponge-company-natural-pumice-stone.html,0,0,0,0,0
1095,Virgin Vie Foot Steps Stepping Pumice Stone RRP £1.99 ...,http://www.clearancexl.co.uk/5033430003964.html,0,0,0,0,0
1096,ONLY Kosandra - Waistan Teddy OTW Pumice Stone,http://www.amazon.fr/ONLY-Kosandra-Waistan-Pumice-enfant/dp/B0CHW2X9ZD,0,0,0,0,0
1097,Pumice Stone Toilet Bowl Cleaner - organized nest,http://www.organized-nest.com/products/pumice-stone-toilet-bowl-cleaner,0,0,0,0,0
1098,Armstrong - Premium Excelon Stonetex Pumice Stone,http://www.getfloorsonline.com/flooring/vinyl-resilient-flooring/armstrong/premium-excelon-stonetex-pumice-stone-12in-x-12in-45sqft-52147,0,0,0,0,0
1099,"Aoliandatong 2 Pcs Pumice Stone for Toilets,Pumice ... - Nerco",http://www.nerco.es/aoliandatong-2-pcs-pumice-stone-for-toiletspumice-stone-toilet-bowl-cleanerwith-extra-long-handle-pumice-stone-brush-for-toilet-cleaning-remove-B7504333,0,0,0,0,0
1100,Lava Rock / Volcanic Rock / Pumice Stone,http://www.jufuyuan-s.com/pumice/lava-rock-volcanic-rock-pumice-stone.html,0,16,0,0,0
1101,Tade Natural White Pumice Stone,http://puresourceonline.com/products/naturalpumicestone-white-1,0,0,0,0,0
1102,Pumice Stone Supplier in Pakistan and Mining Co,http://pumicestone.com.pk/pumice-stone/,0,0,0,0,0
1103,Dutch Decor Plaid Belle 130x180 cm - Pumice Stone,http://www.geelswoonwarenhuis.nl/nl/2951349/dutch-decor-plaid-belle-130x180-cm-pumice-stone/,0,0,0,0,0
1104,PANTONE14-0002 TPG Pumice Stone Replacement Page ...,http://www.designinfo.in/p/pantone14-0002-tpg-pumice-stone-replacement-page-fashion-home-interiors/,0,0,0,0,0
1105,"Pumice Stone, Technical, Powder, 240 Mesh, Fisher Chemical",http://www.thermofisher.in/chemicals/shop/products/pumice-stone-technical-powder-240-mesh/P776063,0,0,0,0,0
1106,Mua ĐÁ BỌT NÚI LỬA PUMICE STONE (1 kg),http://tiki.vn/da-bot-nu-i-lua-pumice-stone-1-kg-p147022729.html,0,0,0,0,0
1107,Impresa Products Impresa 2 Pack Pumice Stone Toilet ...,http://www.shopstyle.com/p/impresa-products-impresa-2-pack-pumice-stone-toilet-bowl-cleaner-with-extra-long-handle/1007319008,0,0,0,0,0
1108,Clover Fields Foot Shaped Pumice Stone,http://www.cosmeticsnow.hk/iteminfo/clover-fields-foot-shaped-pumice-stone,0,0,0,0,0
1109,Pumice Stone Feet Hard Skin Remover Foot Scrubber For ...,http://www.fruugo.es/pumice-stone-feet-hard-skin-remover-foot-scrubber-for-dead-skin-removal-foot-file-and-callus-remover-for-skin-exfoliation1pcs/p-140106063-295951870?language=en,0,0,0,0,0
1110,400g Ground Pumice Stone Granular Powder Eco Exfoliant ...,http://bargainavenue.com.au/products/400g-ground-pumice-stone-granular-powder-eco-exfoliant-body-scrub-soap-additive,0,0,0,0,0
1111,5Kg Ground Pumice Stone Granular Powder Eco Exfoliant ...,http://zntswholesale.com.au/products/5kg-ground-pumice-stone-granular-powder-eco-exfoliant-body-scrub-soap-additive-v238-supdz-39641656885328,0,0,0,0,0
1112,[MPLUS] FRESH DEW Pumice Stone PU-01,http://www.mplus.my/ume/mplus-fresh-dew-pumice-stone-pu-01?limit=100,0,0,0,0,0
1113,Nigerian Wild Harvested Pumice Stone,http://www.tandshop.com/products/wild-harvested-pumice-stone,0,0,0,0,0
1114,Baby foot vs Pumice stone | BabyFoot Peel Houston,http://www.amerejuve.com/medspa/baby-foot-vs-pumice-stone/,0,0,0,0,0
1115,Earth Therapeutics Essential Sierra Pumice Stone Foot ...,http://pasteurpharmacy.com/products/earth-therapeutics-essential-sierra-pumice-stone-foot-exfoliator,0,0,0,0,0
1116,PUMICE STONE in Simplified Chinese - Cambridge Dictionary,http://dictionary.cambridge.org/dictionary/english-chinese-simplified/pumice-stone,0,0,0,0,0
1117,Nail Brush with Pumice Stone - Rustic Rituals,http://rusticrituals.co.in/products/copy-of-double-sided-foot-filer,0,0,0,0,0
1118,Wooden Nail Brush with pumice stone,http://www.soapmystic.com/en/shop/bathroom-accessories/brushes-sponges/103/wooden-nail-brush-with-pumice-stone,0,0,0,0,0
1119,Harnessing the Power of Pumice Stone: DIY Hair and Skin ...,http://urbanwhip.com/blogs/news/harnessing-the-power-of-pumice-stone-diy-hair-and-skin-care-recipes,0,0,0,0,0
1120,"Limonata shirt Second Female, pumice stone - Nyheder",http://bruun-bruun.dk/shop/81-nye-varer/197503-limonata-shirt-second-female-pumice-stone/,0,0,0,0,0
1121,English to Nepali Meaning of pumice stone,http://www.english-nepali.com/english-to-nepali-meaning-pumice-stone,0,0,0,0,0
1122,Stripping Pumice Stone by Artero,http://store.caninecloudnine.com/products/artero-stripping-pumice-stone,0,0,0,0,0
1123,Erlinda ProPed Ceramic Pumice Stone - Pietra pomice in ...,http://makeup.it/product/828547/,0,0,0,0,0
1124,Life LB NATURAL PUMICE STONE - 1 ea,http://www.maxi.ca/lb-natural-pumice-stone/p/21224597_EA,0,0,0,0,0
1125,Pumice stone is floating on the water. ...,http://stock.adobe.com/images/pumice-stone-is-floating-on-the-water-pumice-has-an-average-porosity-of-90-and-initially-floats-on-water-pumice-varies-in-density-according-to-the-thickness-of-solid-material-between-the-bubbles/250677711,0,0,0,0,0
1126,Redecker Volcanic Pumice Stone: Official Stockist - Saison,http://www.saison.com.au/products/redecker-volcanic-pumice-stone,0,0,0,0,0
1127,"Maryton Natural Pumice Stone: $7, 'Gets All the Dead Skin ...",http://www.sheknows.com/living/articles/3001393/maryton-natural-pumice-stone/,0,3,0,0,0
1128,With Love Bow Olive Oil Soap & Pumice Stone Gift Set ...,http://unitybrandsgroup.com/with-love-bow-olive-oil-soap-pumice-stone-gift-set-assorted-all-natural-assorted-aroma-fragrances-made-in-ancient-crete-greece-2-soaps-3-53-oz-each/,0,0,0,0,0
1129,12 Pcs Natural Foot Pumice Stone for Exfoliating and Kenya,http://www.ubuy.ke/en/product/1RIEFRVC-natural-foot-pumice-stone-12-pcs-natural-pumice-lava-stone-pedicure-tool-household-cleaning-exfoliat,0,0,0,0,0
1130,Pure Body Pumice Stone Gray,http://stopandshop.com/groceries/health-beauty/foot-care/foot-file-pumice-stone/pure-body-pumice-stone-gray-1-ea.html,0,0,0,0,0
1131,Foot Pumice Stone Skin Callus Remover and Scrubber,http://www.sunmaybeauty.com/products/foot-pumice-stone-skin-callus-remover-and-scrubber/,0,1,0,0,0
1132,What Are The Benefits of Pumice Stone And Seachem ...,http://biologyeducare.com/what-are-the-benefits-of-pumice-stone-and-seachem-matrix/,0,0,0,0,0
1133,Long-Lasting Pumice Stone for Silky Smooth Feet,http://holiocare.com/ar/products/ultimate-foot-care-long-lasting-pumice-stone-for-silky-smooth-feet-5-years-of-exfoliation-callus-removal-and-natural-terra-cotta-material,0,0,0,0,0
1134,dutch decor plaid harvey pumice stone 150 x 200cm,http://www.pelckmans.net/nl/279918/dutch-decor-plaid-harvey-pumice-stone,0,0,0,0,0
1135,Très Spa Natural Lava Pumice Stone - Tres Spa Store,http://www.tresspa.com/shop/natural-lava-pumice-stone/,0,0,0,0,0
1136,Using Pumice Stone... How much,http://www.soapmakingforum.com/threads/using-pumice-stone-how-much.21044/,0,0,0,0,0
1137,A. a cotton towel B. soap C. a pumice stone D. disinfectants,http://brainly.com/question/51528938,0,0,0,0,0
1138,5Pcs Double-Headed Pumice Stone Nail Cuticle Remover,http://eyedesignpro.co/products/5pcs-double-headed-pumice-stone-nail-cuticle-remover,0,0,0,0,0
1139,"Large Pumice Stone Central Oregon for Sale in Salem, OR",http://offerup.com/item/detail/1327471874,0,0,0,0,0
1140,36 pcs Nail File Pumice Stone Sticks Cuticle ... - Alazco,http://www.alazco.com/products/36-pcs-nail-file-pumice-stone-sticks-cuticle-pusher-eraser-polish-dry-residue-skin-hangnail-nail-bed-cleaner-buffing-stone-for-home-salon-manicure-pedicure-tool,0,0,0,0,0
1141,Pumice Stone Foot Peeling 75 ml | Bee Beauty,http://lujainbeauty.com/en-ca/products/pumice-stone-foot-peeling-75-ml-bee-beauty,0,0,0,0,0
1142,Pumice Stone with Nail Brush,http://celebratemehomeonline.com/shop/shop/bath-body/bath-accessories/pumice-stone-with-nail-brush/,0,0,0,0,0
1143,United States Pumice Company PB-12 Large Pumice Stone,http://www.dkhardware.com/united-states-pumice-company-usp-40-2215-large-pumice-stone-product-4029505.html,0,5,0,0,0
1144,Paloma Barcelo Bea Leather Ankle Boots - Pumice Stone,http://www.r-shop.gr/en/paloma-barcelo-bea-leather-ankle-boots-pumice-stone-3232180652030032?ff=4&fp=323218,0,0,0,0,0
1145,Ranger Tim Holtz Distress Ink Pumice Stone Pad [Pack Of 3],http://www.staples.com/ranger-tim-holtz-distress-ink-pumice-stone-pad-pack-of-3/product_1720975,0,0,0,0,0
1146,"Buy Natural Foot Pumice Stone for Feet, Borogo 5-Pack ...",http://antigua.desertcart.com/products/234522459-natural-foot-pumice-stone-for-feet-borogo-5-pack-lava-pedicure-tools-hard-skin-callus-remover-for-feet-and-hands-natural-foot-file-exfoliation-to-remove-dead-skin-heels-elbows-hands,0,0,0,0,0
1147,Light Grey Colour Pumice Stone Grill Brick 15.2 ...,http://www.cooksmill.co.uk/Light-Grey-Colour-Pumice-Stone-Grill-Brick-15-2cm-x-7-6cm,0,0,0,0,0
1148,Define pumice (stone) in Amharic at Abyssinica,http://dictionary.abyssinica.com/pumice-(stone),0,0,0,0,0
1149,Onyx Professional Double-Sided 100% Siliglass Pumice Stone,http://www.mjlbeautyboutique.com/onyx-professional-double-sided-100-siliglass-pumice-stone,0,0,0,0,0
1150,Petmate Cat Litter Catcher Mat Pumice Stone LG,http://petswarehouse.com/products/petmate-litter-catcher-mat-stone-large-35x23-5-l-2,0,0,0,0,0
1151,"Grey Pumice Stone with Handle, Removes Unsightly ...",http://www.jumia.co.ke/generic-grey-pumice-stone-with-handle-removes-unsightly-stains-from-toilets-sinks-tubs-showers-pools-safe-for-porcelain-167938793.html,0,0,0,0,0
1152,Pumice stone floating macro algae Islands,http://www.ultimatereef.net/threads/pumice-stone-floating-macro-algae-islands.906714/,0,0,0,0,0
1153,Source Pumice Stone Toilet Bowl Cleaner with Extra Long ...,http://www.royaltravelcetinje.me/?a=source-pumice-stone-toilet-bowl-cleaner-with-extra-long-cc-ee82Obs8,0,0,0,0,0
1154,MAGLIE Donna ONLY 15288895 LIFE PUMICE STONE,http://www.indigoshop.it/it/shop/abbigliamento-maglie/64186/maglie-donna-only-15288895-life-pumice-stone-.html,0,0,0,0,0
1155,Oval Pumice Stone BETER 1 Pietra Pomice,http://farmacialoreto.it/beter-oval-pumice-stone,0,0,0,0,0
1156,Marina Del Mar Pumice Stone by Masland Carpets,http://www.demcnabb.com/d/masland-carpets-marina-del-mar-pumice-stone-carpet/9614-244,0,0,0,0,0
1157,Amazing Things You Can Do With A Pumice Stone,http://www.congress-intercultural.eu/en/?i=amazing-things-you-can-do-with-a-pumice-stone-mm-LNN7GLhd,0,0,0,0,0
1158,Is a pumice stone safe for chewing? We have a...,http://how-to-care-for-hamsters.tumblr.com/post/123146476275/is-a-pumice-stone-safe-for-chewing-we-have-a,0,1,0,0,0
1159,Magnum Natural pumice stone for heels,http://www.notino.co.uk/magnum/natural-pumice-stone-for-heels/,0,0,0,0,0
1160,Life Brand Life Brand Natural Pumice Stone,http://shop.shoppersdrugmart.ca/Luxury/Life-Brand/Life-Brand-Natural-Pumice-Stone/p/BB_057800068297,0,0,0,0,0
1161,"Pumice Stone Toilet Bowl Cleaner with Handle, Pumice Stone ...",http://tbsmcr.co.uk/pumice-stone-toilet-bowl-cleaner-with-handle-pumice-stone-for-toilet-bowl-cleaning-remove-toilet-bowl-hard-water-rings-scouring-stick-for-C15195018,0,0,0,0,0
1162,Diva & Nice Cosmetics Accessories Ceramic Pumice Stone,http://www.notino.ie/diva-nice-cosmetics/accessories-ceramic-pumice-stone/,0,0,0,0,0
1163,Buy Findz Pumice Stone with Handle Online - Centrepoint,http://www.centrepointstores.com/ae/en/Beauty/Makeup/Makeup-Tools/Accessories/LIFESTYLE-Findz-Pumice-Stone-with-Handle/p/165364495,0,0,0,0,0
1164,English to Malay Meaning of pumice stone - batu timbul,http://www.english-malay.net/english-to-malay-meaning-pumice-stone,0,0,0,0,0
1165,Natural Lave Exfoliating Pumice Stone,http://thesoapymermaid.com/shop/ols/products/natural-lave-exfoliating-pumice-stone,0,0,0,0,0
1166,"Ocean Blue 110052 Pumice Stone, Price/each",http://www.opentip.com/Ocean-Blue-Pumice-Stone-110052-p-15345496.html,0,0,0,0,0
1167,Urban Spa Pumice Stone and Nail Brush,http://www.historichouseparts.com/urban-spa-pumice-stone-and-nail-brush.html,0,0,0,0,0
1168,"1pc Pumice Stone Toilet Brush, Household Powerful ...","http://www.shein.com/1pc-Pumice-Stone-Toilet-Brush,-Household-Powerful-Remover-Cleaning-Tool-For-Dead-Corner-And-Urine-Scale,-Toilet-Cleaner-For-Rim-&-Bowl-p-33766622.html",0,0,0,0,0
1169,A Pumice Stone Might Be The Secret To A Sparkling Clean ...,http://www.simionis.com/?k=a-pumice-stone-might-be-the-secret-to-a-ff-lvlNKOUP,0,0,0,0,0
1170,Micy - Foot File with Pumice Stone,http://www.yesstyle.com/en/micy-foot-file-with-pumice-stone/info.html/pid.1105614739,0,0,0,0,0
1171,"24 Pack Pumice Stone for Cleaning, Pumice Scouring Pad, ...",http://phifertility.com/24-pack-pumice-stone-for-cleaning-pumice-scouring-pad-toilet-bowl-ring-remover-RFhdUFxHQlBbUUJL,0,0,0,0,0
1172,Clean Your Oven with a Pumice Stone,http://www.appliancevideo.com/articles/clean-your-oven-with-a-pumice-stone/1000,0,0,0,0,0
1173,chiara 0278 3037 00 mac broek pumice stone,http://www.sans-online.nl/mac-broeken-chiara-0278-3037-00-pumice-stone-45012202,0,0,0,0,0
1174,Lyrics containing the term: pumice stone,http://www.lyrics.com/lyrics/pumice%20stone,0,10,0,0,0
1175,Pumice stone for Toilet Cleaner,http://www.watchtalkforums.info/threads/pumice-stone-for-toilet-cleaner.169875/,0,0,0,0,0
1176,US Pumice Stone Stain Remover / Tile Cleaner Large Pool ...,http://www.specialtypoolshop.com/product/us-pumice-stone-stain-remover-tile-cleaner-large-pool-blok-pb-12/,0,0,0,0,0
1177,Signature Select/Care Pumice Stone Softens Rough Skin,http://www.randalls.com/shop/product-details.960120853.html,0,0,0,0,0
1178,2 Pieces Pet Hair Remover - Removal Pumice Stone Tool,http://thecraftedcorner.shop/products/2-pieces-pet-hair-remover-removal-pumice-stone-tool,0,0,0,0,0
1179,VEGA Pumice Stone (PD16) (Colour May Vary) - Podiatryneeds,http://podiatryneeds.com/topselling/product/ntu7yxm6s3/VEGA-Pumice-Stone-PD16-Colour-May-Vary,0,0,0,0,0
1180,KOGSANDRA TEDDY WAISTCOAT OTW Pumice Stone,http://www.ziezotexel.nl/de/kogsandra-teddy-waistcoat-otw-pumice-stone.html,0,0,0,0,0
1181,"5.25"" Pumie Pumice Stone Scouring Stick at Walmart",http://bensbargains.com/bargain/5-25-pumie-pumice-stone-scouring-stick-887130/,0,0,0,0,0
1182,Natural Lava Pumice Stone Callus Remover for Dead Skin ...,http://pilatesplus.sg/natural-lava-pumice-stone-callus-remover-for-dead-skin-heels-elbows-hands-2pcs-QVtZWEJQQUFdQUIc,0,0,0,0,0
1183,Best pumice stone for feet,http://www.abc27.com/reviews/br/beauty-personal-care-br/foot-care-br/the-best-pumice-stone-for-feet/,0,0,0,0,0
1184,Best pumice stone for feet,http://bestreviews.com/articles/beauty-and-personal-care/foot-care/personal-care-best-pumice-stone-for-feet,0,182,0,0,0
1185,Wild Pumice Stone for Premium Skin Care - Limited Supply,http://shoptoxyfree.com/products/hand-gathered-wild-pumice-stone,0,0,0,0,0
1186,"Pumice stone for hands and feet, soap ball to remove dead ...",http://kanzstores.com/en/pumice-stone-for-hands-and-feet-soap-ball-to-remove-dead-skin-from-titania4008576300629.html,0,0,0,0,0
1187,"Cooler, 48 Quart, Pumice Stone",http://hypermarket-uae.com/product/cooler-48-quart-pumice-stone/,0,0,0,0,0
1188,Natural Pumice Stone - Zero Waste Bathroom Products UK,http://thepositive.co/products/natural-pumice-stone,0,0,0,0,0
1189,Pool Pumice Stone On EZ-Clip Handle,http://www.poolpro.co.uk/pumice-stone-on-ez-clip-handle.html,0,0,0,0,0
1190,Stainless Steel Foot Scraping Plate Pumice Stone ...,http://www.daraz.pk/products/stainless-steel-foot-scraping-plate-pumice-stone-pedicure-foot-file-callus-remover-professional-pedicure-foot-file-reusable-cracked-skin-corns-callus-remover-feet-rasp-metal-foot-care-pedicure-to-remove-hard-skin-fine-double-side-for-men-and-women-i147100142.html,0,0,0,0,0
1191,Nuasan Natural Foot Pumice Stone,http://nuasan.com/products/nuasan-natural-foot-pumice-stone,0,0,0,0,0
1192,Peggy Sage Pumice Stone Pedicure File/Blade - Green,http://www.blaco.eu/peggy-sage/foot-beauty/pedicure-accessories/peggy-sage-pumice-stone-pedicure-file-blade-green,0,0,0,0,0
1193,Eco Bath Company Natural Pumice Stone - DownToEarth.ie,http://downtoearth.ie/products/eco-bath-company-pumice-stone,0,0,0,0,0
1194,"ZenToes Dry Heel Repair Kit Metal Foot File, Pumice Stone ...",http://www.kroger.com/p/zentoes-dry-heel-repair-kit-metal-foot-file-pumice-stone-callus-remover-moisturizing-socks/0085003423300,0,0,0,0,0
1195,Morgan's Strong Garlic 2.5 Oz. Pumice Stone Mouse & Rat ...,http://lockcity.doitbest.com/shop/lawn-and-garden/insect-and-pest-control/pest-repellents/animal-repellent/414794-morgans-strong-garlic-25-oz-pumice-stone-mouse-and-rat-repellent?SKU=723411,0,0,0,0,0
1196,Buy Promani Ergonomic Pumice Stone Pr-104 Online ...,http://www.carencurepharmacy.com/products/promani-ergonomic-pumice-stone-pr-104,0,0,0,0,0
1197,"Pumice Stone, Distress Stain, Tim Holtz.",http://alfia.dk/shop/pumice-stone-distress-61412p.html,0,0,0,0,0
1198,The use of a pumice stone in removal of petroleum ...,http://ehemj.com/browse.php?a_id=1115&ftxt=1&sid=1&slc_lang=en,0,0,0,0,0
1199,"Close-up of a piece of pumice stone, rocky stones, rock ...",http://arabsstock.com/en/photos/image-59459-close-up-piece-pumice-stone-rocky-stones-rock-formations-rocky,0,0,0,0,0
1200,"Second Female, Elia Shirt, Pumice Stone",http://www.collected.dk/shop/second-female-elia-22425p.html,0,0,0,0,0
1201,"Pumice stone (1-8mm) from SYBASoil, 3 liters",http://www.urban-jungle.store/en/product/bimsstein-1-8mm-von-sybasoil-3-liter/,0,0,0,0,0
1202,Pumice Stone Nail File Cuticle Pusher - Beauty U,http://beauty-u.ch/it/products/cuticle-pusher,0,0,0,0,0
1203,Pumice Stone Nail File Cuticle Stone Pusher Nail Sanding,http://www.amncons.com/File-Cuticle-Stone-Pusher-Nail-Sanding-Temu-444545.html,0,0,0,0,0
1204,Only Sweater Bea Pumice Stone Fra ONLY - Fitmom,http://fitmom.dk/products/only-sweater-bea-pumice-stone-fra-only,0,0,0,0,0
1205,"Pumice stone with cotton cord, 6 cm",http://thetravellingband.dk/en/products/pimpsten-med-bomuldssnor-6-cm,0,0,0,0,0
1206,"Cosmetic pumice stone SYRENA, green",http://hurtowniapapieru.pl/en/other/400697-cosmetic_pumice_stone_syrena_green.html,0,0,0,0,0
1207,Pumice Stone Heritage Light Warmth Year-Round Duck ...,http://www.timberlinefurnitureandmattress.com/products/Pacific-Coast-Feather/paccoast/26426300208.html,0,0,0,0,0
1208,Kussen Guido 45 cm x 45 cm Pumice Stone,http://www.praxis.nl/verf-laminaat-decoratie/woondecoratie/kussens-plaids/kussen-guido-45-cm-x-45-cm-pumice-stone/10255638,0,0,0,0,0
1209,"Pumice Stone, Foot Scrubber, Linear Pattern for Exfoliation ...",http://swadeshimandir.net/products/Mitti-Cool-Handmade-Terracotta-or-Clay-Exfoliator-Pumice-Stone-Foot-Scrubber-Linear-Pattern-for-Exfoliation-or-Foot-Massage-p223243720,0,0,0,0,0
1210,"6Pack Pumice Stone for Toilet Cleaning Bowl Stick,Powerfully ...",http://heygawdess.com/products/6pack-pumice-stone-for-toilet-cleaning-bowl-stick-powerfully-cleans-hard-water-rings-calcium-buildup-stains-suitable-for-cleaning-toilet-bathtubs-kitchen-sink-grill,0,0,0,0,0
1211,SK Femm 30x50 cm Pumice Stone | Dutch Decor,http://www.zij-wonen.nl/a-70332951/dutch-decor/sk-femm-30x50-cm-pumice-stone/,0,0,0,0,0
1212,Wholesale Cheap Nail Pumice Stone Cuticle Pusher,http://www.starkynail.com/nail-tools/manicure-tools/nail-pumice-stone-cuticle-pusher.html,0,0,0,0,0
1213,PurOrganica: Urea 40 Percent Foot Cream (Pumice Stone and ...,http://myshopville.com/products/purorganica-urea-40-percent-foot-cream-pumice-stone-and-brush-healthcare,0,0,0,0,0
1214,Lava stone exfoliating pumice stone,http://aphroditeandares.co.uk/collections/essentials/products/lava-stone-exfoliating-pumice-stone,0,0,0,0,0
1215,"Cosmetic pumice stone SYRENA, green",http://ekobiuro24.pl/en/cleaning-janitorial-supplies-and-dispensers/other/cosmetic-pumice-stone-syrena-green-585776.html,0,0,0,0,0
1216,SYNTHETIC PUMICE STONE 8 cm D FIL,http://www.aceros-de-hispania.com/en/6088-synthetic-pumice-stone-8-cm-d-fil.html,0,0,0,0,0
1217,Buy Kroger Soften Pumice Stone,http://cameroon.desertcart.com/products/66044645-kroger-soften-pumice-stone-1-pumice-stone,0,0,0,0,0
1218,Pumice Stone For Cleaning Toilet Stains,http://nigerianpilot.news/2024/04/12/pumice-stone-for-cleaning-toilet-stains-q-22433990,0,0,0,0,0
1219,Akileine Pumice Stone hohkakivi Dry Feet/Leg 1 kpl,http://www.kapylanapteekki.fi/fi/akileine-pumice-stone-hohkakivi-dry-feet-leg-x1-kpl.html,0,0,0,0,0
1220,Natural Volcanic Pumice Stone foot scrubber (Sang e pa),http://www.rooshoor.co.uk/product-page/natural-volcanic-pumice-stone-foot-scrubber-sang-e-pa,0,0,0,0,0
1221,Tahoe Quilted Jacket Pumice Stone - ECRU,http://www.ecru.es/en/products/chaqueta-acolchada-tahoe-pumice-stone,0,0,0,0,0
1222,Batu Apung / Pumice Stone 1 Kg - Pumice Natural Stone,http://www.petsparadise.id/batu-apung-pumice-stone-1-kg-pumice-natural-stone.html,0,0,0,0,0
1223,SCANDIA Alat Perawatan Kuku Pumice Stone&Nail Brush Set ...,http://www.scandia.id/personal-care/2519-scandia-alat-perawatan-kuku-pumice-stonenail-brush-set-ag0027-biru.html,0,0,0,0,0
1224,pumice stone / Lava rock/ natural volcanic rock| Alibaba.com,http://m.alibaba.com/product/60386102513/pumice-stone-Lava-rock-natural-volcanic.html,0,0,0,0,0
1225,Pritty Pumice Stone Round With String Diameter 80 Mm,http://nazih.ae/pritty-pumice-stone-round-with-string-diameter-80-mm.html,0,1,0,0,0
1226,Meaning of PUMICE STONE in Punjabi,http://punjabi.shabd.in/pumice%2520stone/meaning,0,0,0,0,0
1227,Odile Maxi Rock Pumice Stone,http://www.femmefashionandlifestyle.de/products/odile-maxi-rock-pumice-stone,0,0,0,0,0
1228,"Pedicure bursh, callus remover, foot file, pumice stone, nail ...",http://www.bathessential.com/pedicure.php,0,0,0,0,0
1229,Belicia 2 Pieces Natural Pumice Stone for Feet Callus ...,http://www.indiamart.com/proddetail/belicia-2-pieces-natural-pumice-stone-for-feet-callus-natural-foot-file-scrubber-callus-remover-for-feet-and-hands-pedicure-tools-exfoliation-to-remove-dead-skin-for-spa-massage-heel-scrub-2851360689273.html,0,0,0,0,0
1230,Anthology Pumice Stone/Bronze Wallpaper - Paint & Paper,http://www.paint-paper.co.uk/anthology-pumice-stone-bronze-wallpaper-dsaaq04285/,0,0,0,0,0
1231,Morgan's Peppermint-Cinnamon 2.5 Oz. Pumice Stone ...,http://www.didierhardware.com/shop/lawn-and-garden/insect-and-pest-control/pest-repellents/animal-repellent/414795-morgans-peppermint-cinnamon-25-oz-pumice-stone-mouse-and-rat-repellent?SKU=753780,0,0,0,0,0
1232,Ever considered using pumice stone?,http://www.floraldaily.com/article/9002929/ever-considered-using-pumice-stone/,0,0,0,0,0
1233,ONLY & SONS Tile Corduroy Hemd Pumice Stone,http://www.2trendy.de/p/125000006228,0,0,0,0,0
1234,Pool Blok Pool Extended Pumice Stone - POOLINE Products,http://www.poolineproducts.com/product-page/pool-blok-pool-extended-pumice-stone,0,0,0,0,0
1235,"Pumice Stone for Cleaning,1 Extra Long Handle Pumice ...",http://ninthavenue.uk/products/pumice-stone-for-cleaning1-extra-long-handle-pumice-stone-toilet-bowl-cleaner-2-pieces-pumice-stones-for-bathpoolkitchenhousehold-cleaning3-pack,0,0,0,0,0
1236,Buy VEGA VEGA Oval Shaped Pumice Stone Pedicure ...,http://www.swiggy.com/stores/instamart/p/vega-oval-shaped-pumice-stone-pedicure-tool-for-exfoliate-to-heel-remove-dead-skin-(pd16)-R4IKJLL4HR?storeId=788742,0,0,0,0,0
1237,Dark Pumice Stone from Heaven In Earth,http://www.urbanrevolution.com.au/products/dark-pumice-stone-from-heaven-in-earth,0,0,0,0,0
1238,Design Imports 17512PB - Urbana Spa Prive Pumice Stone,http://riverbendhome.com/products/design-imports-17512pb-urbana-spa-prive-pumice-stone-sc50003-877707,0,0,0,0,0
1239,Pierre ponce IDC Institute Pumice Stone - Makeup.fr,http://makeup.fr/product/774485/,0,0,0,0,0
1240,ONLY Strik Cardigan Clare Pumice Stone,http://www.smartkidz.dk/shop/only-strik-cardigan-166512p.html,0,0,0,0,0
1241,how to encourage moss growth on pumice stone?,http://www.flytrapcare.com/phpBB3/how-to-encourage-moss-growth-on-pumice-stone-t54435.html,0,0,0,0,0
1242,"Pumice Stone Field Strange Rock Formations Stock Photo, 44 ...",http://fasteningsolutions.in/?c=pumice-stone-field-strange-rock-formations-stock-photo-1201399177-ss-plyQdli7,0,0,0,0,0
1243,Callus Remover Foot Scrubber Pumice Stone Foot File ...,http://www.kaigubeauty.com/products/callus-remover-foot-scrubber-pumice-stone-foot-file-pedicure-tool,0,0,0,0,0
1244,Plastic Pumice Stone Foot Scrubber Shower Slippers,http://bdaygiftideas.co.uk/products/plastic-pumice-stone-foot-scrubber-shower-slippers,0,0,0,0,0
1245,Lava Pumice Stone | SoapWerks Naturals Bath and Body,http://www.soapwerksnaturals.com/product/lava-pumice-stone/1310?category_id=31&cp=true&q=false&sa=false&sbp=false,0,0,0,0,0
1246,Buy Bulk Lava Pumice Stone Online | Dollar Store Supplies,http://dollarstoresupplies.com/cosmetics/nails-and-accesories/pedicure/lava-pumice-stone,0,0,0,0,0
1247,Natural Volcanic Lava Pumice Stone | Funky Soap Shop,http://fourstate.co.uk/products/natural-volcanic-lava-pumice-stone-shape-may-vary,0,0,0,0,0
1248,Pumice Stone For Feet w/Handle - AP 22024,http://www.ideastage.com/Pumice-Stone-For-Feet-wHandle-106686401,0,0,0,0,0
1249,"Fast Orange 25606 Xtreme Pumice Stone Hand Cleaner, 443 ml",http://www.napacanada.com/en/p/PER25616,0,0,0,0,0
1250,Modal Silky Leisure Vacay Tank Top - Pumice Stone,http://www.wolfandbadger.com/us/modal-silky-leisure-vacay-tank-top-pumice-stone/,0,0,0,0,0
1251,New Balance 997 “Pumice Stone” Limited Edition,http://www.vinted.it/items/396995036-new-balance-997-pumice-stone-limited-edition,0,0,0,0,0
1252,F3 SYSTEMS Peeling Double Sided Pumice Stone 去角质 ...,http://juzbeauty.com/products/f3-systems-peeling-double-sided-pumice-stone-%E5%8E%BB%E8%A7%92%E8%B4%A8%E5%8F%8C%E9%9D%A2%E7%A3%A8%E8%84%9A%E7%9F%B3,0,0,0,0,0
1253,TSS42426 Tim Holtz Distress Spray Stain Pumice Stone ...,http://www.create4fun.nl/a-77636333/distress-spray-stain-by-tim-holtz/tss42426-tim-holtz-distress-spray-stain-pumice-stone-1-9oz/,0,0,0,0,0
1254,Maryton Foot Pumice Stone for Feet Hard Skin Callus ...,http://storqllc.com/products/maryton-foot-pumice-stone-for-feet-hard-skin-callus-remover-and-scrubber,0,0,0,0,0
1255,Maryton Foot Pumice Stone for Feet Hard Skin Callus ...,http://www.handbagsspecialists.shop/product/maryton-foot-pumice-stone-for-feet-hard-skin-callus-remover-and-scrubber-pack-of-4-blue-for-cheap/,0,0,0,0,0
1256,"Trim Large Blue Oval Pumice Stone, 0.09 Pound -",http://ninthavenue.ae/products/trim-large-blue-oval-pumice-stone-009-pound,0,0,0,0,0
1257,Equate Pumice Stone for Foot Exfoliation,http://angola.desertcart.com/products/459745674,0,0,0,0,0
1258,Pumice stone is an example of,http://infinitylearn.com/question-answer/pumice-stone-is-an-example-of-63f1b9d9396eae3a901d2bba,0,0,0,0,0
1259,Buy Beter Natural Pumice Stone online at best price in the ...,http://www.lifepharmacy.com/product/beter-natural-pumice-stone,0,0,0,0,0
1260,Feet and Heels Peeling with Natural Pumice Stone Bielenda ...,http://makeupstore.com/product/268279/,0,4,0,0,0
1261,4TH Pumice Stone Toilet Bowl Cleaning Stick - Vons,http://vonsstore.com/product/4th-pumice-stone-toilet-bowl-cleaning-stick-remove-stubborn-stains-rust-grime-with-ease/,0,0,0,0,0
1262,Artificial Pumice Stone With Honey Extract,http://shop.daisosingapore.com.sg/products/4956810237975,0,0,0,0,0
1263,Tim Holtz Distress Embossing Glaze-Pumice Stone,http://www.thedoodlebuginc.com/shop/SHOP-BY-VENDOR-or-DESIGNER/Ranger/p/Tim-Holtz-Distress-Embossing-Glaze-Pumice-Stone.htm,0,0,0,0,0
1264,Morgan's Peppermint-Cinnamon 2.5 Oz. Pumice Stone ...,http://www.kingsoopers.com/p/morgan-s-peppermint-cinnamon-2-5-oz-pumice-stone-mouse-rat-repellent-mrmrpc/0086000895777,0,0,0,0,0
1265,green-goose Natural Pumice Stone Online Wholesale,http://www.orderchamp.com/store/goose-projects-bv/listings/2306618335870977,0,0,0,0,0
1266,Pumice Stone 丨 LOQ MOQ丨Custom Logo 丨ibannboo,http://www.ibannboo.com/products/pumice-stone/,0,0,0,0,0
1267,The Tough Fight of HMS and Pumice Stone,http://www.hmswashing.com/the-comparison-of-hms-and-pumice-stone,0,0,0,0,0
1268,Personnelle Pumice Stone for Feet - Metro,http://www.metro.ca/en/online-grocery/aisles/health-beauty/bath-body-care/body-foot-care/pumice-stone-for-feet/p/055989659954,0,0,0,0,0
1269,NEW Foot Plate File Pumice Stone Foot Dead Skin Peeling ...,http://www.cafr.ebay.ca/itm/266240159427,0,0,0,0,0
1270,2PCS Natural Pumice Stone for Feet - Asqraqo Lava ...,http://dutycast.com/2pcs-natural-pumice-stone-for-feet-asqraqo-lava-pedicure-tools-hard-skin-callus-remover-for-feet-and-hands-natural-foot-file-exfoliation-to-remove-dead-skin-and-callusess-p63941162034005687.html?dc_source=recommend&pid=63941162037151506,0,0,0,0,0
1271,Pumice Stone - Natural Raw Exfoliation Skin Care,http://tamethespiritherbs.com/products/copy-of-poke-root-2,0,0,0,0,0
1272,Pumice stone is an example of-1.foam2.sol3.gel4.solid sol ...,http://www.neetprep.com/questions/1941-Chemistry/7928-Surface-Chemistry?courseId=1376&questionId=366996-Pumice-stone-example-foam-sol-gel-solid-sol&testId=1061963-Past-Year--onward--NTA-Papers-MCQs,0,0,0,0,0
1273,Where can I buy a pumice stone?,http://body.style.narkive.com/dQ7iPxhW/where-can-i-buy-a-pumice-stone,0,0,0,0,0
1274,1PC Natural Pumice Stone Pumice Stones Foot ...,http://www.ebay.it/itm/394924817988,0,0,0,0,0
1275,Here's Exactly How To Use A Pumice Stone For Baby Soft Feet,http://www.women.com/1404523/how-use-pumice-stone-for-baby-soft-feet/,0,0,0,0,0
1276,Fine Quality Pumice Stone for Small Breed Dogs,http://www.excalibur.bc.ca/stripping-knives-c-71_83/fine-quality-pumice-stone-for-small-breed-dogs-p-883.html,0,0,0,0,0
1277,Credo Glass Foot Pumice Stone - each,http://shop.dkbeauty.ca/product/credo-glass-foot-pumice-stone-each/19121?cs=true&cst=custom,0,0,0,0,0
1278,Pumice stone Meaning in Hindi,http://hindi.oneindia.com/dictionary/pumice-stone-meaning-in-hindi/,0,0,0,0,0
1279,"Decke Teddy (Pumice Stone, 200 x 150 cm, 100 % Polyester)",http://www.bauhaus.info/wohndecken/decke-teddy/p/30971644,0,0,0,0,0
1280,"Ms Pedicure Pumice Stone, Rock 'N Sole | Pantry",http://www.jumbofood.com/shop/pantry/ms_pedicure_pumice_stone_rock_n_sole/p/5849888,0,0,0,0,0
1281,"Pumice stone, granules analytical reagent, washed",http://sg.vwr.com/store/product/2995258/pumice-stone-granules-analytical-reagent-washed,0,0,0,0,0
1282,8 Pieces Nail Pumice Stone Stick Stone ... - skysolgroup.com,http://skysolgroup.com/8-Pieces-Nail-Pumice-Stone-Stick-Stone-Nail-File-Pumice-Stone-1191410.html,0,0,0,0,0
1283,BioSwiss 2 In 1 Pumice Stone - 1 Ct,http://simplyhairaccessories.com/bioswiss-2-in-1-pumice-stone-1-ct/,0,0,0,0,0
1284,Pumice stone is an example of ______.,http://brainly.in/question/56329062,0,0,0,0,0
1285,"Pumice Stone — RICA Bath Body, 49% OFF",http://www.grupoduraes.com/?w=pumice-stone-rica-bath-body-tt-LzbEGCN,0,0,0,0,0
1286,Only Sweater Bea Pumice Stone Fra ONLY - Digis,http://www.digis.dk/products/only+sweater+bea+pumice+stone+fra+only,0,0,0,0,0
1287,"ZenToes Dry Heel Repair Kit Metal Foot File, Pumice Stone ...",http://www.harristeeter.com/p/zentoes-dry-heel-repair-kit-metal-foot-file-pumice-stone-callus-remover-moisturizing-socks/0085003423300,0,0,0,0,0
1288,Hive Nail Brush/Pumice Stone | Pedicure,http://www.salonsupplieslimerick.ie/pedicure/hive-nail-brush/pumice-stone/p-854323,0,0,0,0,0
1289,Pumice Stone for Feet 2 Pack Natural Foot Scrubber ...,http://www.gosupps.com/pumice-stone-for-feet-2-pack-natural-foot-scrubber-pummis-pumas-stones-for-hard-skin-callus-remover-foot-file-exfoliation-pedicure-tools-lava-pumice-rock-for-heels-hands-to-remove-dry-dead-skin-pumice-stone-2-pack.html,0,0,0,0,0
1290,"Distress Ink Pumice Stone Re-Inker, refill bottle with pipette for ...",http://www.hobby-crafts24.eu/en/ranger-distress-ink-pumice-stone-refill-vial-with.html,0,0,0,0,0
1291,Pumice Stone (Ground Granules Fine),http://creationessentials.ca/product/pumice-stone-ground-granules-fine/,0,0,0,0,0
1292,Oval Shape Pumice Stone Foot Scrubber Hard Dead Skin ...,http://medelast.en.made-in-china.com/product/AFcJyDIVhfWg/China-Oval-Shape-Pumice-Stone-Foot-Scrubber-Hard-Dead-Skin-Callus-Remover-File-Exfoliating-Pedicure-Stone.html,0,0,0,0,0
1293,Basicare Pumice Stone Foot Care Dead Skin Scrub Remover,http://medcart.com.au/Simply-For-Me/Basicare-Pumice-Stone-Foot-Care-Dead-Skin-Scrub-Remover_100004144?sku=100004144,0,0,0,0,0
1294,Rugged Nature - 100% Natural Volcanic Pumice Stone,http://www.morrabstudio.co.uk/p/35057/Rugged-Nature---Natural-Volcanic-Pumice-Stone,0,0,0,0,0
1295,Trim Large Blue Oval Pumice Stone - 1 ea,http://www.healthbestchoose.com/product/trim-large-blue-oval-pumice-stone-1-ea/,0,0,0,0,0
1296,"3667 Sw Pumice Stone Ave, Redmond, OR 97756, USA",http://www.zumper.com/address/3667-sw-pumice-stone-ave-redmond-or-97756-usa,0,0,0,0,0
1297,Tochtstopper Finn 90x10 cm Pumice Stone,http://www.deurbeslagstore.be/tochtstopper-finn-90x10-cm-pumice-stone.html,0,0,0,0,0
1298,So fetch the pomade and pumice stone And lend me a more ...,http://getyarn.io/yarn-clip/571308ac-c3cd-4b2e-ae91-ab696b1f99b7,0,0,0,0,0
1299,Volcanic Rock Pumice Stone with Suspension String,http://www.arogya.earth/en-ca/products/volcanic-rock-pumice-stone-with-suspension-string,0,0,0,0,0
1300,Pumice stone has dispersed phase-dispersion medium comb,http://selfstudy365.com/qa/pumice-stone-has-dispersed-phase-dispersion-medium-comb-n32754,0,0,0,0,0
1301,Lyle & Scott Charlie Shorts Lounge Set - Pumice Stone / ...,http://www.trunksandboxers.co.uk/products/copy-of-lyle-scott-charlie-shorts-lounge-set-pumice-stone-climbing-ivy,0,0,0,0,0
1302,Pumice Stone Great for Succulents and Cacti 5L by O ...,http://www.thegardenstore.sg/Pumice-Stone,0,0,0,0,0
1303,Elevate Essentials Pumice Stone Stick Toilet Bowl Ring ...,http://ar.pinterest.com/pin/elevate-essentials-pumice-stone-scouring-stick-toilet-bowl-ring-remover-with-handle-1-pack-chec--658229301759091009/,0,0,0,0,0
1304,Pumice stone - Aleppo Soap and organic cosmetics,http://www.najel.net/en/natural-pumice-stone-najel.html,0,0,0,0,0
1305,Pumice Stone: Natural Volcanic Lava,http://themohersoapco.com/accessories/pumice-stone-volcanic-lava,0,1,0,0,0
1306,ONLY Onlsascha Pumice Stone Olive Night Sherpa Jacket,http://greymatter.dk/product/3444/onlsascha-pumice-stone-olive-night-sherpa-jacket,0,0,0,0,0
1307,Life Brand Natural Pumice Stone - 1 ea,http://www.realcanadiansuperstore.ca/natural-pumice-stone/p/21224597_EA,0,0,0,0,0
1308,Green manicure / pedicure pumice stone,http://www.peggysage.com/en-FR/care/foot-care/accessories/green-manicure-pedicure-pumice-stone-123003,0,0,0,0,0
1309,2 Pack Pumice Stone Brush Toilet Bowl Cleaner with,http://price.com/product/2-pack-pumice-stone-brush-toilet-bowl-cleaner-with-extra-long-handle-100-natural-pumice-toilet-brush-for-household-cleaning-hard-water-ring-remover-for-toilet-pool-bathroom-tiles-bbq-grills/4332c094f7b6845d89650f64f4de8097e9c32e72,0,0,0,0,0
1310,Black Pumice Stone for Vivariums,http://thriveecosystems.com/products/black-pumice-stone-for-vivariums,0,0,0,0,0
1311,"ONLY Strickpullover 'Caviar' Pumice Stone, Unifarben, Beige",http://www.marktkauf.de/only-strickpullover-caviar-pumice-stone-unifarben-beige-gr-s/produkt-2672867000,0,0,0,0,0
1312,Dutch Decor Plaid Josefien 140x180 cm Pumice Stone,http://www.bosrand.nl/dutch-decor-plaid-josefien-140x180-cm-pumice-stone,0,0,0,0,0
1313,Celavi 1pc Pumice Stone/Brush-BB,http://gizmosandgadgetsgy.com/products/celavi1pcpumicestonebrush-bb,0,0,0,0,0
1314,Plastic Pumice Stone Foot Scrubber Shower Slippers,http://keytielands.myshopify.com/products/plastic-pumice-stone-foot-scrubber-shower-slippers,0,0,0,0,0
1315,Customer reviews: Ranger Pumice Stone Mini Ink Pad,http://www.amazon.com/product-reviews/B00TGP3CTQ/ref=d_pd_psc_dp_d_0_cr_sccl_2_4/000-0000000-0000000?content-id=amzn1.sym.12441163-fd92-4181-a7bf-2d7adc571b00&pd_rd_i=B00TGP3CTQ&pd_rd_r=c86eb9fa-af15-4735-b049-63e4f4d5e228&pd_rd_w=yWYVV&pd_rd_wg=1hvd0&pf_rd_p=12441163-fd92-4181-a7bf-2d7adc571b00&pf_rd_r=AKAXWQQ0XR2T77BVJQRF,0,0,0,0,0
1316,a6103 pumice stone scouring stick 4 oz,http://hatchiksupplyonline.com/natural-pumice-stone-stick-stick-4-oz/,0,0,0,0,0
1317,"Maryton Pumice Stone for Toilet Cleaning, Non Scratch ...",http://ninelife.ie/products/maryton-pumice-stone-for-toilet-cleaning-non-scratch-pumice-stone-for-cleaning-hard-water-stain-on-toilet-bowl-tile-kitchen-pack-of-16,0,0,0,0,0
1318,Pumice Stone Toilet Bowl Cleaning Scouring Pad&Stick ...,http://guatemaladigital.com/Pumice-Stone-Toilet-Bowl-Cleaning-Scouring-Pad&Stick-with-HandleCleans-Away-Limescale-StainHard-Water-Rings-Calcium-BuildupIron-and-Rust.-Remover-for-TileBathKitchenHousehold---2-Pack-(Tama%C3%B1o:2-Count-(Pack-of-1))/Producto/17281330,0,0,0,0,0
1319,ZenToes Natural Lava Pumice Stone Callus Remover,http://www.hsn.com/products/zentoes-natural-lava-pumice-stone-callus-remover-2-pack/20101708,0,1,0,0,0
1320,Pumice Stone: Round w Rope Strap Traditional Handcrafted,http://www.maisonrustic.co.uk/pumice-stone-round-w-rope-strap-traditional-handcrafted-grey.ir,0,0,0,0,0
1321,Buy Natural Volcanic Lava Pumice Stone for Pedicure,http://soapytwist.com/products/volcanic-lava-pumice-stone,0,8,0,0,0
1322,NATURAL pumice stone Foot Files Beter - Perfume's Club,http://www.perfumesclub.co.uk/en/beter/pumice-stone-natural/p_116681508/,0,0,0,0,0
1323,Ranger Distress Oxide Ink Pumice Stone,http://scraperie.fr/1783770-Ranger-Distress-Oxide-Ink-Pumice-Stone,0,0,0,0,0
1324,33 pronunciations of Pumice Stone in English,http://youglish.com/pronounce/pumice-stone/-1/all/&e_id=yg-widget-0&e_comp=92&e_start=0&e_h=-1&e_notif_h=1,0,0,0,0,0
1325,"Blocks Pumice Stone for Toilet, Pack of 4 ...",http://onelink.shein.com/0/googlefeed_kr?currency=KRW&goods_id=19773710&lang=asiako&skucode=I33tyupya7su&url_from=adpla-kr-pla-sh2307116203231113-one-size,0,0,0,0,0
1326,Vallejo 250ml Model Colour Tub Pumice Stone # 599,http://www.emodels.co.uk/vallejo-250ml-model-colour-tub-pumice-stone-599.html,0,0,0,0,0
1327,Buy Kroger Soften Pumice Stone,http://www.desertcart.com.kw/products/66044645-kroger-soften-pumice-stone-1-pumice-stone,0,0,0,0,0
1328,"Chinese Pumice Stone wholesale,import ...",http://dep02.sellersuniononline.com/front/products?cate_id=100024890&page=4,0,0,0,0,0
1329,"Pumice Stone, Pumice Stone for Feet, Natural Lava Foot ...",http://www.amazon.eg/-/en/Pumice-Natural-Scrubber-Exfoliating-Remover/dp/B0BSKC7TL2,0,0,0,0,0
1330,"PIT BOSS 67283 Grill Stone Brush, Pumice Stone Bristle, N...",http://www.fcfarmandhome.com/3149331/product/pit-boss-67283,0,0,0,0,0
1331,Kredka Ranger Distress Crayons Pumice Stone,http://zielonekoty.pl/preparaty-i-narzedzia/kredka-ranger-distress-crayons-pumice-stone,0,0,0,0,0
1332,"Hard Water Wand Pumice Stone Toilet Bowl Cleaner, Toilet ...",http://randa.tn/sujets/actualites/?i=hard-water-wand-pumice-stone-toilet-bowl-cleaner-toilet-kk-LGQjnuO,0,0,0,0,0
1333,Vallejo 26.213 Rough Grey Pumice Stone Texture Diorama ...,http://www.whiterosehobbies.com/products/vallejo-26-213-rough-grey-pumice-stone-texture-diorama-effect-200ml-bottle,0,0,0,0,0
1334,"2pcs, Pumice Stone Toilet Bowl Cleaner With Handle A ...",http://www.psicoestudi.com/2pcs-pumice-stone-toilet-bowl-cleaner-with-handle-a-reliable-and-harmless-solution-for-cleaning-limescale-deposits-mildew-hard-water-stains-on-t-B7504337,0,0,0,0,0
1335,Equate Pumice Stone for Foot Exfoliation,http://www.ubuy.co.de/en/product/1QKV1L6W-equate-pumice-stone,0,0,0,0,0
1336,2Pack Pumice Stone Toilet Bowl Cleaning with Handle ...,http://www.academiairving.com/2pack-pumice-stone-toilet-bowl-cleaning-with-handle-scouring-stick-powerfully-c-RE5DF1BTWVNTVV1Y,0,0,0,0,0
1337,Xcluzive Pumice Stone (rectangular) with Rope,http://en-ae.6thstreet.com/xlz00xz107-multi-xcluzive-x-z-pumice-stone-rectangular-w-rope-for-female60226022265.html,0,0,0,0,0
1338,Foot Cleaner and Pumice Stone,http://www.bridgendmobilitycentre.com/product/foot-cleaner-and-pumice-stone/,0,0,0,0,0
1339,"PANTONE Smart 14-0002X Color Swatch Card, Pumice Stone",http://www.mistreci.org/us41/pumice+color,0,0,0,0,0
1340,Amazon Shoppers Say This $9 Pumice Stone Cleans Hard ...,http://ca.movies.yahoo.com/style/amazon-shoppers-9-pumice-stone-195553715.html,0,0,0,0,0
1341,Exfoliating pumice stone soap for the feet,http://suum.ca/en/products/savon-pierre-ponce-exfoliant,0,0,0,0,0
1342,Distress Oxide SPRAY pumice stone,http://www.hobbyshop-online.nl/distress-oxide-spray-pumice-stone/,0,0,0,0,0
1343,Dwella Pumice Stone: Your Eco-Friendly Home Cleaning ...,http://www.tripadvisor.ie/ShowTopic-g60763-i5-k14776429-Dwella_Pumice_Stone_Your_Eco_Friendly_Home_Cleaning_Hero-New_York_City_New_York.html,0,0,0,0,0
1344,"Sanel - Orchid, pumice stone with foot care handle",http://polka-hebe.com/en/accessories/5355-sanel-orchid-pumice-stone-with-foot-care-handle-5901210923019.html,0,0,0,0,0
1345,Hand and Foot Brush with pumice stone to Remove Dead ...,http://m.indiamart.com/proddetail/hand-and-foot-brush-with-pumice-stone-to-remove-dead-skin-callus-stone-foot-scrubber-pedicure-brush-for-dead-skin-2852717610973.html?pla=n&pos=1,0,0,0,0,0
1346,Neat Feat Foot Pumice Stone,http://www.pharmacydirect.co.nz/Neat-Feat-Foot-Pumice-Stone,0,0,0,0,0
1347,20 Pieces Pumice Stone Nail File Cuticle Stone Pusher Nail ...,http://www.visionworkspace.co/20-Pieces-Pumice-Stone-Nail-File-Cuticle-Stone-Pusher-Nail-2963614.html,0,0,0,0,0
1348,"Close-up of blocks at construction site, pumice stone ...",http://www.dreamstime.com/close-up-blocks-construction-site-pumice-stone-blocks-packed-cubic-pallets-construction-site-features-stack-pumice-video305469397,0,0,0,0,0
1349,Maryton Foot Pumice Stone for Feet Hard Skin Callus ...,http://www.linkedin.com/pulse/maryton-foot-pumice-stone-feet-hard-skin-callus-remover-talukder,0,0,0,0,0
1350,Natural White Bath Oval Shape Pumice Stone Foot Scrubber,http://www.daraz.com.np/products/natural-white-bath-oval-shape-pumice-stone-foot-scrubber-i103426564.html,0,0,0,0,0
1351,Directory of Pumice stone cm Buyers & importers in Sri Lanka,http://www.volza.com/buyers-sri-lanka/sri-lanka-importers-buyers-of-pumice+stone+cm,0,0,0,0,0
1352,"25 Kg Natural Pumice Stone (Unprocessed), For Professional ...",http://www.vonhumboldt.edu.pe/25-kg-natural-pumice-stone-unprocessed-for-professional-at-rs-C15612128,0,0,0,0,0
1353,How to Use a LOVE PUMICE Stone,http://www.lovepumice.com/how-to-use-a-love-pumice-stone/,0,0,0,0,0
1354,Pumice Stone Hand Care Kit,http://www.cross-body.com/en/pumice-stone-hand-care-kit,0,0,0,0,0
1355,VEGA PUMICE STONE PEDICURE TOOL PD-24,http://www.jainsuperbazar.in/vega-pumice-stone-pedicure-tool-pd-24.html,0,0,0,0,0
1356,Dutch Decor Florine plaid 140 x 180 cm pumice stone,http://www.marskramer.nl/dutch-decor-florine-plaid-140-x-180-cm-pumice-stone-101-8428/,0,0,0,0,0
1357,Dr. Entre's Pumice Stone for Feet 4 Pack with String to ...,http://www.entrefeetusa.com/products/dr-entres-pumice-stone-for-feet-4-pack-with-string-to-hang-dry-callus-remover,0,0,0,0,0
1358,Me Mother Earth - Lava Pumice Stone with Cotton Hanging ...,http://existgreen.com/eco-boutique/bath-spa/exfoliate/lava-pumice-stone-with-cotton-hanging-loop/,0,0,0,0,0
1359,XX Chino Standard Taper (Pumice Stone S Twill) Mens Jeans,http://www.stylight.co.uk/Item/Levis/Xx-Chino-Standard-Taper-Pumice-Stone-S-Twill-Mens-Jeans--00234a67-8a4c-5aea-beba-0a324123f885/,0,0,0,0,0
1360,Braza Fuzz Buster Pumice Stone Fabric Restorer 1151,http://thebragenie.com/products/braza-fuzz-buster-pumice-stone-fabric-restorer-1151,0,0,0,0,0
1361,"Freeman Pumice Stone, Exfoliating 1 Ea | Bath Accessories",http://shop.ingles-markets.com/shop/pantry/health_personal_care/hair_body_care/bath_accessories/freeman_pumice_stone_exfoliating_1_ea/p/2411541,0,0,0,0,0
1362,"Pumice Stone 2Pcs, Natural Lava Pumice Stone for Feet/ ...",http://ikuraexpress.co.za/products/pumice-stone-2pcs-natural-lava-pumice-stone-for-feet-hands-body-white-calluse-remover-foot-scrubber-stone-for-dead-hard-skin-foot-file-for-men-women-by-mayki,0,0,0,0,0
1363,Pumice Stone on a rope - Eco Bathing accessories,http://www.oakwoodsoaperie.co.uk/oakwoodsoaperieshop/prod_6360438-Natural-Pumice-Stone.html,0,0,0,0,0
1364,Pumice stone for lithography 1kg,http://www.artikon.cz/en/katalog/kategorie-en/printmaking/lithography/produkt/pumice-stone-for-lithography-1kg,0,0,0,0,0
1365,Scrubber: Pumice Stone with Rope,http://www.anarreshealth.ca/scrubber-pumice-stone,0,1,0,0,0
1366,"Orchid soil – Pumice stone, fraction 4-15 mm – 2 liters",http://orchidgarden.co.uk/produkt/orchid-soil-pumice-stone-fraction-4-15-mm-2-liters/,0,0,0,0,0
1367,"Business, Pumice Stone , Sponges , Kalymnos Dodekanisou",http://www.vreite.gr/en/business/c/pumice-stone/r/kalymnos-dodekanisou/c/sponges,0,0,0,0,0
1368,Pumice stone Beter Piedra Pomez,http://ewooow.com/en/manicure-and-pedicure/155343-pumice-stone-beter-piedra-pomez-8412122081508.html,0,0,0,0,0
1369,HYUGA Pumice Stone (Japanese / 18L / Fine),http://www.gcshop-sg.com/products/hyuga-pumice-stone-japanese-18l-fine,0,1,0,0,0
1370,Is Pumice Stone Good For Hair Removal Online,http://sustainiaworld.com/de/smartcities/?s=su-280-645788,0,0,0,0,0
1371,Ecotools Avocado Oil Infused Smoothing Pumice Stone,http://www.beallsflorida.com/p/ecotools-avocado-oil-infused-smoothing-pumice-stone/?categoryId=224562,0,0,0,0,0
1372,Pumice Stone: Benefits and How to Use,http://welzo.com/blogs/skincare/pumice-stone,0,0,0,0,0
1373,"4 in 1 Foot Pedicure Brush, Pumice Stone, Scrubber & File ...",http://www.mystore.in/en/product/vaibhavi-enterprise-4-in-1-foot-pedicure-brush-pumice-stone-scrubber-and-file-for-soft-care-remove-dry-crack-hard-skin-pedicure-brush-foot-cleaner-callus-remover-nails-cleaning-paddle-brush,0,0,0,0,0
1374,"Exfoliating Pedicure Tool, Round Pumice Stone for Callus ...",http://www.carrefouruae.com/mafuae/en/outdoor-toys/exfoliating-pedicure-tool-round-pumice-stone-for-callus-remover-of-dead-skin-all-over-the-body-for-unisex-pack-of-1-unit-/p/0268056,0,0,0,0,0
1375,"Pumice stone jewelry box, round, pink, 8cm, 1pc",http://www.velvetcrafts.com/en/wedding-and-baptism/christening-bomboniere/ceramic-bomboniere/pumice-stone-jewelry-box-round-pink-8cm-1pc.html,0,0,0,0,0
1376,WRANGLER CASEY CARGO SHORTS PUMICE STONE ...,http://panjeans.pl/product-pol-6045-WRANGLER-CASEY-CARGO-SHORTS-PUMICE-STONE-W1C3CGC13.html,0,0,0,0,0
1377,Beter Natural Pumice Stone With Handle,http://www.beautytheshop.com/ru/aptechnye-sredstva/telo/stopy/grubaya-kozha/beter-natural-pumice-stone-with-handle-17,0,0,0,0,0
1378,uses for a pumice stone,http://stage.tasteofhome.com/article/pumice-stone-uses/,0,0,0,0,0
1379,Pumice stone fabric 30cm lampshade,http://www.helenrawlinson.com/product/pumice-stone-fabric-lampshade,0,0,0,0,0
1380,Pumice Stone Jeans fra Blend He,http://www.blendcompany.com/en-eu/pumice-stone-jeans-20713309-140002,0,0,0,0,0
1381,Vintage English Brass Pitcher W Pumice Stone Wand ...,http://ancientpoint.com/inf/192814-vintage_english_brass_pitcher_w_pumice_stone_wand_fireplace_fire_starter_hearth.html,0,0,0,0,0
1382,High Quality Wholesale Turkey Pumice Stone For Feet,http://www.goldsupplier.com/provide/p165132139.html,0,0,0,0,0
1383,BL Trim Neat Feet Pumice Stone Charcoal (3 Pieces),http://www.drugsupplystore.com/products/bl-trim-neat-feet-pumice-stone-charcoal-3-pieces.html,0,0,0,0,0
1384,TOP Synthetic pumice stone 12 pcs. 42010,http://www.galaxus.de/en/s6/product/top-synthetic-pumice-stone-12-pcs-42010-foot-care-devices-21494283,0,0,0,0,0
1385,Pumice stone powder 1 kg. Technoflux,http://forniturasdelarosa.com/en/polishing-products/2127-pumice-stone-powder-1-kg-technoflux.html,0,0,0,0,0
1386,"Nail Pumice Stone Cuticle Pusher 440003,Nail File",http://www.kadsnailart.com/nail-pumice-stone-cuticle-pusher-440003-p1271.html,0,0,0,0,0
1387,Pumice Stone with cotton strap,http://www.thecandletree.uk/shop/p/pumice-stone,0,0,0,0,0
1388,1PC Natural Pumice Stone Pumice Stones Foot ...,http://www.ebay.pl/itm/155332379444,0,0,0,0,0
1389,Peggy Sage Pumice Stone Manicure And Pedicure ...,http://www.taniaksiazka.pl/peggy-sage-pumice-stone-manicure-and-pedicure-pumeks-kamienny-bialy-niebieski-p-1462342.html,0,0,0,0,0
1390,"Pumice stone, BAKER , J.T. Baker - Fisher Scientific",http://www.fishersci.no/shop/products/pumice-stone-baker-j-t-baker/10616782,0,0,0,0,0
1391,Pumice stone available in Victoria?,http://forums.botanicalgarden.ubc.ca/threads/pumice-stone-available-in-victoria.54017/,0,0,0,0,0
1392,Powerstone Pumice Stone Toilet Bowl Cleaner - Remove ...,http://www.algeria.ubuy.com/en/product/FOKO239HI-powerstone-pumice-stone-toilet-bowl-cleaner-with-extra-long-handle-1-pack-3-39-39-longer-handle-remove-hard-water-stains-rings-limescale-from-toilets,0,0,0,0,0
1393,Nico Stevens Essentials Double Sided Pumice Stone + PU ...,http://www.superdrug.com/health/first-aid/callus-and-corns/nico-stevens-essentials-double-sided-pumice-stone-pu-pink/p/mp-00043005,0,0,0,0,0
1394,"Pumice stone, granular (approx. 1-5mm), Thermo Scientific ...",http://www.fishersci.ca/shop/products/pumice-stone-granular-approx-1-5-mm-acros-organics-2/p-3586488,0,0,0,0,0
1395,Dutch decor plaid charlie 200x220 cm pumice stone,http://www.beslist.nl/products/huis_tuin/r/dutch_decor_plaid_charlie_200x220_cm_pumice_stone/,0,0,0,0,0
1396,Eco Bath Company Natural Pumice Stone Smooth,http://evergreen.ie/products/eco-bath-company-natural-pumice-stone-smooth,0,0,0,0,0
1397,Buy Boots Pumice Stone online,http://ae.boots.com/en/buy-boots-pumice-stone.html,0,0,0,0,0
1398,Dutch Decor plaid jose 140x180cm pumice stone,http://www.osdorp.nl/product/dutch-decor-plaid-jose-140x180cm-pumice-stone,0,0,0,0,0
1399,ZenToes Natural Lava Pumice Stone Pedicure Callus ...,http://www.picknsave.com/p/zentoes-natural-lava-pumice-stone-pedicure-callus-remover-bar-exfoliate-rough-skin-2-count/0085000926141?fulfillment=SHIP,0,0,0,0,0
1400,2in1 Foot Care Scrubber With Pumice Stone,http://ausnewhomecare.com/collections/%F0%9F%94%A5new-products-%F0%9F%91%80/products/feet-scrubber-with-pumice,0,0,0,0,0
1401,Powerstone Pumice Stone Toilet … curated on LTK,http://www.shopltk.com/explore/thesassybarn/posts/b5970d5a-17d1-11ef-9e0c-0242ac110024,0,0,0,0,0
1402,Woman using pumice stone for removing dead skin from feet ...,http://qleanmarket.amanaimages.com/items/FY310182293059?item_type=all&query=足湯&whole_price_zones=false,0,0,0,0,0
1403,"VEGA 4 In 1 Foot Pedicure Brush, Pumice Stone, Scrubber ...",http://www.paisawapas.com/p-vega-4-in-1-foot-pedicure-brush-pumice-stone-scrubber-file-for-soft-care-8879515,0,0,0,0,0
1404,"Foot Pumice Stone, Foot Scrubber Callus Remover, in ...",http://wellshop.pk/product/foot-pumice-stone-foot-scrubber-callus-remover-exf-280952/,0,0,0,0,0
1405,100g Ground Pumice Stone Granular Powder Eco Exfoliant ...,http://www.bigw.com.au/product/100g-ground-pumice-stone-granular-powder-eco-exfoliant-body-scrub-soap-additive/p/9900064696,0,0,0,0,0
1406,gray porous pumice stone as a volcanic igneous rock,http://yayimages.com/32747560/gray-porous-pumice-stone-as-a-volcanic-igneous-rock.html,0,0,0,0,0
1407,"Omcan USA 11392 6"" x 3"" x 3"" Pumice Stone",http://www.culinarydepotinc.com/omcan-usa-11392-6-x-3-x-3-pumice-stone/,0,0,0,0,0
1408,Manicare Ergonomic Pumice Stone (40200),http://www.chemistdirect.com.au/manicare-ergonomic-pumice-stone-40200/,0,0,0,0,0
1409,Here's how you should use a pumice stone for soft feet,http://www.healthshots.com/beauty/skin-care/how-to-use-a-pumice-stone-in-the-right-way-for-your-softest-feet/,0,3,0,0,0
1410,Wholesale Foam Glass Blocks BBQ Cleaner Pumice Stone ...,http://m.made-in-china.com/product/Wholesale-Foam-Glass-Blocks-BBQ-Cleaner-Pumice-Stone-Grill-Bricks-for-Griddle-Cleaning-1989328695.html,0,0,0,0,0
1411,How to use a pumice stone on your body,http://bushbalm.com/en-au/pages/how-to-use-the-body-rock,0,0,0,0,0
1412,All Natural Lava Volcanic Pumice Stone for Feet,http://sonorasupply.com/products/black-lava-volcanic-pumice-stone-all-natural-lava-volcanic-pumice-stone-for-feet,0,0,0,0,0
1413,Trim Neat Feet Pumice Stone | Footcare,http://www.ajmarket.com/shop/pantry/health_personal_care/personal_care/footcare/trim_neat_feet_pumice_stone/p/2091003,0,0,0,0,0
1414,Køb Pumice Stone SBBINA Pullover fra str. S/M-L/XL her,http://www.byoung.com/da-dk/pumice-stone-sbbina-pullover-22100446-140002,0,0,0,0,0
1415,Foot Pumice Stone Natural Volcanic Origin - Tamrhenna,http://www.tamrhenna.com/en/product-details/foot-pumice-stone-natural-volcanic-origin,0,0,0,0,0
1416,Organic B Rectangular Pumice Stone (Foot Scrub),http://organicorion.com/product/organic-b-rectangular-pumice-stone-foot-scrub/,0,0,0,0,0
1417,The Love That Lava Pumice Stone - Urban Spa,http://www.urbanspa.ca/products/love-that-lava-pumice,0,7,0,0,0
1418,"Pumice Stone Stick With Handle, Toilet Bowl Cleaning ...",http://euqs.shein.com/Pumice-Stone-Stick-With-Handle-Toilet-Bowl-Cleaning-Stick-Scouring-Stick-To-Remove-Limescale-Stain-Hard-Water-Rings-And-Calcium-Buildup-Iron-Rust-Remover-For-Toilet-Bathroom-Kitchen-Grills-Tile-Cleaning-Supplies-Cleaning-Tool-p-36021122.html?mallCode=1&pageListType=4,0,0,0,0,0
1419,"Pumice stone 000, extra fine",http://www.tonewoodforviolin.com/produkt/pumice-stone-000-extra-fine/,0,0,0,0,0
1420,Maryton Foot Pumice Stone for Feet Hard Skin Callus ...,http://cbsdistributionllc.com/product/maryton-foot-pumice-stone-for-feet-hard-skin-callus-remover-and-scrubber-pack-of-4-blue/,0,0,0,0,0
1421,Turejo Foot Spa Bath Massager Heated Pumice Stone Rollers ...,http://www.goodshopboatparts.com/product/turejo-foot-spa-bath-massager-heated-pumice-stone-rollers-model-mm-19d/,0,0,0,0,0
1422,M Atlantique Callus Remover Pumice Stone,http://nailsuperstore.com/products/m-atlantique-callus-remover-pumice-stone-coarse-medium-grit-pack-of-6-pcs,0,0,0,0,0
1423,Swimming Pool Stain Remover Pumice Stone EZ-Clip ...,http://bestpoolshop.com/product/swimming-pool-stain-remover-pumice-stone-ez-clip-handle-11505-3-pack/,0,0,0,0,0
1424,Buy babila Babila Light Pumice Stone With Foot File Pc-Vo21,http://www.redfynd.com/product/undefined/babila/babila-light-pumice-stone-with-foot-file-pc-vo21--color-may-vary/70000084804,0,0,0,0,0
1425,Pedicure Bath Feet Oval Light Grey Pumice Stone 9 cm ...,http://www.manchesterwholesale.co.uk/products/6999-parcel-rate,0,0,0,0,0
1426,Foot Shaped Exfoliating Natural Pumice Stone with Cotton ...,http://www.coco-papaya.com/en/gloves-brushes-and-bath-shower-accessories/5348-natural-exfoliating-pumice-stone-in-the-shape-of-a-foot-with-cord.html,0,0,0,0,0
1427,Karol Long Sleeve Rollneck Pullover Knit-Pumice Stone,http://spiritclothing.ie/es-es/products/karol-long-sleeve-rollneck-pullover-knit-pumice-stone,0,0,0,0,0
1428,Hand and Foot Brush with pumice stone to Remove Dead ...,http://shivashu.in/products/9352_pumic_stone_n_brush,0,0,0,0,0
1429,"ANS Disposable Pumice Stone, Mini, White, 500 stones",http://ariachairs.com/ans-disposable-pumice-stone-mini-white-500-stones/,0,0,0,0,0
1430,Spa Prive - Pumice Stone W/Nail Brush,http://thegatheringgarden.com/products/spa-prive-pumice-stone-w-nail-brush,0,0,0,0,0
1431,Shaw Brilliance Tile Pumice Stone,http://www.carpettiledepot.com/shaw-brilliance-tile-pumice-stone-24-x-24-builder-48-sq-ft-ctn.html,0,0,0,0,0
1432,Five Below Pumice Stone 1.91oz,http://www.hamiltonplace.com/products/product/pumice-stone-191oz-fivebelow-d9d0f2,0,0,0,0,0
1433,"3667 SW Pumice Stone Ave, Redmond, OR 97756",http://www.apartments.com/3667-sw-pumice-stone-ave-redmond-or/tbygzkb/,0,0,0,0,0
1434,Pumice Stone Foaming Foot Scrub,http://allthingsbath.com.au/products/ground-pumice-foot-scrub,0,0,0,0,0
1435,Surprising Step Guides to Use Pumice Stone on Feet ...,http://www.vega.co.in/blog/post/an-everything-guide-to-using-pumice-stone.html?srsltid=AfmBOoq1YgW1GjQ1iQ92Nl-_ISiDnrJpHW28Dx3YnbF8Hp5C0Y28ravy,0,0,0,0,0
1436,Pumice Stone Callus Removal Foot Clean Pedicure Grit,http://www.lekarebeautysupply.com/products/pumice-stone-callus-removal-foot-clean-pedicure-1pcs,0,0,0,0,0
1437,VAL26213 Rough Grey Pumice Stone Effects 200ml (6.75 ...,http://wondertrail.com/products/val26213-rough-grey-pumice-stone-effects-200ml-6-75-fl-oz-jar-vallejo,0,0,0,0,0
1438,Dwella Pumice Stone: Your Eco-Friendly Home Cleaning ...,http://www.cayenneforums.com/threads/dwella-pumice-stone-your-eco-friendly-home-cleaning-hero.24576/,0,0,0,0,0
1439,grooming pumice stone WHITE SEA,http://www.catz-n-dogz.de/en/p/grooming-pumice-stone-white-sea,0,0,0,0,0
1440,"Pumice, stone price conversions, cost calculator",http://www.aqua-calc.com/calculate/materials-price/substance/pumice-coma-and-blank-stone,0,0,0,0,0
1441,NuSole PediStone Lathering Antibacterial Pumice Stone ...,http://www.instacart.com/products/25840363-nusole-pedistone-lathering-antibacterial-pumice-stone-for-removes-rough-corns-calluses-each,0,0,0,0,0
1442,Pumice Stone Nail File Cuticle Stone Pusher Nail Sanding,http://remoteentrygaragedoors.com.au/Nail-File-Cuticle-Stone-Pusher-Nail-Sanding-Temu-396365.html,0,0,0,0,0
1443,Lava Pumice Stone with Bamboo Tray | Callus Remover,http://relaxuswholesale.us/products/wholesale-lava-pumice-stone-with-bamboo-tray,0,0,0,0,0
1444,"2,953 Pumice Stone Isolated Images, Stock Photos, 3D, 46 ...",http://awgs.us/?e=2-953-pumice-stone-isolated-images-stock-photos-3d-kk-E0EGBbIm,0,0,0,0,0
1445,Picky Pumice Stone Diy. How to Get Rid of Lint on Clothes,http://irene-labs.de/lxyr/picky-pumice-stone-diy,0,0,0,0,0
1446,"JZK 3 x Porous Pumice stone for feet with hanging string, foot ...",http://www.jzk-jzk.com/products/jzk-3-x-porous-pumice-stone-for-feet-with-hanging-string-foot-care-hard-skin-remover-tool-oval-pumice-foot-file-rock-foot-hard-skin-cleaner,0,0,0,0,0
1447,Only onlsoffy s/l waistcoat swt 15315561 Gilets pumice stone,http://www.expresswear.nl/only-15315561-pumice-stone-gilets-pumice-stone-15983-55,0,0,0,0,0
1448,BeautyTime Squared Pumice Stone PL 323,http://medicinaonline.ae/products/medicina-squared-pumice-stone-pl-323,0,0,0,0,0
1449,Botanics Pumice Stone and Brush,http://www.boots.com/botanics-pumice-stone-and-brush-10261246?bvstate=pg:2/ct:r&catalogId=28501&storeId=11352,0,0,0,0,0
1450,Powerstone Pumice Stone Toilet Bowl Cleaner with Handle (1 ...,http://whitewallandfloortiles.co.uk/uk2/pumice+stone+toilet,0,0,0,0,0
1451,Using the Pumice Stone or Stripping Stone.,http://www.leadingedgedogshowacademy.com/courses/481622/lectures/8984162,0,1,0,0,0
1452,Effect of pumice stone and pearlite abrasives ...,http://ui.adsabs.harvard.edu/abs/2022JCoMa..56.2107E/abstract,0,0,0,0,0
1453,FALAMON 6 Pack Pumice Stone Toilet Bowl Clean Brush ...,http://www.extrabux.com/en/deals/6910126,0,0,0,0,0
1454,Foot Pumice Stone for Feet Hard Skin Callus Remover and ...,http://kmdlegacyshop.com/products/foot-pumice-stone-for-feet-hard-skin-callus-remover-and-scrubber,0,0,0,0,0
1455,Bathmate Pumice Stone Oval Large - Zeni Pharmacy Umhlanga,http://zenipharmacy.co.za/product/bathmate-pumice-stone-oval-large/,0,0,0,0,0
1456,Hydrea London Carved Pumice Stone,http://www.svenskhalsokost.se/hydrea-london-carved-pumice-stone,0,0,0,0,0
1457,"Pumice Stone Dual Ever Ready for Feet, Callus Remover ...",http://pharmapax.co.uk/products/pumice-stone-dual-ever-ready-for-feet-callus-remover-foot-scrubber-2-x-pack,0,0,0,0,0
1458,encre distress oxide gris pumice stone,http://www.feeduscrap.fr/ratdo56140-encre-distress-oxide-pumice-stone/,0,32,0,0,0
1459,Encre Distress Oxide Pumice Stone,http://www.lesateliersdekarine.fr/product/encre-distress-oxide-pumice-stone,0,0,0,0,0
1460,"Ostin Multifunctional Eraser Stain Remover, Pumice Stone ...",http://www.amazon.in/Ostin-Multifunctional-Cleaning-Reusealable-Bathroom/dp/B0CPFKJCB2,0,0,0,0,0
1461,Lava Pumice Stone w/ Rope,http://www.soaplicity.com/products/lava-pumice-stone-w-rope,0,0,0,0,0
1462,Lava Pumice Stone with Hanging Rope - The Ash House,http://theashhousesoap.com/products/lava-pumice-stone-with-hanging-rope,0,0,0,0,0
1463,25518505 Pumice stone Stock Illustrations,http://depositphotos.com/illustrations/pumice-stone.html,0,0,0,0,0
1464,How to use a pumice stone for beauty? - Indrani Cosmetics,http://indranicosmetics.com/how-to-use-a-pumice-stone-for-beauty/,0,0,0,0,0
1465,"Pumice stone, foot rub, foot plate file to remove dead ... - 7 MART",http://www.7mart.shop/en/products/%E7%A3%A8%E8%84%9A%E7%9F%B3%E6%90%93%E8%84%9A%E8%84%9A%E6%9D%BF%E9%94%89%E5%8E%BB%E6%AD%BB%E7%9A%AE%E6%8C%AB%E6%90%93%E8%84%9A%E6%9D%BF%E6%90%93%E8%84%9A%E7%9F%B3%E7%81%AB%E5%B1%B1%E7%9F%B3%E7%BA%B3%E7%B1%B3%E7%8E%BB%E7%92%83%E7%A3%A8%E8%84%9A,0,0,0,0,0
1466,Stay Beautiful Pumice Stone #S2-0485,http://dollarwisecaribbean.com/product/stay-beautiful-pumice-stone-s2-0485/,0,0,0,0,0
1467,Pumice Stone 12lt Agricultural Use Packaged,http://www.kipogeorgiki.gr/en/Pumice-16L,0,0,0,0,0
1468,Plaid Soft Pumice stone 180 x 140 cm,http://www.lifestylebyleonie.nl/plaid-soft-pumice-stone.html,0,0,0,0,0
1469,Unveiling the Benefits of Pumice Stone Powder in Skincare,http://www.theartconnect.in/blogs/skincare/unveiling-the-benefits-of-pumice-stone-powder-in-skincare,0,0,0,0,0
1470,Eco Wrap - Uluru Cedarwood Pumice Stone Soap 130g,http://shop.passionfoods.com.au/lines/cwho-pumice-stone-ulced-soap,0,0,0,0,0
1471,Bubble Mate Foot Spa with Removable Pumice Stone,http://shop.ilovesaipan.net/shop/422071-bubble-mate-foot-spa-with-removable-pumice-stone-254285,0,0,0,0,0
1472,Sow Good Pumice Stone 1 Pack - VitaminLife,http://vitaminlife.com/products/pumice-stone,0,0,0,0,0
1473,Only button front denim shorts in pumice stone,http://www.asos.com/au/only/only-button-front-denim-shorts-in-pumice-stone/prd/204342250,0,0,0,0,0
1474,Pumice Stone for Feet Lasts 5+ Years Foot Exfoliator Scrubber ...,http://handbagsspecialist.com/nl/products/pumice-stone-for-feet-lasts-5-years-foot-exfoliator-scrubber-callus-remover,0,0,0,0,0
1475,The Somerset Toiletry Co. Natural Pumice Stone пемза ...,http://www.notino.ua/the-somerset-toiletry-co/natural-pumice-stone-pemza-dlja-nig/,0,0,0,0,0
1476,Creative Uses for a Pumice Stone,http://www.pinterest.es/pin/9-amazing-things-you-can-do-with-a-pumice-stone--436778863875746588/,0,0,0,0,0
1477,natural lava pumice stone on rope,http://fortandfield.com/products/natural-lava-pumice-stone-on-rope,0,0,0,0,0
1478,"VEGA 4 In 1 Foot Pedicure Brush, Pumice Stone, Scrubber ...",http://horeka.co/product/vega-4-in-1-foot-pedicure-brush-pumice-stone-scrubber-file-for-soft-care/,0,0,0,0,0
1479,pumice stone — Translation in Danish - TechDico,http://www.techdico.com/translation/english-danish/pumice+stone.html,0,0,0,0,0
1480,Hammer Base Layer (Pumice Stone),http://www.velobici.cc/products/hammer-base-layer-pumice-stone,0,0,0,0,0
1481,"Do you use the ""cheese grater"" tool or a pumice stone to ...",http://www.yelp.com/questions/gLlOsF3F6OLZPlmldSB0gg/zcVQ2SrhDmjmz6jmDGu2pg,0,0,0,0,0
1482,MAGLIE Donna ONLY 15288895 LIFE PUMICE STONE,http://www.tntshop.it/it/shop/abbigliamento-maglie/72032/maglie-donna-only-15288895-life-pumice-stone.html,0,0,0,0,0
1483,pharmasave pumice stone w/ rope,http://shop.pharmasave.com/store466/pharmasave-pumice-stone-w-rope,0,0,0,0,0
1484,"Pumice stone; crude or in irregular pieces, including crushed ...",http://wits.worldbank.org/trade/comtrade/en/country/ALL/year/2023/tradeflow/Exports/partner/WLD/product/251311,0,0,0,0,0
1485,Pure Body Pumice Stone Red,http://martinsfoods.com/groceries/health-beauty/foot-care/foot-file-pumice-stone/pure-body-pumice-stone-red-1-ea.html,0,0,0,0,0
1486,Celavi Pumice Stone with Brush,http://dollar-king.net/celavi-pumice-stone-with-brush.html,0,0,0,0,0
1487,Earth Therapeutics Natural Sierra Pumice Stone 1 Ct,http://harvestnaturalfoods.net/product/et-natural-sierra-pumice-bars-1-ct/,0,0,0,0,0
1488,Trim Neat Feet Pumice Stone (3in),http://www.sukaistore.com/products/trim-neat-feet-pumice-stone-3in,0,0,0,0,0
1489,"PB-12 by US Pumice, Pumice Stone for Cleaning of Pools ...",http://bahrain.desertcart.com/amp/products/162365706-pool-blok-pb-12-by-us-pumice-pumice-stone-for-cleaning-of-pools-spa-tile-concrete-pummis-stone-to-remove-lime-rust-stains-algae-from-pools-grey-5-75-x-2-87-x-2-87-1,0,0,0,0,0
1490,Definition of Pumice stone Meaning and Definition,http://www.bibliatodo.com/en/bible-dictionary/pumice-stone,0,0,0,0,0
1491,Beter Pedicure Natural Pumice Stone,http://cosmetis.com/ca/beter-pedicure-natural-pumice-stone,0,0,0,0,0
1492,浮石马桶刷1Pcs Water Toilet Bowl Natural Pumice Stone ...,http://shopee.com.my/%E6%B5%AE%E7%9F%B3%E9%A9%AC%E6%A1%B6%E5%88%B71Pcs-Water-Toilet-Bowl-Natural-Pumice-Stone-Cleaner-Brush-Wand-Cleaning-i.188678203.24426462642?sp_atk=72b8dbb5-3c57-4a9d-b9ae-acc964732ef2&xptdk=72b8dbb5-3c57-4a9d-b9ae-acc964732ef2,0,0,0,0,0
1493,Natural Pumice Stone for Feet,http://cosmeticsbyconstance.com/?product=natural-pumice-stone-for-feet,0,0,0,0,0
1494,The Somerset Toiletry Co. Natural Pumice Stone piedra ...,http://www.notino.es/the-somerset-toiletry-co/natural-pumice-stone-piedra-pomez-para-pies/,0,0,0,0,0
1495,Pumice Stone Extraction from Laguna Invernada,http://www.enel.cl/en/sustainability/creating-shared-value/enel-plants-and-projects-with-communities/maule-plants/pumice-stone-extraction-from-laguna-invernada.html,0,0,0,0,0
1496,"Pumice Stone For Soft, Smooth Skin",http://www.trustedhealthproducts.com/blogs/skin-care/pumice-stone-for-soft-smooth-skin,0,4,0,0,0
1497,Clover Fields Foot Shaped Pumice Stone,http://www.nutrientavenue.com.au/collections/body/products/clover-fields-foot-shaped-pumice-stone,0,0,0,0,0
1498,A Pumice Stone Might Be The Secret To A Sparkling Clean ...,http://mds-mds.com.br/a-pumice-stone-might-be-the-secret-to-a-sparkling-clean-toilet-C14249058,0,0,0,0,0
1499,KillyS For Men Pumice Stone pumeks kamienny,http://drogeriadrzdrowie.pl/pl/p/KillyS-For-Men-Pumice-Stone-pumeks-kamienny/30122?trk_e=9&trk_hb=52&trk_hp=6&trk_o=30122&trk_re=9&trk_ro=30855,0,0,0,0,0
1500,KillyS For Men Pumice Stone pumeks kamienny,http://pachnij.pl/pozostale/197074-killys-for-men-pumice-stone-pumeks-kamienny-3031445009898.html,0,0,0,0,0
1501,Glass Pumice Stone Foot File and Callus Remover for Feet,http://www.tomoson.com/p/glass-pumice-stone-foot-file-and-callus-remover-for-feet-glass-nail-file-in-case-1,0,0,0,0,0
1502,Wholesale ZLARGE PUMICE STONE WITH ROPE - GLW,http://www.glwholesale.com/product/wholesale-large-pumice-stone-with-rope/01-21757-001,0,0,0,0,0
1503,Spa Sister Curved Pumice Stone - Wandering Flamingo,http://wanderingflamingo.com/products/spa-sister-curved-pumice-stone,0,0,0,0,0
1504,Solid foot scrub with lemon and pumice stone - 60g,http://www.ankorstore.com/brand/la-kaz-naturelle-30656/gommage-des-pieds-au-citron-3049308,0,0,0,0,0
1505,Foot Brush And Pumice Stone,http://www.ifbcindia.com/index.php?product_id=337&route=product/product,0,0,0,0,0
1506,Pemza Beter Natural Pumice Stone ...,http://www.senukai.lt/p/pemza-beter-natural-pumice-stone-natural-pumice-stone/irn5,0,0,0,0,0
1507,Fine White Pumice Stone Effect (200ml) (#AV 26212),http://www.bnamodelworld.com/vallejo-av-26212-fine-white-pumice-stone-effect-200ml,0,0,0,0,0
1508,Wholesale Natural Earth Lava Rock Pumice Stone,http://www.pandahall.com/p-2411907-natural-earth-lava-rock-pumice-stone-pedicure-exfoliation-tool-for-health-foot-care.html,0,0,0,0,0
1509,Plaid ZINZI 140x180 cm Pumice Stone,http://www.dutchdecor.com/ZINZI-Plaid-140x180-cm-bontlook-effen-kleur-Pumice-Stone-beige/DDL0912301439,0,0,0,0,0
1510,"1pc Pumice Stone For Toilet Bowl Cleaning, Scouring Stick ...",http://www.makerstrive.com/?m=1pc-pumice-stone-for-toilet-bowl-cleaning-scouring-stick-pp-6VPQLLt8,0,0,0,0,0
1511,PUMICE STONE WITH NAIL BRUSH - Fearrington Village,http://fearrington.myshopify.com/products/pumice-stone-with-nail-brush,0,0,0,0,0
1512,Bamboo Nail Brush w/Natural Pumice Stone,http://www.abacohealth.com/bamboo-nail-brush-w-natural-pumice-stone.html,0,0,0,0,0
1513,Introducing Pumice Stone for Toilet,http://forums.androidcentral.com/threads/introducing-pumice-stone-for-toilet.1068610/post-7212164,0,0,0,0,0
1514,Buy Black Volcanic Pumice Stone for Feet & Knees,http://glo.zenamoroccan.com/Black-Volcanic-Pumice-Stone-for-Removing-Dead-Skin-from-Feet-and-Knees,0,0,0,0,0
1515,"Foot Pumice Stone For Feet, Callus Remover ... - Shein NZ",http://nz.shein.com/Foot-Pumice-Stone-For-Feet-Callus-Remover-And-Foot-Scrubber-And-Pedicure-Exfoliator-Tool-For-Dead-Skins-p-24627451-cat-4563.html,0,0,0,0,0
1516,Distress Ink Stempelkissen Pumice Stone,http://www.stempelbar.de/distress-ink-stempelkissen-pumice-stone,0,0,0,0,0
1517,Source Balance Pumice Stone ( Pedra Pome),http://beautyon.pt/pt/acessorios-corpo/p/2965-source-balance-pumice-stone-pedra-pome-8711603259673.html,0,0,0,0,0
1518,ONLY & SONS Tile Corduroy Hemd Pumice Stone,http://www.2trendy.at/p/125000006228,0,0,0,0,0
1519,Pumice Stone Pussywillow Gray Archives,http://alexanian.com/product-tag/pumice-stone-pussywillow-gray,0,0,0,0,0
1520,Pumice Stone w/ Nail Brush,http://www.beautyboxthere.com/product/pumice-stone-w-nail-brush/,0,0,0,0,0
1521,Modo Di Bellezza Natural Pumice Stone Heel Elbow ...,http://www.trendyol.com/en/modo-di-bellezza/natural-pumice-stone-heel-elbow-callus-dead-skin-cleaner-for-deep-cleaning-p-757607464,0,0,0,0,0
1522,Griddle Block Pumice Stone 6in,http://www.elliottsonline.co.uk/griddle-block-pumice-stone-6in,0,0,0,0,0
1523,Neat Feat Foot Pumice Stone,http://www.lookfantastic.ie/neat-feat-foot-pumice-stone/10590058.html,0,0,0,0,0
1524,Pumice stone meaning in hindi - dixxnary,http://hindi.dixxnary.com/Pumice%20stone-meaning-in-hindi/119552,0,0,0,0,0
1525,What is a pumice stone?,http://www.sallybeauty.com/FAQ_NAILS_037.html,0,0,0,0,0
1526,TORUBIA Pumice Stone for feet 2 Pcs - Natural Earth Lava ...,http://www.walmart.ca/en/ip/TORUBIA-Pumice-Stone-feet-2-Pcs-Natural-Earth-Lava-Callus-Remover-Feet-Heels-Palm-Pedicure-Exfoliation-Tool-Corn-Dry-Dead-Skin-Scrubber-Health-Foot-C/5M1S3MUPSRLX,0,0,0,0,0
1527,Buy Only Womens Lou Short Check Jacket Pumice Stone ...,http://www.mandmdirect.ie/01/details/OY30461/Only-Womens-Lou-Short-Check-Jacket-Pumice-Stone-Rose-Brown-Checks,0,0,0,0,0
1528,Natural Pumice Stone (Black) 45255B,http://iihealthfoods.com/products/100007153,0,0,0,0,0
1529,"Trim Neat Feet Pumice Stone, with Nail Brush",http://shop.harterhouse.com/shop/pantry/health_personal_care/trim_neat_feet_pumice_stone_with_nail_brush/p/7277098,0,0,0,0,0
1530,Buy 4 Pieces Pumice Stone Toilet Cleaner With Handle - ...,http://www.brosa.com.au/br/buy/bostestore-4-pieces-pumice-stone-toilet-cleaner-with-handle-toilet-pumice-stone-cleaning-stone-for-kitchen-bathroom-pool-household-cleaning-feet-d004200/,0,0,0,0,0
1531,Spare soft pumice stone Velites Smooth Stone - Sportisgood,http://sportisgood.com/smooth-stone-spare-soft-pumice-stone-velites-smooth-stone-green-one-size,0,0,0,0,0
1532,"Huge rocks of pumice stone, formerly the seashore, Lipari, ...",http://www.loc.gov/item/2020682879/,0,0,0,0,0
1533,9551 Pumice Stone Sponge Block Heel Callus Scrubber,http://alwaysbeauty.com.au/product/9551-pumice-stone-sponge-block-heel-callus-scrubber/,0,0,0,0,0
1534,THE REAL PUMICE STONE FOOT SCRUBBER WILLIAMS ...,http://trademarks.justia.com/750/74/the-real-pumice-stone-foot-scrubber-williams-blackstone-callous-and-corn-remover-you-cant-beat-happy-feet-75074666.html,0,0,0,0,0
1535,Pumice Stone Lava from Disinall removes calluses and ...,http://www.disinall.nl/en/shop/pumice-stone-lava/,0,0,0,0,0
1536,MARYTON Foot Pumice Stone Reviews Summary - Wisely,http://shopwisely.ai/reviews/1/B07R6JZRS1/maryton-foot-pumice-stone-reviews-summary,0,0,0,0,0
1537,"""Pumice stone"" Essential T-Shirt for Sale by pinkal",http://www.redbubble.com/i/t-shirt/Pumice-stone-by-pinkal/49926851.NL9AC,0,0,0,0,0
1538,Powerstone Pumice Stone Toilet Bowl Cleaner with ...,http://www.amerikadayasiyorum.com/amazon/powerstone-pumice-stone/668ab7a474569101c1ec10ab,0,0,0,0,0
1539,Using a Pumice Stone to Soften Feet by spiffydeformity41,http://issuu.com/spiffydeformity41/docs/142025231954a7549f9f6f6,0,0,0,0,0
1540,Tim Holtz Distress Stain SPRAY - Pumice Stone,http://hobbyboden.dk/shop/tim-holtz-distress-26088p.html,0,0,0,0,0
1541,46 Pumice Stone Texture Stock Photos and High-res Pictures,http://www.gettyimages.co.uk/photos/pumice-stone-texture,0,0,0,0,0
1542,4pcs/set Double-sided Pumice Stone Foot Sanding Block ...,http://www.zoodmall.com.lb/en/product/28578271/4pcsset-doublesided-pumice-stone-foot-sanding-block-dead-skin-calluses-remover/,0,0,0,0,0
1543,Brooklyn Cloth Originals Fleece Hoodie Pumice Stone / Medium,http://ferrofasil.co/products/brooklyn-cloth-originals-fleece-hoodie-pumice-stone-medium-5377326545,0,0,0,0,0
1544,Healifty 6pcs Pumice Stone Feet Hard Skin Callus ...,http://outfitocean.com/collections/vendors/products/healifty-6pcs-pumice-stone-feet-hard-skin-callus-remover-scrubber-pedicure-exfoliator-block-foot-care-tool-kit-purple,0,0,0,0,0
1545,IT Luggage Momentous – Vanity Case (Pumice Stone),http://www.thehandluggageshop.com/it-luggage-momentous-vanity-case-pumice-stone/,0,0,0,0,0
1546,Billberry (pumice stone) : Hüfttaschen von aunts & uncles,http://www.ozelot.at/huefttaschen/billberry-pumice-stone,0,0,0,0,0
1547,NailIt™ Pumice Stone Nail File,http://boutipa.com/products/nailit%E2%84%A2-pumice-stone-nail-file,0,0,0,0,0
1548,COSKIRA Shower Foot Scrubber with Pumice Stone ...,http://www.silkrute.com/health-and-personal/skin-care/feet-care/feet-care/coskira-shower-foot-scrubber-with-pumice-stone-foot-clean-smooth-exfoliate-and-massager-without-bending-in-the-shower-or-bathtub-foot-dead-skin-and-callus-remover-upgraded-non-slip-with-suction-cups/,0,0,0,0,0
1549,"Nail brush with pumice stone Éternel, natural - Chic Antique",http://mywhitecountryhouse.se/en/our-brands/chic-antique/nail-brush-with-pumice-stone-eternel-natural-chic-antique/,0,0,0,0,0
1550,"3793 SW Pumice Stone Ave Lot 16, Redmond, OR 97756",http://www.redfin.com/OR/Redmond/3793-SW-Pumice-Stone-Ave-97756/unit-16/home/182029788,0,0,0,0,0
1551,Traditional Foot Brush/Dry Body Brush with Pumice Stone ...,http://www.efbdirect.com.au/shop/product/traditional-foot-brush-w-pumic/,0,0,0,0,0
1552,"4 in 1 Pedicure Tools Set with Pumice Stone, Fingernail ...",http://haflatisa.com/en/%D9%85%D8%AC%D9%85%D9%88%D8%B9%D8%A9-%D8%A7%D8%AF%D9%88%D8%A7%D8%AA-%D8%A8%D8%A7%D8%AF%D9%8A%D9%83%D9%8A%D8%B1-4-%D9%81%D9%8A-1-%D9%85%D8%B9-%D8%AD%D8%AC%D8%B1-%D8%AE%D9%81%D8%A7%D9%81-%D9%84%D9%84%D9%82%D8%AF%D9%85%D9%8A%D9%86-%D9%81%D8%B1%D8%B4%D8%A7%D8%A9-%D8%AA%D9%86%D8%B8%D9%8A%D9%81-%D8%A7%D8%B8%D8%A7%D9%81%D8%B1-%D8%A7%D9%84%D9%8A%D8%AF%D9%8A%D9%86-%D9%88%D8%A7%D9%84%D9%82%D8%AF%D9%85-%D9%85%D8%A8%D8%B1%D8%AF-%D9%85%D8%B9%D8%AF%D9%86%D9%8A-%D9%88%D9%84%D9%88%D8%AD-%D8%B5%D9%86%D9%81%D8%B1%D8%A9-%D9%85%D8%AC%D9%85%D9%88%D8%B9%D8%A9-%D8%A8%D8%A7%D8%AF%D9%8A%D9%83%D9%8A%D8%B1-%D9%84%D9%84%D8%B9%D9%86%D8%A7%D9%8A%D8%A9-%D8%A8%D8%A7%D9%84%D9%82%D8%AF%D9%85%D9%8A%D9%86-%D9%88%D8%A7%D8%B2%D8%A7%D9%84%D8%A9-%D9%85%D8%B3%D8%A7%D9%85%D9%8A%D8%B1-%D8%A7%D9%84%D9%82%D8%AF%D9%85/p2017705347,0,0,0,0,0
1553,"Pumice Stone For Feet, Hands, Elbows, Knees, Body ...",http://buywisely.com.au/product/pumice-stone-for-feet-hands-elbows-knees-body-pack-of-2-,0,0,0,0,0
1554,Durable Pumice Stone Foot Exfoliator and Callus Remover,http://www.ubuy.co.in/product/2YBY3SY-2-in-1-pumice-stone-for-feet-hand-made-foot-scrubber-premium-callus-remover-foot-file-to-exfoliate-hard-dry-dead-skin-on-heels-feet-lasts-5-years-set,0,0,0,0,0
1555,Moshi moshi mind pumice stone - Vinted,http://www.vinted.lu/items/1123528534-moshi-moshi-mind-pumice-stone,0,0,0,0,0
1556,Horze 'Chloe' Rainbow Technical Hoodie in Pumice Stone,http://www.triedequestrian.com/products/horze-chloe-rainbow-technical-hoodie-in-pumice-stone-childrens-xl,0,0,0,0,0
1557,Private Label Volcanic Pumice Stone Wholesale wholesales,http://www.kasonsources.com/product/private-label-volcanic-pumice-stone-wholesale-wholesales/,0,0,0,0,0
1558,Buy MEDICARE PUMICE STONE WITH HANDLE Online,http://onlinepharmacy.ie/products/medicare-pumice-stone-with-handle,0,0,0,0,0
1559,Korbond Redberry Pumice Stone And Quartz Nail Care 1ea,http://www.newworld.co.nz/shop/product/5282083_ea_000nw?name=redberry-pumice-stone-and-quartz-nail-care,0,0,0,0,0
1560,FOLELLO Natural Pumice Stone for Feet | Hard Skin Callus ...,http://salonscart.com/products/folello-natural-pumice-stone-for-feet-hard-skin-callus-remover-for-feet-and-hands-natural-foot-file-exfoliation-to-remove-dead-skin-white-set-of-4,0,0,0,0,0
1561,"Porous rock, possibly pumice stone – Objects – eMuseum",http://collections.peabody.harvard.edu/objects/details/180543,0,0,0,0,0
1562,Roofa Spain Glass Pumice Stone - 021FC,http://www.fragmantic.com/products/roofa-spain-glass-pumice-stone-021fc,0,0,0,0,0
1563,IT Luggage Momentous – Cabin (Pumice Stone),http://www.itluggageshop.com/it-luggage-momentous-cabin-pumice-stone/,0,0,0,0,0
1564,Pumice Stone Nail Files 1 Piece - Lynl Inc,http://lynl.ca/products/pumice-stone-nail-files-1-piece,0,0,0,0,0
1565,Impresa - 2 Pack Pumice Stone Toilet Bowl Cleaner with Extra ...,http://portagelakerssnowmobileclub.org/us14/pumice+stone+toilet+brush,0,0,0,0,0
1566,Altro Ensemble™ / M 500 500x1000 Pumice Stone,http://www.architonic.com/en/product/altro-altro-ensemble-m-500-500x1000-pumice-stone/20234600,0,1,0,0,0
1567,Elleny Knit Shirt Pumice Stone,http://sassandedge.com/products/elleny-knit-shirt-pumice-stone,0,0,0,0,0
1568,Pedicure Puimsteen 500989 KillyS For Men Pumice Stone,http://makeup.be/nl/product/769960/,0,0,0,0,0
1569,Pumice stone is an example of - NEETMOCK,http://neetmock.com/questions/6SSV9M5QGU,0,0,0,0,0
1570,Zaha Dress in Pumice Stone - DJANA,http://djanastore.com/products/zaha-dress-in-pumice-stone,0,0,0,0,0
1571,What is pumice stone an example of?,http://cuetmock.com/questions/M6RWU4UX35,0,0,0,0,0
1572,Buy Up To Toe Natural Ceramic Pumice Stone For ...,http://www.beautypalace.in/natural-ceramic-pumice-stone-for-cleaning-feet,0,0,0,0,0
1573,Mcobeauty Foot Pumice Stone each,http://www.allysbasket.com/nail-care/25402-mcobeauty-foot-pumice-stone-each.html,0,0,0,0,0
1574,Foam Glass Magic BBQ Grill Pumice Stone ...,http://zrdrockwool.en.made-in-china.com/product/JxzpmgvWJFhe/China-Foam-Glass-Magic-BBQ-Grill-Pumice-Stone-Grill-Stone-Grill-Cleaning-Block.html,0,0,0,0,0
1575,Pumice Stone Toilet Brush Toilet Bowl Cleaner ...,http://pgmall.my/p/N894/2744,0,0,0,0,0
1576,Tim Holtz Mini Distress Ink Pumice Stone,http://craftelier.com/de-de/bedrangnis-mini-tinten-bimsstein-tim-holtz-m05.html,0,0,0,0,0
1577,TAPICO NAIL BRUSH w/PUMICE STONE,http://www.jacqyjayesboutique.ca/copy-of-wool-detachable-bath-brush-59703927.html,0,0,0,0,0
1578,4 Pcs Razors Pumice Stone Foot Cheese Grater Handheld ...,http://vi.aliexpress.com/i/1005006497932764.html,0,0,0,0,0
1579,Onlhenny life reg s/l tank top box jrs Pumice stone sweet,http://m.intercityonline.nl/nl/3854774/onlhenny-life-reg-sl-tank-top-box-jrs-pumice-stone-sweet/,0,0,0,0,0
1580,Onlsoffy s/l waistcoat swt Pumice stone,http://www.intercityonline.nl/nl/3457051/onlsoffy-sl-waistcoat-swt-pumice-stone/,0,0,0,0,0
1581,6 Surprising Uses Of A Pumice Stone | Lifehack,http://vocal.media/lifehack/6-surprising-uses-of-a-pumice-stone,0,0,0,0,0
1582,Meaning of pumice stone - Scrabble and Words With Friends,http://wwwww.wineverygame.com/word/meaning/pumice_stone.html,0,0,0,0,0
1583,Trim Pumice Stone With Nail Brush,http://www.nasserpharmacy.com/bh-en/trim-pumice-stone-with-nail-brush-30100776,0,0,0,0,0
1584,Wal Pumice Stone in Cellular Glass cod. 7887,http://pharmacyloreto.com/wal-pumice-stone-in-cellular-glass-cod-7887,0,0,0,0,0
1585,z Pumice Stone - the Rainy Creek Soap shop,http://www.rainycreeksoap.com/Products/z-pumice-stone,0,0,0,0,0
1586,Flowery Natural Bath Pumice Stone - MK Beauty Club v2,http://mk-beauty-club-v2.myshopify.com/products/flowery-natural-bath-pumice-stone,0,0,0,0,0
1587,Orku 1300g Ground Pumice Stone Granular Powder Tub ...,http://www.harveynorman.com.au/orku-1300g-ground-pumice-stone-granular-powder-tub-exfoliant-body-scrub1.html,0,0,0,0,0
1588,2Kg Ground Pumice Stone Granular Powder Eco Exfoliant ...,http://www.mydeal.com.au/2kg-ground-pumice-stone-granular-powder-eco-exfoliant-body-scrub-soap-additive-7422927,0,0,0,0,0
1589,Toilet Bowl Cleaning Pumice Stone - Removes Hard UK,http://www.u-buy.co.uk/product/46EJ8ZQXO-6-pack-pumice-stone-toilet-bowl-clean-brush-remove-toilet-bowl-hard-water-rings-calcium-buildup-and-rust-suitable-for-cleaning-toilet-bathroom,0,0,0,0,0
1590,Pumice / Pumice stone / Apung stone 500gr / media filter,http://shopee.co.id/batu-apung-media-filter-batu-apung-Pumice-Pumice-stone-Apung-stone-500gr-media-filter-i.342276974.9629193424,0,0,0,0,0
1591,Pumice Stone with Nail Brush - EdgeWood Farm,http://www.edgewoodfarmandflower.com/products/pumice-stone-with-nail-brush,0,0,0,0,0
1592,Pumice Stone W/ Nail Brush by Urbana,http://www.mcnallyrobinson.com/612082770162/urbana/pumice-stone-w-nail-brush,0,0,0,0,0
1593,Hydrea London Carved Pumice Stone with Rope - Pinterest,http://www.pinterest.co.uk/pin/hydrea-london-carved-pumice-stone-with-rope-apotek-hjrtat--636766834834826055/,0,0,0,0,0
1594,"New Zealand exports of pumice stone, emery, corundum ...",http://figure.nz/chart/kX4EHvK0MDmkZh4x-bShO33Eqw9Va8rE1,0,7,0,0,0
1595,What is pumice stone? Get to know this natural skin exfoliant ...,http://www.pinkvilla.com/beauty/what-pumice-stone-1042128,0,22,0,0,0
1596,Meaning of PUMICE STONE in Marathi,http://marathi.shabd.in/pumice%20stone/meaning,0,0,0,0,0
1597,"Titania Foot & Hand Pumice Stone, 1 Count (Assorted Colours)",http://www.superpharmtt.com/products/254083532,0,0,0,0,0
1598,Wind Grey & Pumice Stone Bamboo Keffiyeh Scarf – CAVE,http://www.cave-london.com/products/wind-grey-pumice-stone-bamboo-keffiyeh-scarf,0,0,0,0,0
1599,Hand & Feet Pumice Stone ALTUM by Ib Laursen,http://em-home.co.uk/shop/homeware-brands/ib-laursen/hand-feet-pumice-stone-altum-by-ib-laursen/,0,0,0,0,0
1600,1Pc/2Pcs/3Pcs Household Pumice Stone Toilet Brush ...,http://www.wish.com/product/1pc2pcs3pcs-household-pumice-stone-toilet-brush-bathroom-toilet-cleaning-block-wand-tile-sink-bathtub-limescale-stain-remove-kitchen-sink-washing-cleaning-tool-64e6fec1a90d015427da9a3f,0,0,0,0,0
1601,Foot treatment that might involve a pumice stone ...,http://tryhardguides.com/foot-treatment-that-might-involve-a-pumice-stone-crossword-clue/,0,0,0,0,0
1602,The first evidence of microplastic presence in pumice stone ...,http://www.frontiersin.org/journals/marine-science/articles/10.3389/fmars.2022.961729/full,0,0,0,0,0
1603,Pure Pumice Stone Powder Skin 100 gm,http://hollywoodsecrets.in/products/pure-pumice-stone-powder-skin-100-gm,0,0,0,0,0
1604,PurOrganica: Urea 40 Percent Foot Cream (Pumice Stone ...,http://myshopville.ca/products/purorganica-urea-40-percent-foot-cream-pumice-stone-and-brush-healthcare,0,0,0,0,0
1605,Cleaning Pumice Stone 2 Pack - Pair of Toilet Cleaner ...,http://www.newegg.com/p/1HR-00EN-00001?Item=9SIBPGRK106651,0,0,0,0,0
1606,"Pumice stone, 2-5 mm, 1 kg, plastic",http://www.astechireland.ie/product/pumice-stone-2-5-mm-1-kg-plastic,0,0,0,0,0
1607,MA Strum Short Sleeve Pique Polo Shirt | Pumice Stone,http://cockneyrebelfashions.co.uk/ma-strum-short-sleeve-pique-polo-shirt-pumice-stone,0,0,0,0,0
1608,Maryton Foot Pumice Stone for Feet Hard Skin Callus ...,http://cartsone.com/product/maryton-foot-pumice-stone-for-feet-hard-skin-callus-remover-and-scrubber-pack-of-4-blue/,0,0,0,0,0
1609,Buy Botanics Pumice Stone and Brush online,http://qt.boots.com/en/buy-botanics-pumice-stone-and-brush.html,0,0,0,0,0
1610,Buy 4 Pieces 4 in 1 Pumice Stone Brush Foot File Callus ...,http://shoptheworld.in/p/b088nyqkr1-4-pieces-4-in-1-pumice-stone-brush-foot%C2%A0file%C2%A0callus%C2%A0remover-foot-care-paddle-kit-tool-with-pumice-stone-emery-board-and-metal-file-manicure-nail-brush-for-massage-spa-sauna-and-more,0,0,0,0,0
1611,"XBAILAZ Pumice Stone for Feet, Picking Rock Kit Oval ...",http://www.amazon.sa/-/en/XBAILAZ-Pumice-Picking-Interesting-Adults/dp/B0BQR3PZ7L,0,0,0,0,0
1612,TRIM Foot Care Oval-Shaped Foot Pumice Stone with Grip ...,http://one.brickseek.com/p/5156042,0,0,0,0,0
1613,Tim Holtz Mini Distress Ink Pad Pumice Stone 1x1 inch,http://kingsframingandartgallery.com/tim-holtz-mini-distress-ink-pad-pumice-stone-1x1-inch,0,0,0,0,0
1614,KillyS For Men Pumice Stone pumeks kamienny,http://twojehybrydy.pl/12245-killys-for-men-pumice-stone-pumeks-kamienny,0,0,0,0,0
1615,ONLY Mujer Cropped T-Shirt Tie Dye Print pumice stone beige,http://www.77onlineshop.es/only-mujer-cropped-t-shirt-tie-dye-print-pumice-stone-beige,0,0,0,0,0
1616,Organic B Lava Pumice Stone,http://www.orgoallnatural.com/product/organic-b-lava-pumice-stone/,0,0,0,0,0
1617,"👣 Pumice Stone Foot Scrubber: Exfoliate, Massage, and…",http://revain.org/reviews/pumice-stone-scrubber-shower-floor-b092y2834d,0,0,0,0,0
1618,VCT Vinyl Composition Tile Pumice Stone: 52147,http://www.armstrongflooring.com/commercial/en-us/products/vinyl-composition-tile/excelon-stonetex/item/52147.html,0,6,0,0,0
1619,Customer reviews: 6 Pack Pumice Stone for Toilet Bowl ...,http://us.amazon.com/product-reviews/B088FGJGBV/ref=pd_scr_vtp_h_m_c_pd_scr_vtp_h_m_c_m_sccl_5_cr/000-0000000-0000000?content-id=amzn1.sym.1f8e1d62-280c-4da2-8028-3f65641bf4f1&pd_rd_i=B088FGJGBV&pd_rd_r=82e13edc-636f-4e50-a2b7-c4d0e8c28d7e&pd_rd_w=s27EM&pd_rd_wg=avJAJ&pf_rd_p=1f8e1d62-280c-4da2-8028-3f65641bf4f1&pf_rd_r=3NRGEX03NGWRE7VY3T6J,0,0,0,0,0
1620,NATURAL pumice stone Foot Files Beter - Perfume's Club,http://www.perfumesclub.no/en/beter/pumice-stone-natural/p_116681508/,0,0,0,0,0
1621,ONLY & SONS S/S Strik Polo - Pumice Stone,http://thebestbuy.dk/herre/25943-only-sons-kortaermet-strik-polo-pumice-stone.html,0,0,0,0,0
1622,CREA Dhrs 4 Pieces Pumice Stone Toilet Cleaner With ...,http://www.manomano.fr/p/crea-dhrs-4-pieces-pumice-stone-toilet-cleaner-with-handle-toilet-pumice-stone-cleaning-stone-compatibl-79157859,0,0,0,0,0
1623,Hand & Foot Cleaning Brush with Pumice Stone - Beige,http://www.myntra.com/loofah-sponges-and-brushes/rusticrituals/rustic-rituals-hand--foot-cleaning-brush-with-pumice-stone---beige/27055104/buy,0,0,0,0,0
1624,Sun Haven - where to find Pumice Stone,http://steamcommunity.com/app/1432860/discussions/0/3829791007691208627/,0,0,0,0,0
1625,Effect of Enzyme Washing Combined With Pumice Stone ...,http://vixra.org/pdf/1506.0020v1.pdf,0,0,0,0,0
1626,TRITON Pumice Stone Scrubber for Callus Crack Dry Dead ...,http://www.shopsy.in/triton-pumice-stone-scrubber-callus-crack-dry-dead-skin-removal-purple/p/itm3602b3c478f35?lid=LSTFRVGZ9F4VNHF2AKJ8CPH4I&marketplace=FLIPKART&pid=FRVGZ9F4VNHF2AKJ,0,0,0,0,0
1627,Petriz Stripping Stone for Dog Grooming Pumice Stone Pet ...,http://pawsplanetshop.com/products/petriz-stripping-stone-for-dog-grooming-pumice-stone-pet-fur-remover-cats-dogs-horses-grooming-tool-alternative-to-pet-hair-brush-dog-hair-cleaner,0,0,0,0,0
1628,Woman Using Pumice Stone For Removing Dead Skin ...,http://personalinvolvementcenter.com/?u=woman-using-pumice-stone-for-removing-dead-skin-from-nn-MKDNADUd,0,0,0,0,0
1629,Volcanic Lava Rock Indonesia Black Lava Pumice Stone,http://www.stoneadd.com/Volcanic-Lava-Rock-Indonesia-Black-Lava-Pumice-Stone-E49239,0,4,0,0,0
1630,Exfoliating Pumice Stone Foot Rub For Gentle Itchy Feet ...,http://www.dhgate.com/product/pumice-stone-exfoliating-foot-rub-feet-comfortable/953224672.html,0,0,0,0,0
1631,6 Pack Pumice Stone Toilet Bowl Cleaner Remove Hard ...,http://www.dicksmith.com.au/da/buy/eterminal-6-pack-pumice-stone-toilet-bowl-cleaner-remove-toilet-bowl-hard-water-rings-calcium-buildup-iron-and-rust-pumice-suitable-for-cleaning-toilet-bathtub-kitchen-sink-grill-gray-b08lh36p55/,0,0,0,0,0
1632,Import Pumice Stone Toilet Brush Household Toilet Bowl ...,http://www.tokopedia.com/dynasty/import-pumice-stone-toilet-brush-household-toilet-bowl-cleaner-limesca?aff_unique_id=VjkFB7m_bnLM_eF21qG3K9ZtQ3iZHHaHK01N5dBcDBrKRZlsZ1ad7ezh_hy9AufTWJUH&channel=whatsapp,0,0,0,0,0
1633,Redecker Natural Black Pumice Stone,http://www.mrsgreenway.ca/products/redecker-natural-black-pumice-stone,0,0,0,0,0
1634,Đá giặt Indonesia – Indonesia Pumice stone,http://dtpimex.vn/da-giat-indonesia-indonesia-pumice-stone.html,0,0,0,0,0
1635,Dutch Decor ZAYA - Dekokissen Pumice Stone 45x45 cm,http://www.kaufland.de/product/436819528/,0,0,0,0,0
1636,Vero Moda FAKE WRAP WVN EXP - pumice stone/noir,http://www.zalando.fr/vero-moda-blouse-pumice-stone-ve121e3l6-a11.html,0,0,0,0,0
1637,2 Pcs Pumice Stone Pedicure Dead Skin Stones Foot ...,http://he.aliexpress.com/i/1005006109374413.html,0,0,0,0,0
1638,High Quality Natural Volcanic Pumice Stone for Foot ...,http://www.mycircle.me/products/High-Quality-Natural-Volcanic-Pumice-Stone-for-Foot-Exfoliation-p128291748,0,0,0,0,0
1639,Shop Pumice Stone for Feet Callus Remover Corn ...,http://www.dicksmith.co.nz/dn/buy/rdfurnishings-pumice-stone-for-feet-callus-remover-corn-remover-dead-skin-scrubber-exfoliation-tool-foot-care-hi9136b-711-1524489971/,0,0,0,0,0
1640,Jean-Louis David Pumice Stone 1pc,http://www.lepetitdepot.com/en/catalog/hygien/beauty-and-health-accessories-first-aid/jean-louis-david-pumice-stone-1pc,0,0,0,0,0
1641,Lava Pumice Stone with Cotton Hanging Loop,http://www.refillmercantile.com/products/lava-pumice-stone-with-cotton-hanging-loop,0,0,0,0,0
1642,Only Lina S/l Top Knt Noos Pumice Stone,http://www.berca.com/nl/only-lina-s-l-top-knt-noos-pumice-stone-399002,0,0,0,0,0
1643,Exfoliating Towel and Pumice Stone Bath Set,http://www.minisoindia.com/product/5162/,0,0,0,0,0
1644,Tim Holtz Distress Ink Pad - Pumice Stone,http://bumblebees-shop.com/nb/blekk-maling-pulver/inks-dye-varumarken/tim-holtz-dye-inks/tim-holtz-distress-ink-pad-pumice-stone,0,0,0,0,0
1645,ONLY Cardigan – Carol Nice Knit – Pumice Stone,http://www.salestunics.com/only-cardigan-carol-nice-knit-pumice-stone/,0,0,0,0,0
1646,Only Blazer (15245698) pumice stone,http://www.idealo.fr/prix/203181073/only-blazer-15245698-pumice-stone.html,0,0,0,0,0
1647,Earth Therapeutics Foot Therapy Natural Sierra Pumice Stone,http://www.satoriz-sallanches.shop/product/earth-therapeutics-foot-therapy-natural-sierra-pumice-stone/,0,0,0,0,0
1648,Light Grey/Moonbeam/Pumice Stone - New Balance,http://www.urbanindustry.co.uk/products/new-balance-ou576ow-shoes-light-grey-moonbeam-pumice-stone,0,0,0,0,0
1649,☀SUPB☀ Foot File Scrubber Pumice Stone Pedicure Tools ...,http://shopee.ph/%E2%98%80SUPB%E2%98%80-Foot-File-Scrubber-Pumice-Stone-Pedicure-Tools-Foot-Rubbing-Exfoliation-Dead-Ski-i.126253103.22946805155,0,0,0,0,0
1650,"Maryton Glass Pumice Stone For Feet, Callus Remover And",http://www.girodidactico.com/drake-second-album/maryton-glass-pumice-stone-for-feet-callus-remover-and-oo-DrOP8lUQ,0,0,0,0,0
1651,BRITTNY PUMICE STONE HANDLE BRUSH,http://www.jannysbeauty.com/product/brittny-pumice-stone-handle-brush,0,0,0,0,0
1652,Pumice Stone Cleaning Stone with Handle Toilet Bowl ...,http://www.amazon.nl/-/en/Cleaning-Cleaner-Remover-Kitchen-Household/dp/B09XLLXF6Z,0,0,0,0,0
1653,Pumice stone in knitted wool,http://buly1803.com/en-gb/products/accessoire-pierre-ponce-en-laine,0,0,0,0,0
1654,Beauty by Earth Pumice Stone,http://www.grove.co/catalog/product/pumice-stone/,0,11,0,0,0
1655,Basicare Pumice Stone 9.7cm,http://www.simplyforme.com.au/basicare-pumice-stone-9.7cm-4895125911005,0,1,0,0,0
1656,Carnewpemma L/S Mesh Top Jrs Pumice Stone Black Graphic,http://kiledsingerw.com/Produkter/overdele-only-carmakoma-carnewpemma-l-s-mesh-top-jrs-pumice-stone-black-graphic/,0,0,0,0,0
1657,Uses of Pumice Stone in Construction and Landscaping,http://edenproductsltd.co.uk/2024/06/21/uses-of-pumice-stone-in-construction-and-landscaping/,0,0,0,0,0
1658,Pumice Stone For Feet Scrub & Exfoliating Dead Dry Skin,http://bunnycollections.com/product/pumice-stone-for-feet-scrub-exfoliating-dead-dry-skin/,0,0,0,0,0
1659,Non-Slip Shower Mat with Removable Pumice Stone ...,http://www.fruugo.ca/non-slip-shower-mat-with-removable-pumice-stone-large-shower-mat-with-suction-cups-and-drain-holes-bathtub-mat-for-floor-massage-bathroom-80x40cmg/p-139271556-294277027,0,0,0,0,0
1660,w.o.d.welder Hand Care Travel Kit (with Pumice Stone),http://www.battleboxuk.com/shop-by-brands/w-o-d-welder-workout-of-the-day/w-o-d-welder-hand-care-travel-kit-with-pumice-stone/,0,0,0,0,0
1661,"Foot Scrubber,Pumice Stone for Feet, Best Foot Care ...",http://emega.com.au/shop/foot-scrubberpumice-stone-for-feet-best-foot-care-pedicure-metal-surface-tool-to-remove-hard-skin-2/,0,0,0,0,0
1662,Silver Pumice Stone Slim Tie,http://www.tiespecialist.com/silver-pumice-stone-slim-tie-15312,0,0,0,0,0
1663,Earth Therapeutics Natural Sierra Pumice Stone,http://www.delaunessupermarket.com/shop/pantry/health_personal_care/bath_shower_preparations/earth_therapeutics_natural_sierra_pumice_stone_1_pumice_stone/p/2389310,0,0,0,0,0
1664,Health Pumice stone – Brush And ...,http://ohmykajo.com/product/health-pumice-stone-brush-and-pumice-stone/,0,0,0,0,0
1665,Onyx Professional 2 in 1 Pumice Stone,http://musebeauty.co.za/shop/onyx-professional-2-in-1-pumice-stone/,0,0,0,0,0
1666,Kellermann 3 Swords Pumice Stone PL 5517 Pink,http://www.makro.co.za/health-beauty/body-care/foot-care/foot-care/kellermann-3-swords-pumice-stone-pl-5517-pink/p/6ea0cc22-7075-4d6f-ab65-43331f4fc7fb,0,0,0,0,0
1667,Only Womens Lou Short Check Jacket Pumice Stone/Black,http://www.mandmdirect.com/01/details/OY30462/Only-Womens-Lou-Short-Check-Jacket-Pumice-Stone-Black,0,0,0,0,0
1668,LIRENE DERMOPROGRAM BAMBUS foot pumice stone 120g,http://www.dermoeco.com/firmy-marki/lirene/lirene-dermoprogram-bambus-foot-pumice-stone-120g.html,0,0,0,0,0
1669,Volcanic Pumice Stones Types Of Pumice Stone/Basalt ...,http://www.stonecontact.com/products-451796/volcanic-pumice-stones-types-of-pumice-stone-basalt-gravel,0,0,0,0,0
1670,Maryton Foot Pumice Stone for Feet Hard Skin Callus ...,http://theworldmall.com/en-sa/collections/usa/products/maryton-foot-pumice-stone-for-feet-hard-skin-callus-remover-and-scrubber-pack-of-4-blue,0,0,0,0,0
1671,Powerstone Pumice Stone Toilet Cleaner with Handle (2- ...,http://maldives.desertcart.com/products/18103058-powerhouse-pumice-toilet-bowl-cleaning-stone-with-handle-2-pack-stain-remover-cleans-away-limescale-hard-water-rings-calcium-buildup-iron-and-rust,0,0,0,0,0
1672,Foot Massage Mat with Pumice Stone - boutique 3000,http://ops-prestashop-p1-2.com/en/as-seen-on-tv/129-foot-massage-mat-with-pumice-stone-5051554700439.html,0,0,0,0,0
1673,Stone Soap + Natural Loofah + Pumice Stone,http://akide.com.tr/en/Natural-Loofah,0,0,0,0,0
1674,Pumice Stone? You mean tattoo removal - Misc,http://www.quickmeme.com/meme/3s33oo,0,0,0,0,0
1675,A natural off white pumice stone on a rope,http://www.brush64.co.uk/products/a-natural-off-white-pumice-stone-on-a-rope-1,0,0,0,0,0
1676,ONLY Dames Coatigan Jas pumice stone beige,http://www.77onlineshop.nl/p/only-dames-coatigan-jas-pumice-stone-beige,0,0,0,0,0
1677,"Current Local Time in Pumice Stone Mountain, California ...",http://www.timeanddate.com/worldclock/@5569857,0,0,0,0,0
1678,Chinchilla Pet Pumice Stone Ledge with Holes,http://www.carousell.sg/p/chinchilla-pet-pumice-stone-ledge-with-holes-1183248573/,0,0,0,0,0
1679,New Pumice Stone Ant Nest I made. (Pumice EcoNest),http://myrm.proboards.com/thread/2934/new-pumice-stone-nest-econest,0,0,0,0,0
1680,Woman Rubbing Her Foot With a Pumice Stone - stock photo,http://www.gettyimages.com/detail/photo/woman-rubbing-her-foot-with-a-pumice-stone-royalty-free-image/dv825079,0,0,0,0,0
1681,"Pumice stone for cleaning, polishing and scouring. ...",http://cablematic.com/en/products/pumice-stone-for-cleaning-polishing-and-scouring-package-of-4-bars-of-150-x-35-x-25-mm-PP00000/,0,0,0,0,0
1682,Pumice Stone with Nail Brush - ToucheGifts,http://touchegifts.com/products/pumice-stone-with-nail-brush?pr_prod_strat=description&pr_rec_id=87968d0cb&pr_rec_pid=6629619007641&pr_ref_pid=6629569724569&pr_seq=uniform,0,0,0,0,0
1683,Vallejo VLJ-26213 Rough Grey Pumice Stone Ground ...,http://www.25thstreetcreationsandhobbyllc.com/product-page/vallejo-vlj-26213-rough-grey-pumice-stone-ground-texture-diorama-effect,0,0,0,0,0
1684,Picky Pumice Stone Diy. DIY – Aroma Stone for Essential Oils.,http://city-ranchers.de/ljnu/picky-pumice-stone-diy,0,0,0,0,0
1685,Top tops regular fit col tortue pumice stone Only,http://www.laredoute.fr/ppdp/prod-601385926.aspx,0,0,0,0,0
1686,Gem Pumice Stone with Rope Large,http://ikatehouse.com/products/96433118,0,0,0,0,0
1687,Pumice Stone + Boar Bristle Exfoliating Brush,http://www.shopterrain.com/shop/pumice-stone-boar-bristle-exfoliating-brush,0,0,0,0,0
1688,Braza Fuzz Buster Pumice Stone Sweater Restorer,http://violetcrowncostumecompany.com/products/braza-fuzz-buster-pumice-stone,0,0,0,0,0
1689,LATHER Pumice Stone by LATHER,http://www.amazon.pl/LATHER-Pumice-Stone-by/dp/B000OFL8QG,0,0,0,0,0
1690,KillyS For Men Pumice Stone Pumeks kamienny,"http://erli.pl/produkt/killys-for-men-pumice-stone-pumeks-kamienny,178334099",0,0,0,0,0
1691,Me Mother Earth - Lava Pumice Stone with Cotton Hanging ...,http://thisandthatcandlesandmore.com/products/me-mother-earth-lava-pumice-stone-with-cotton-hanging-loop,0,0,0,0,0
1692,Natural Pumice Stone On A Rope,http://friendlyturtle.com/products/natural-pumice-stone,0,0,0,0,0
1693,VIDEO solution: 1. Why does pumice stone float on water? 2 ...,http://www.numerade.com/ask/question/video/1why-does-pumice-stone-float-on-water-2how-i-petroleum-formed-3-what-are-igneous-rock-18128/,0,0,0,0,0
1694,"junman123 Foot Pumice Stone For Feet, Callus Remover ...",http://www.lazada.vn/products/junman123-foot-pumice-stone-for-feet-callus-remover-and-foot-scrubber-and-pedicure-exfoliator-tool-for-dead-skins-i2421727157.html,0,0,0,0,0
1695,Best pumice stone for feet,http://ktla.com/reviews/br/health-wellness-br/massage-relaxation-br/the-best-pumice-stone-for-feet/,0,0,0,0,0
1696,Pumice stone is an example of,http://www.sarthaks.com/3507050/pumice-stone-is-an-example-of,0,0,0,0,0
1697,How to Clean a Toilet With Pumice Stone Like a Pro,http://howtoclean.pro/how-to-clean-a-toilet-with-pumice-stone-like-a-pro/,0,0,0,0,0
1698,Exfoliating pumice stone with rope,http://thenaturallivingshop.co.uk/product/exfoliating-pumice-stone-with-rope/,0,0,0,0,0
1699,Premium Pumice Stone Nail File and Skin Repairing,http://chasehorizzons.com/products/pumice-stone-nail-file,0,0,0,0,0
1700,6PCS/Set Pumice Stone For Toilet Bowl Cleaning ...,"http://www.shein.co.uk/6PCS/Set-Pumice-Stone-For-Toilet-Bowl-Cleaning,-Scouring-Stick,-Stain-Removal-Stick,-Cleaning-Stone-Stick,-To-Remove-Toilet-Bowl-Hard-Water-Rings,-Calcium-Buildup-And-Rust,-Suitable-For-Cleaning-Toilet,-Bathroom,-Kitchen-Sink,-Grills,-Cleaning-Supplies-p-34364082.html",0,0,0,0,0
1701,Eco Bath London Natural Black Pumice Stone- Smooth ...,http://www.cotswoldtrading.com/women-c2/beauty-c15/beauty-accessories-c179/eco-bath-london-natural-black-pumice-stone-smooth-with-rope-p15957,0,0,0,0,0
1702,Croll & Denecke White Pumice Stone with Cord,http://www.greenbeauty.shop/en/croll-and-denecke-white-pumice-stone-with-cord.html,0,0,0,0,0
1703,Wooden Nail Brush with Pumice Stone,http://soaklifestyleboutique.com/products/wooden-nail-brush-with-pumice-stone,0,0,0,0,0
1704,How to Clean Grout with a Pumice Stone,http://bestgroutcleaner.com/diy/how-to-clean-grout-with-a-pumice-stone,0,0,0,0,0
1705,Pumice stone 'raft' size of Manhattan could help save Great ...,http://nypost.com/2019/08/26/pumice-stone-raft-the-size-of-manhattan-could-help-save-great-barrier-reef/,0,4,0,0,0
1706,Gubb 2 In 1 Foot Brush With Pumice Stone,http://pharmeasy.in/health-care/products/gubb-2-in-1-foot-brush-with-pumice-stone-4069483,0,0,0,0,0
1707,The Beauty Case Pumice Stone,http://www.salonfirst.com.au/pumice-stone-the-beauty-case,0,0,0,0,0
1708,Foot treatment that might involve a pumice stone,http://www.danword.com/crossword/Foot_treatment_that_might_involve_a_pumice_stone_nd3y,0,0,0,0,0
1709,Natural Black Pumice Stone on a Rope,http://www.suneetalondon.co.uk/products/natural-black-pumice-stone-on-a-rope,0,7,0,0,0
1710,Small Nail Brush with Pumice Stone,http://thespongefactory.com/small-nail-brush-with-pumice-stone/,0,0,0,0,0
1711,How To Use Pumice Stone To Heal Dry And Cracked Feet,http://www.boldsky.com/beauty/body-care/how-to-use-pumice-stone-to-heal-dry-and-cracked-feet-134892.html,0,3,0,0,0
1712,The Vacuuming Powered Pumice Stone,http://www.hammacher.com/product/vacuuming-powered-pumice-stone,0,0,0,0,0
1713,Translate pumice stone meaning in telugu in Telugu,http://mymemory.translated.net/en/English/Telugu/pumice-stone-meaning-in-telugu,0,0,0,0,0
1714,2 Pcs Pumice Stone Toilet Bowl Cleaning Brush ... - Nine Life,http://ninelife.ch/products/2-pcs-pumice-stone-toilet-bowl-cleaning-brush-toilet-cleaner-scrubber-pool-pumice-stone-with-long-handle,0,0,0,0,0
1715,Natural Pumice Stone Foot Scrubber,http://bulkrefillery.com/products/natural-pumice-stone-foot-scrubber,0,0,0,0,0
1716,Vive Health Pumice Stone Foot Scrubber,http://www.celesticare.com/products/pumice-stone-foot-scrubber,0,0,0,0,0
1717,Morgan's Sweet Scent 2.5 Oz. Pumice Stone Mouse & Rat ...,http://www.churchillshardware.com/shop/lawn-and-garden/insect-and-pest-control/pest-repellents/animal-repellent/414796-morgans-sweet-scent-25-oz-pumice-stone-mouse-and-rat-repellent?SKU=764893,0,0,0,0,0
1718,Foot Pumice Stone - Michelle's Melt and More,http://michellesmeltandmore.co.uk/shop/ols/products/foot-pumice-stone,0,0,0,0,0
1719,Pumice Stone 5-15mm (Approx.20 Kg/Bag),http://obbo.sg/products/pumicestone515mmapprox20kgbag-s10060-i6596800,0,0,0,0,0
1720,"Pumice stone, granular (approx. 1-5mm), Thermo Scientific ...",http://www.fishersci.com/shop/products/pumice-stone-granular-approx-1-5mm-thermo-scientific/AC390042500,0,4,0,0,0
1721,"Original Pumice Stone Callus Remover, Foot Scrubber ...",http://www.nykaa.com/nat-habit-original-pumice-stone-foot-scrubber-ergonomically-designed-deep-exfoliation-pack-of-2/p/7301232,0,0,0,0,0
1722,1PC Natural Pumice Stone Pumice Stones Foot ... - eBay PH,http://www.ebay.ph/itm/354074970406,0,0,0,0,0
1723,Body Benefits Pumice Stone 1 ea | Shop,http://www.seamart.com/shop/body_benefits_pumice_stone_1_ea/p/2411541,0,0,0,0,0
1724,Volcanic Pumice Stone - Roots and Bloom Foot Therapy,http://shoprootsandbloom.com/en-ca/products/exfoliating-natural-volcanic-pumice-stone,0,0,0,0,0
1725,"Drill Brush Power Scrubber Set - Pumice Stone, Pool Kuwait",http://www.a.ubuy.com.kw/en/product/FSU464YJK-pumice-stone-for-toilet-cleaning-pool-brushes-for-cleaning-pool-walls-wet-drill-brush-power-scrubber-cleaning-brush-extended-long-attachment-set,0,0,0,0,0
1726,Tim Holtz® Mini Distress Ink Pads - Pumice Stone,http://www.therubberbuggy.com/tim-holtz-mini-distress-ink-pads-pumice-stone/,0,0,0,0,0
1727,PUMICE STONE TOILET BOWL RINGREMOVER ON A STICK ...,http://santamonica.commerce.glass/products/pumice-stone-toilet-bowl-ringremover-on-a-stick-6-cs,0,0,0,0,0
1728,Life Brand Natural Pumice Stone for Smooth and Soft Feet,http://ctchealth.ca/product/life-brand-natural-pumice-stone-for-smooth-and-soft-feet/,0,0,0,0,0
1729,pumice stone as biological filter media?,http://www.monsterfishkeepers.com/forums/threads/pumice-stone-as-biological-filter-media.692121/,0,0,0,0,0
1730,Unisex Tor Ultra Lo 2 Trainers - Simply Taupe/Pumice Stone,http://www.outsidersstore.com/products/hoka-unisex-tor-ultra-lo-2-trainers-242163-simply-taupe-pumice-stone,0,0,0,0,0
1731,SECOND FEMALE Limonata pumice stone shirt,http://www.tarzan.ch/SECOND-FEMALE-Limonata-pumice-stone-shirt_4,0,0,0,0,0
1732,Pumice Stone for Feet Lasts 5+ Years Foot Exfoliator Scrubber ...,http://infinitygoodswholesale.com/product/pumice-stone-for-feet-lasts-5-years-foot-exfoliator-scrubber-callus-remover-made-of-natural-terra-cotta/,0,0,0,0,0
1733,Tip: Pumice stone for matte finish,http://sbg-sword-forum.forums.net/thread/72879/tip-pumice-stone-matte-finish,0,0,0,0,0
1734,Best pumice stone for feet [T7zxjL],http://202.129.46.118/ULIB6NEW//dublin.linkout.php?url=https://odincovo-pech.ru/hqmA1eOUtsfe98,0,0,0,0,0
1735,Save on Etos Pumice Stone Order Online Delivery,http://foodlion.com/groceries/health-beauty/foot-care/foot-file-pumice-stone/etos-pumice-stone-1-ct-pkg.html,0,0,0,0,0
1736,SECOND FEMALE SHIRT ELLENY KNIT PUMICE STONE,http://www.nobodesign.com/en/tops/26028-second-female-shirt-elleny-knit-pumice-stone.html,0,0,0,0,0
1737,Ach Brito Essential Care Collection Pumice Stone Soap 90 g,http://beautyways.com/bar-soap/16930-ach-brito-essential-care-collection-pumice-stone-soap-90-g-317-oz.html,0,0,0,0,0
1738,pumice stone Meaning in Telugu at wordmeaningindia.com,http://wordmeaningindia.com/meaning-in-telugu/pumice-stone,0,0,0,0,0
1739,Pumice Stone Indoor/Outdoor Nirvana 05 Rug,http://annahislophome.com/products/pumice-stone-nirvana-rug-various-sizes,0,0,0,0,0
1740,Rectangular Sole Revive Pumice Stone for gentle ...,http://organicb.in/shop/personal-care/bathing/rectangular-pumice-stone-foot-scrub/,0,0,0,0,0
1741,2-Pack Pumice Stone Foot File na maaaring Wooden ...,http://www.ubuy.com.ph/fl/product/GND1848-foot-scraper-pedicure-foot-file-professional-foot-rasp-file-foot-scrubber-premium-callus-remover-for-feet-to-remove-dead-skin-hard-skin-cracked-heels,0,0,0,0,0
1742,Morgan's Strong Garlic 2.5 Oz. Pumice Stone Mouse & Rat ...,http://ru.pinterest.com/pin/563020390941657744/,0,0,0,0,0
1743,Only Long Basic Blazer In Pumice Stone,http://www.elyswimbledon.co.uk/products/only-long-basic-blazer-in-pumice-stone,0,0,0,0,0
1744,White-blue pumice stone manicure and pedicure,http://pro.equotrad.com/product/peggy-sage-white-blue-pumice-stone-manicure-and-pedicure/,0,0,0,0,0
1745,Redecker Volcanic Black Pumice Stone - Biome,http://www.biome.nz/products/redecker-volcanic-black-pumice-stone,0,0,0,0,0
1746,Morgan's Strong Garlic 2.5 Oz. Pumice Stone Mouse & Rat ...,http://www.bakersplus.com/p/morgan-s-strong-garlic-2-5-oz-pumice-stone-mouse-rat-repellent-mrmrg/0086000895776,0,0,0,0,0
1747,Macpac Unisex Melange Pom Pom Beanie Pumice Stone,http://www.bcf.com.au/p/macpac-unisex-melange-pom-pom-beanie-pumice-stone/68456101.html,0,0,0,0,0
1748,Professional Pedicure Lava Pumice Stone natural volcanic ...,http://www.alibaba.com/product-detail/Professional-Pedicure-Lava-Pumice-Stone-natural_60566326192.html,0,0,0,0,0
1749,RAW LAVA ROCK PUMICE STONE - Formula Health,http://formulahealth.co.uk/shop-formula-health/RAW-LAVA-ROCK-PUMICE-STONE-p260225477,0,0,0,0,0
1750,Jaipur Transcend TRD01 Glacier Pumice Stone Rug,http://www.abcdecorativerugs.com/jaipur-transcend-trd01-glacier-pumice-stone-rug.html,0,0,0,0,0
1751,Earth Therapeutics Natural Sierra Pumice Stone,http://www.myorganicaccess.com/store/p322/Organic_Body_Care/Natural_Accessories/Natural_Pumice_Stone.html,0,0,0,0,0
1752,Aeolian Lipari - Pumice stone and Around the island vespa tour,http://livinginsicily.eu/aeolian-lipari-pumice-stone-and-around-the-island-vespa-tour/,0,0,0,0,0
1753,"3825 SW Pumice Stone Ave, Redmond, OR 97756",http://www.zillow.com/homedetails/3825-SW-Pumice-Stone-Ave-Redmond-OR-97756/2061305736_zpid/,0,0,0,0,0
1754,Lava Pumice Stone with Loop,http://magnumopussoap.com/products/lava-pumice-stone-with-loop,0,0,0,0,0
1755,Pumice stone meaning in Polish,http://dictzone.com/english-polish-dictionary/pumice%20stone,0,0,0,0,0
1756,Pumice Stone For Feet Dead Skin Removal,http://folello.com/products/pumice-stone-for-feet-dead-skin-removal-pedicure-tool-with-rubber-grip-removes-dirt-dead-cells-moisturizes-crack-heels-works-efficiently-on-dry-skin-gb-3050,0,0,0,0,0
1757,Pernah dengar tentang pumice stone? Volcanic stone? Pasir ...,http://www.facebook.com/kedaipertanianmalaysia/videos/pernah-dengar-tentang-pumice-stone-volcanic-stone-pasir-malang-atau-medium-mediu/695982498193023/?locale=ms_MY,0,0,0,0,0
1758,Earth Therapeutics Natural Sierra Pumice Stone - City Market,http://www.citymarket.com/p/earth-therapeutics-natural-sierra-pumice-stone/0007337707120,0,0,0,0,0
1759,Balmy Naturel Volcanic Pumice Stone,http://skinsociety.me/products/volcanic-pumice-stone,0,0,0,0,0
1760,EUCALYPTUS PUMICE STONE bar soap - CECO,http://www.cecocosmetics.com/products/eucalyptus-pumice-stone-bar-soap,0,0,0,0,0
1761,580 Pumice Stone for Feet,http://www.infinite-bath.com/products/580-pumice-stone-for-feet,0,0,0,0,0
1762,RingX Natural Double Pumice Stone Cleaner Wand,http://www.konga.com/product/ringx-natural-double-pumice-stone-cleaner-wand-1-piece-3596953,0,0,0,0,0
1763,60 Pieces Pumice Stone Handle For Pedicure And Manicure,http://www.alltimetrading.com/60-pieces-pumice-stone-handle-for-pedicure-and-manicure-manicure-and-pedicure-items/p-1154728.asp,0,0,0,0,0
1764,Urban Spa The Love That Lava Pumice Stone,http://ww2.freshthyme.com/product/urban-spa-the-love-that-lava-pumice-stone-id-00771590210208,0,0,0,0,0
1765,3 in 1 Pumice Stone Callus Remover Bath Mat Foot ...,http://miazone.com/Products/Details/40285/3-in-1-Pumice-Stone-Callus-Remover-Bath-Mat-Foot-Massager-Tool-with-Anti-Slip-Suction-Cup-and-Drain-Holes,0,0,0,0,0
1766,Signature Select/Care Pumice Stone Softens Rough Skin,http://www.safeway.com/shop/product-details.960120853.html,0,1,0,0,0
1767,"Pumice stone, grains 2-4 mm GLR, 250 g",http://www.teknolab.no/produkt/65809005/pumice-stone-grains-2-4-mm-glr-250-g,0,0,0,0,0
1768,Traditional Turmeric Rubbing Stone / Pumice Stone (2 in 1 ...,http://m.snapdeal.com/product/traditional-turmeric-rubbing-stone-pumice/677737842631,0,0,0,0,0
1769,40L Pumice Stone Batu Apung(Various Sizes)(Gunny bag) ...,http://h5.lazada.com.my/products/40l-pumice-stone-batu-apungvarious-sizesgunny-bag-aroid-soil-succulent-cactus-soil-adenium-soil-i3033284714.html,0,0,0,0,0
1770,XL Pumice Stone On A Rope – BathAccessoriesWholesale,http://bathaccessories.com/collections/new-collection/products/xl-pumice-stone-on-a-rope,0,0,0,0,0
1771,Pumice stone is gas in solid colloid in which dispersion phase ...,http://www.toppr.com/ask/question/pumice-stone-is-gas-in-solid-type-colloid-in-which-dispersion-phase-is-gas-and/,0,0,0,0,0
1772,Pumice stone is an example of 1 Sol 2 Gel 3 Solid sol ...,http://www.coursehero.com/file/p13rsvd/Pumice-stone-is-an-example-of-1-Sol-2-Gel-3-Solid-sol-4-Foam-Answer-3-90-Which/,0,0,0,0,0
1773,Southern Gentleman Glycerin Pumice Stone Soap (Spicy ...,http://www.neworleanslipandsoap.com/store/p106/Southern_Gentleman_Glycerin_Pumice_Stone_Soap_%28Spicy_Mahogany%29.html,0,1,0,0,0
1774,PurOrganica Urea 40% Foot Cream - No Pumice Stone,http://www.liberia.ubuy.com/product/7N74GS0BC-purorganica-urea-40-foot-cream-no-pumice-stone-callus-remover-moisturizes-rehydrates-thick-cracked-rough-dead-dry-skin-for-feet,0,0,0,0,0
1775,CALLUS REMOVING SOAP with Pumice Stone,http://cosmeticalixone.com/en/buy/specific-soaps/callus-removing-soap-with-pumice-stone/,0,0,0,0,0
1776,Kuthiny Baty: The Pumice Stone Valley,http://www.amusingplanet.com/2015/08/kuthiny-baty-pumice-stone-valley.html,0,3,0,0,0
1777,Dutch Decor Sky 45x45 cm Pumice Stone,http://www.deboet.nl/dutch-decor-sky-45x45-cm-pumice-stone,0,0,0,0,0
1778,Natural Pumice Stone Foot Scrubber - flora & fauna,http://floraandfaunamarketplace.com/products/natural-pumice-stone-foot-scrubber,0,0,0,0,0
1779,"Pumice stone, granular (approx. 1-5mm), Thermo ...",http://www.fishersci.ie/shop/products/pumice-stone-granular-approx-1-5mm-thermo-scientific/10045293,0,0,0,0,0
1780,double sided pumice stone rasp foot exfoliator & scrubber - ...,http://onyxskincareline.com/es/products/double-sided-pumice-stone-rasp-foot-exfoliator-scrubber,0,0,0,0,0
1781,Multipurpose Pumice Stone Cleaning Set - Long Handle ...,http://www.ubuy.com.lb/en/product/4CT11YNTK-2-pack-pumice-stone-toilet-cleaner-with-long-handle-descaler-pumice-stone-toilet-brush-can-also-clean-barbecue-grills-tiles-grout-and-swimming,0,0,0,0,0
1782,Pumice Stone | What Does Pumice Look Like,http://www.efarmers.ng/pumice-stone-uu-4727393,0,0,0,0,0
1783,Whirlpool Indesit Pumice Stone For Motor Carbon,http://spares4coffeemachines.co.uk/whirlpool-indesit-pumice-stone-for-motor-carbon-commutator-cleaning-stick,0,0,0,0,0
1784,Pumice Stone Toilet Brush Household Toilet Bowl Cleaner ...,http://www.ebay.ca/itm/355229114862,0,0,0,0,0
1785,"Lima de pedicura, azul Peggy Sage Pumice Stone ... - Makeup",http://makeup.es/product/573058/,0,0,0,0,0
1786,Andy's Dinosaur Adventures: T-Rex and Pumice Stone,http://iview.abc.net.au/video/ZW1923A001S00,0,0,0,0,0
1787,Side effects of eating pumice stone,http://www.healthtap.com/q/side-effects-of-eating-pumice-stone/,0,0,0,0,0
1788,"For Pedicure With Pumice Stone, Nail Brush, Foot File & ...",http://www.bigbasket.com/pd/40261462/majeatique-4-in-1-compact-foot-care-fn-309-for-pedicure-with-pumice-stone-nail-brush-foot-file-callus-remover-1-pc/,0,0,0,0,0
1789,How to use a Pumice Stone,http://bushbalm.ca/blogs/how-to-guides/how-to-use-a-pumice-stone,0,0,0,0,0
1790,Pumice Stone 20 Lb. Box,http://www.talladium.com/shop/1660-pumice-stone-20-lb-box-351,0,0,0,0,0
1791,1197 Pumice Stone by Benjamin Moore | Cincinnati Color,http://www.cincinnaticolor.com/products/1197-pumice-stone,0,0,0,0,0
1792,1197 Pumice Stone - New Palace Paint And Home Center,http://shop.palacepaints.com/collections/color-collections/products/1197-pumice-stone,0,0,0,0,0
1793,Search results for: 'vega pumice stone pd 14',http://www.boddess.com/catalogsearch/result/index/?p=23&q=vega pumice stone pd 14,0,0,0,0,0
1794,Omszte 2-Pack Pumice Stone Toilet Bowl Cleaner,http://stopandshop.us.com/product/omszte-2-pack-pumice-stone-toilet-bowl-cleaner-natural-cleaning-power-dissolves-stubborn-stains/,0,0,0,0,0
1795,Basics Foot File Pumice Stone Double Side With Handle ...,http://www.dischem.co.za/basics-foot-file-pumice-stone-double-side-with-handle-orange-434,0,0,0,0,0
1796,The Eco Bath - Natural Pumice Stone Black (130g),http://www.besthealthfoodshop.com/the-eco-bath-natural-pumice-stone-black-130g,0,0,0,0,0
1797,Best pumice stone for feet,http://www.wpri.com/reviews/br/beauty-personal-care-br/foot-care-br/best-pumice-stone-for-feet/,0,0,0,0,0
1798,Only Jacket Trillion long coatigan pumice stone,http://www.stiletto.fi/sv/only-jacket-trillion-long-coatigan-pumice-stone/p/135028/,0,0,0,0,0
1799,$1 Shop Coupon◀ Comfun Pumice Stone for Toilet ...,http://www.qoo10.sg/item/1-SHOP-COUPON-COMFUN-PUMICE-STONE-FOR-TOILET-CLEANING-WITH-HANDLE/730658842?__currency=SGD&__langcd=en,0,0,0,0,0
1800,China Wholesale Volcanic Pumice Stone Big Lava Rock Black ...,http://www.huabangjck.com/wholesale-volcanic-pumice-stone-big-lava-rock-black-lava-stone-for-sale-product/,0,0,0,0,0
1801,"2-Sided Foot Scrubber, Foot File, Terra Cotta Pumice Stone",http://smartdealingllc.com/index.php/product/2-sided-foot-scrubber-foot-file-terra-cotta-pumice-stone-premium-callus-remover-to-exfoliate-hard-dry-dead-skin-on-soles-heels-feet/,0,0,0,0,0
1802,foot pumice stone pedicure exfoliator foot scrubber ...,http://www.amazon.com.be/-/en/pedicure-exfoliator-scrubber-professional-resistant/dp/B09Y21CK3N,0,0,0,0,0
1803,"Natural Volcanic Lava Pumice Stone, shape may vary",http://devonecoboutique.co.uk/products/natural-volcanic-lava-pumice-stone-shape-may-vary,0,0,0,0,0
1804,"""Kellermann 3 Swords Pumice Stone PL 5517 Green""",http://www.loot.co.za/product/kellermann-3-swords-pumice-stone-pl-5517-green/kdnx-7291-g970,0,0,0,0,0
1805,Vega 4 In 1 Foot Pedicure Brush Pumice Stone Scrubber & ...,http://www.zeptonow.com/pn/vega-4-in-1-foot-pedicure-brush-pumice-stone-scrubber-file-for-soft-care-pd-02/pvid/557527ed-fa8b-4dca-8a10-e79dcfca9a92,0,0,0,0,0
1806,Vallejo 26213 200ml Bottle Rough Grey Pumice Stone ...,http://blackforesthobby.com/products/st-vlj-26213,0,0,0,0,0
1807,Jakke Diana Bondeed Aviator Ted Pumice Stone,http://lillemartine.no/products/9474379-jakke-diana-bondeed-aviator-ted-pumice-stone,0,0,0,0,0
1808,Hair Removal Pumice Stone Powder Age Group: Custom,http://www.tradeindia.com/products/hair-removal-pumice-stone-powder-5061723.html,0,0,0,0,0
1809,Natural Terracotta Bird Pumice Stone - SERRV,http://www.serrv.org/product/terracotta-bird-pumice,0,0,0,0,0
1810,Anyone use pumice stone for anaerobic filtration?,http://www.reefcentral.com/forums/showthread.php?t=2371324,0,0,0,0,0
1811,Yaya printed v-neck dress pumice stone sand dessin,http://www.vanalphenschoenen.nl/yaya-printed-v-neck-dress-pumice-stone-sand-dessin,0,0,0,0,0
1812,Axel Kraft Pumice Stone With Wood Handle,http://www.healthyplanetcanada.com/axel-kraft-pumice-stone-with-wood-handle.html,0,0,0,0,0
1813,RKD Enterprises Terracotta Natural Pumice Stone Foot ...,http://www.flipkart.com/rkd-enterprises-terracotta-natural-pumice-stone-foot-scrubber-pack-3/p/itm4111c756fa0db?fm=organic&iid=81213fb9-c456-44ef-a733-f1630154da93.PMSG7MUJY6GMMPUE.SEARCH&lid=LSTPMSG7MUJY6GMMPUEBEXCDS&marketplace=FLIPKART&otracker=pp_reco_You+might+be+interested+in_4_32.dealCard.OMU_cid:S_F_N_g9b_5nz_yic_yrm__d_50-100__NONE_ALL;nid:g9b_5nz_yic_yrm_;et:S;eid:g9b_5nz_yic_yrm_;mp:F;ct:d;at:DEFAULT;&otracker1=pp_reco_PINNED_productRecommendation/AugmentSelling_You+might+be+interested+in_BANNER_HORIZONTAL_dealCard_cc_4_NA_view-all&pid=PMSG7MUJY6GMMPUE&ppn=None&ppt=None&srno=b_1_29&ssid=ud4jgqmkwg0000001710383571317&store=g9b/5nz/yic/yrm,0,0,0,0,0
1814,Martha Stewart Pumice/Stone 9 ft. x 12 ft. Interior Non-Slip ...,http://shopthemarketplace.com/get-it-now/product/martha-stewart-pumicestone-9-ft-x-12-ft-interior-non-slip-grip-dual-surface-008-in-thickness-rug-pad-thehomedepot-8028d9,0,0,0,0,0
1815,Plaid Stanley 150x200cm polyester pumice stone,http://www.weba.be/nl/plaid-stanley-150x200cm-polyester-pumice-stone-374917-289.html,0,0,0,0,0
1816,Buy Maryton Foot Pumice Stone for Feet Hard Skin Callus ...,http://www.desertcart.ae/products/129452092-maryton-foot-pumice-stone-for-feet-hard-skin-callus-remover-and-scrubber-pack-of-4-blue,0,45,0,0,0
1817,Vintage colorful pumice stone collar necklace in pastel colors,http://kanellevintage.com/products/vintage-colorful-pumice-stone-collar-necklace-in-pastel-colors-summer-necklace,0,0,0,0,0
1818,Lava Pumice Stone with Cotton Hanging Loop - The Green Tap,http://thegreentap.com/products/lava-pumice-stone-with-cotton-hanging-loop,0,0,0,0,0
1819,DEBRA LYNN PUMICE STONE TEAR DROP SHAPED 3 IN.,http://www.imagebeauty.com/products/26277-debra-lynn-pumice-stone-tear-drop-shaped-3-in,0,0,0,0,0
1820,Bushbalm The Body Rock Exfoliating Pumice Stone Set,http://nz.urbanoutfitters.com/product/bushbalm-the-body-rock-exfoliating-pumice-stone-set/UO-68212364-000,0,0,0,0,0
1821,Hardwork - 4 Peeling with pumice stone for feet,http://www.footic.com/acupressure-mats-and-massage-tools/hardwork-4-peeling-with-pumice-stone-for-feet/,0,0,0,0,0
1822,Tochtrol tito 80x16 cm pumice stone | Online kopen,http://verthus.be/producten/tochtrol_tito_80x16_cm_pumice_stone,0,0,0,0,0
1823,nuvalu pumice stone toilet bowl cleaner w handle,http://www.dollaritem.com/products/nuvalu-pumice-stone-toilet-bowl-cleaner-w-handle-24-per-case,0,0,0,0,0
1824,Toilet Pumice Stone Cleaning Stick Bowl Cleaner ...,http://uk.shopping.com/item.html?id=v1-355786457382-624863408047&offer=true&provider=0,0,0,0,0,0
1825,Urban Spa The Love That Lava Pumice Stone,http://www.goodplanet.com/products/volcanicpumicestone,0,0,0,0,0
1826,Lavex Pumice Stone Scouring Stick - 12/Pack,http://www.webstaurantstore.com/lavex-pumice-stone-scouring-stick-pack/607HDPUMSTK.html,0,0,0,0,0
1827,Great Choice Products 4 Pcs Pools Pumice Stone For ...,http://www.sears.com/great-choice-products-4-pcs-pools-pumice-stone-for-cleaning-calcium-remover-for-pool-tile-3.94-x-2.76/p-A123485733?sid=ISxMP3xSOxGGxDTxSURF,0,0,0,0,0
1828,"CactusPak Turkish White Pumice Stone Mine, Manufacturer ...",http://homelinksgear.com/pumice-stone/,0,0,0,0,0
1829,2 Pieces Natural Pumice Stone for Feet Callus ... - ItemFinder,http://itemfinder.ae/products/2-pieces-natural-pumice-stone-for-feet-callus-natural-foot-file-scrubber-callus-remover-for-feet-and-hands-pedicure-tools-exfoliation-to-remove-dead-skin-for-spa-massage-heel-scrub-z77827612f762295cff29z,0,0,0,0,0
1830,"4 in 1 Brush, Foot Rasp, Pumice Stone & Foot File – ...",http://www.my-happyfeet.com/products/foot-brush-4-in-1?srsltid=AfmBOopWWzcPhq3ZsIuOyS896loaLrMMBr0185wJZv3ayQRARkv26aJT,0,0,0,0,0
1831,Earth Therapeutics Foot Therapy Pumice Stone with Brush ...,http://www.centralmarket.com/es/product/earth-therapeutics-foot-therapy-pumice-stone-with-brush-ea/178096,0,0,0,0,0
1832,Gilden Tree Terra Cotta Foot Scrubber Pumice Stone for Feet,http://www.massagestore.com/products/footscrubber-2-sided,0,0,0,0,0
1833,With Love Bow Olive Oil Soap & Pumice Stone Gift Set ...,http://www.thegrindstone.us/with-love-bow-olive-oil-soap-pumice-stone-gift-set-assorted-all-natural-assorted-aroma-fragrances-made-in-ancient-crete-greece-2-soaps-3-53-oz-each/,0,5,0,0,0
1834,Sneak Peek: Loofah sponge and lava scrub pumice stone,http://www.esschertdesign.com/en/blog/sneak-peek-loofah-sponge-and-lava-scrub-pumice-stone,0,0,0,0,0
1835,Me Mother Earth Lava Pumice Stone - Choose Green,http://www.choosegreen.co/products/ecoccasion/me-mother-earth-lava-pumice-stone,0,0,0,0,0
1836,"Free photos pumice stone search, download",http://www.needpix.com/search/pumice%20stone,0,0,0,0,0
1837,Petmate® Litter Catcher Mat Pumice Stone Color Large,http://talis-us.com/fr/products/petmater-litter-catcher-mat-pumice-stone-color-large,0,0,0,0,0
1838,Hug Rug Sense Bath Pumice Stone Mat,http://www.ashantirugs.co.uk/hug-rug-sense-bath-pumice-stone-mat.html,0,0,0,0,0
1839,Organic pumice stone Easy Sunsets T-shirt,http://www.mercari.com/us/item/m53220036575/?ref=brand_detail,0,0,0,0,0
1840,Horze Chloe Kids Technical Hoodie - Pumice Stone,http://www.equinavia.com/horze-chloe-kids-technical-hoodie-33756-psbr/p,0,0,0,0,0
1841,Pumice Stone Manicure And Pedicure pumeks kamienny ...,http://puderikrem.pl/product-pol-30364-Pumice-Stone-Manicure-And-Pedicure-pumeks-kamienny-bialy-niebieski.html,0,0,0,0,0
1842,Feet pumice stone with handle,http://standelli.com/product/feet-pumice-stone-with-handle/,0,0,0,0,0
1843,Classic Plain Pumice Stone – Mavromac and The Gatehouse,http://mavromacandthegatehouse.co.za/mavromac-south-collections/classics/classic-plain-pumice-stone/,0,0,0,0,0
1844,A.Trends - Spa Trends Pumice Stone Foot Brush,http://www.petersofkensington.com.au/beauty-fashion/beauty-accessories/health-wellbeing/a-trends-spa-trends-pumice-stone-foot-brush/,0,0,0,0,0
1845,Buy Rectangular pumice stone (foot scrub) Online,http://suspire.in/products/rectangular-pumice-stone-foot-scrub,0,0,0,0,0
1846,Jual Batu Apung (250 Gram) Pumice Stone Media Filter Air ...,http://www.blibli.com/p/batu-apung-250-gram-pumice-stone-media-filter-air-aquarium-aquascape/ps--TOT-70078-00108,0,0,0,0,0
1847,What is the color of Pumice Stone?,http://www.crispedge.com/faq/what-is-the-color-of-pumice-stone/,0,0,0,0,0
1848,Osalis Home Help Shower Foot Cleaner With Pumice Stone,http://www.stressnomore.co.uk/products/shine-foot-cleaner-with-pumice-12889,0,0,0,0,0
1849,White pumice stone 26212 vallejo online sale store,http://www.sfpintures.com/en/paints-and-effects/3823-white-pumice-stone-26212-vallejo-8429551262125.html,0,0,0,0,0
1850,King Size Bed Sheets With Anchors Pumice Stone ...,http://anemos.gr/en/products/king-size-anchors-pumice-stone-sentonia,0,0,0,0,0
1851,Bushbalm The Body Rock Exfoliating Pumice Stone Set,http://sg.urbanoutfitters.com/en-sg/product/bushbalm-the-body-rock-exfoliating-pumice-stone-set/UO-68212364-000,0,0,0,0,0
1852,The Original Pumice Stone For Feet And Foot File ...,http://my.shein.com/The-Original-Pumice-Stone-For-Feet-And-Foot-File-Set-p-27444006-cat-2171.html,0,0,0,0,0
1853,Pumice Stone (Superfine for Face) - Exfoliants,http://www.freshskin.co.uk/product/pumice-stone-superfine-face-exfoliants/,0,0,0,0,0
1854,Pumice Stone Importers and Buyers List in Sri Lanka,http://www.exportgenius.in/sri-lanka-importers-of-pumice-stone,0,0,0,0,0
1855,VMCMARYS DANA SL TOP WVN GA CUR Pumice Stone,http://www.beautyvolfashion.nl/vmcmarys-dana-sl-top-wvn-ga-cur-pumice-stone.html,0,0,0,0,0
1856,Pumice Stone with Wallnut Pumice Stone Multi Color 02,http://lalay.co/en/pumice-stone-with-wallnut-pumice-stone-multi-color-02-7490,0,0,0,0,0
1857,5Kg Ground Pumice Stone Granular Powder Tub Exfoliant ...,http://platinumdeals.com.au/products/5kg-ground-pumice-stone-granular-powder-tub-exfoliant-body-scrub-soap-additive,0,0,0,0,0
1858,1300G Ground Pumice Stone Granular Powder Tub ...,http://www.simplywholesale.com.au/products/1300g-ground-pumice-stone-granular-powder-tub-exfoliant-body-scrub,0,0,0,0,0
1859,Gabriella Salvete Pumice Stone pierre ponce talons,http://www.notino.fr/gabriella-salvete/pumice-stone-pierre-ponce-talons/,0,0,0,0,0
1860,Buy Clensta Foot Scrubber for Dead Skin | Pumice stone ...,http://www.jiomart.com/p/groceries/clensta-foot-scrubber-for-dead-skin-pumice-stone-for-foot-scrub-pedicure-tools-for-feet-foot-filer-for-women-foot-scrub-heel-scrubber-for-dead-skin-pumice-stone-for-body-scrub/591959250,0,1,0,0,0
1861,toilet cleaner brush wukalaka pumice stone toilet,http://cimaakildala.info/dsfxxxsdfgsdsdlysfonlinevideosx/bwaafdivwe,0,0,0,0,0
1862,"Pumice Stone, Dead Skin Remover, Red, Stone, Set of 2",http://market99.com/products/red-stone-pumice-stone-dead-skin-remover-ww10000661,0,0,0,0,0
1863,Patchouli Essential Oil w/Pumice Stone Grit,http://duckvillesoapco.com/products/untitled-jun2_10-42,0,0,0,0,0
1864,Hoka Clifton L Suede Simply Taupe / Pumice Stone Grey ...,http://kelsid.com/products/nwt-hoka-clifton-l-suede-simply-taupe-pumice-stone-grey-beige-sneakers-unisex,0,0,0,0,0
1865,A Pumice Stone Might Be The Secret To A Sparkling Clean ...,http://www.msn.com/en-us/lifestyle/cleaning-and-organizing/a-pumice-stone-might-be-the-secret-to-a-sparkling-clean-toilet/ar-AA1dnveE?apiversion=v2&batchservertelemetry=1&domshim=1&item=themed_featuredapps_enabled&noservercache=1&noservertelemetry=1&renderwebcomponents=1&wcseo=1,0,0,0,0,0
1866,Pumice Stone For Foot Callus Knees And Elbow (rectangle ...,http://www.nykaaman.com/getmecraft-pumice-stone-for-foot-callus-knees-and-elbow-rectangle-shape/p/5539281,0,0,0,0,0
1867,How to Use a Pumice Stone?,http://www.erdaglobal.com/blogs/news/how-to-use-a-pumice-stone,0,1,0,0,0
1868,Orku 1.3Kg Ground Pumice Stone Granular Powder Tub ...,http://www.woolworths.com.au/shop/productdetails/1074709490/orku-1-3kg-ground-pumice-stone-granular-powder-tub-exfoliant-body-scrub-soap-additive,0,0,0,0,0
1869,"Basics, Natural Sierra, Pumice Stone, 1 Stone",http://nz.iherb.com/pr/earth-therapeutics-basics-natural-sierra-pumice-stone-1-stone/21261,0,3,0,0,0
1870,Buy My Beauty Body Super Fine Pumice Stone Online at ...,http://www.chemistwarehouse.com.au/buy/101463/my-beauty-body-super-fine-pumice-stone,0,0,0,0,0
1871,Ranger - Pumice Stone Distress Oxide Ink Pad,http://spellbinderspaperarts.com/en-ca/collections/ranger/products/pumice-stone-distress-oxide-ink-pad,0,0,0,0,0
1872,"Foot Scrubber w/ Pumice Stone, Cleans, Smooths & More",http://www.zambi.africa/fresh-feet-as-seen-on-tv-foot-scrubber-w-pumice-stone-cleans-smooths-more-REZEFklXWVZfHlNW,0,0,0,0,0
1873,Pumice Stone for Soft & Smooth Feet with Wooden Tray,http://www.faerly.ie/products/pumice-stone-with-wooden-tray-dublin-herbalists,0,0,0,0,0
1874,Decorative Pumice Stone 10 Lt(10-20 Mm) Red ...,http://www.gourmeturca.com/decorative-pumice-stone-10-lt10-20-mm-red-pumice-agricultural-pumice-garden-pot-terrarium-stone-pumice-stone-51jk,0,0,0,0,0
1875,Urban Spa Volcanic Pumice Stone,http://well.ca/products/urban-spa-volcanic-pumice-stone_9588.html?bvstate=pg:2/ct:r,0,0,0,0,0
1876,"BAUHAUS Decke Brigitha Pumice Stone, 180 X 140 Cm, 100 ...",http://www.deko-panels.com/bauhaus-decke-brigitha-pumice-stone-180-x-140-cm-100-polyester/,0,0,0,0,0
1877,Foot treatment that might involve a pumice stone ...,http://ultimatesuccesspuzzle.com/crossword/-/Foot+treatment+that+might+involve+a+pumice+stone/,0,0,0,0,0
1878,PUMICE STONE definition and meaning | Collins English ...,http://www.collinsdictionary.com/dictionary/english/pumice-stone,0,8,0,0,0
1879,Vero Moda bluse VMLEVI POLY - Scarab PUMICE STONE ...,http://klaedeskabet.dk/products/vero-moda-bluse-vmlevi-poly-blouse-scarab-pumice-stone-black,0,0,0,0,0
1880,Pumice Stone For Feet Scrub & Exfoliating Dead Dry Skin,http://www.jamboshop.com/product/Pumice-Stone-For-Feet-Scrub-and-Exfoliating-Dead-Dry-Skin/120989/156381,0,0,0,0,0
1881,IDO Pumice Stone For Ceramic Surfaces - House Shop,http://house-shop.co.za/product/ido-pumice-stone-for-ceramic-surfaces/,0,0,0,0,0
1882,Effect of pumice stone and pearlite abrasives characteristics ...,http://journals.sagepub.com/doi/10.1177/00219983221089712?icid=int.sj-abstract.citing-articles.2,0,0,0,0,0
1883,Kellermann 3 Swords Pumice Stone: Exfoliate & Smooth ...,http://www.takealot.com/kellermann-3-swords-pumice-stone-exfoliate-smooth-dry-rough-feet/PLID71644377,0,0,0,0,0
1884,Foot Scrubber Shower Massage Mat with Pumice Stone ...,http://hbirubber.en.made-in-china.com/product/NxUpTardsHWD/China-Foot-Scrubber-Shower-Massage-Mat-with-Pumice-Stone-Bath-Mat-Bath-Supplies.html,0,0,0,0,0
1885,Pumice stone for the feet from Taylor of Old Bond Street,http://www.proshave.com/taylor-of-old-bond-street-pumice-stone.aspx,0,0,0,0,0
1886,"Use ""Pumice Stone"" In A Sentence",http://www.translateen.com/sentence/pumice-stone-in-sentence-examples/,0,0,0,0,0
1887,Pumice Stone Import Data of Acs Usa Llc Importer in USA,http://www.seair.co.in/us-import/product-pumice-stone/i-acs-usa-llc.aspx,0,0,0,0,0
1888,Pumice Stone is used to clean the cracked heels,http://utamaspicebali.com/product-tag/pumice-stone-is-used-to-clean-the-cracked-heels/,0,2,0,0,0
1889,"Vega PD 02 4 in 1 Foot Pedicure Brush, Pumice Stone ...",http://www.1mg.com/otc/vega-pd-02-4-in-1-foot-pedicure-brush-pumice-stone-scrubber-file-for-soft-care-otc998215,0,0,0,0,0
1890,"Pumice stone, granular (approx. 1-5mm), Thermo Scientific ...",http://www.fishersci.nl/shop/products/pumice-stone-granular-approx-1-5mm-thermo-scientific/10045293,0,0,0,0,0
1891,Forster's Grey Pumice Stone,http://www.naturalgrocery.co.uk/product/forsters-grey-pumice-stone/,0,0,0,0,0
1892,Maryton Foot Pumice Stone for Feet Hard Skin Callus ...,http://www.whizz.co.ke/product/4361259/maryton-foot-pumice-stone-for-feet-hard-skin-callus-remover-and-scrubber-pack-of-4-blue/,0,0,0,0,0
1893,"Maly Sia Oversize Sweatshirt, Pumice Stone North Shore, M",http://salling.dk/dame/toej/strik-sweatshirts/sweatshirts/maly-sia-oversize-sweatshirt-pumice-stone-nor/p-892501/,0,0,0,0,0
1894,Freequent Black w. Pumice Stone DRESS | FQABY-DRESS,http://bylene.dk/butik/alle-varer/str-36-44/freequent-black-w-pumice-stone-dress-fqaby-dress/,0,0,0,0,0
1895,Pumice Stone Foot Scrubber Manufacturer from New Delhi,http://www.themayansh.com/foot-scrubber.html,0,0,0,0,0
1896,Karlash Professional Callus Remover Gel & Pumice Stone ...,http://www.ubuy.za.com/product/CG1OWL4-professional-best-callus-remover-gel-for-feet-and-foot-pumice-stone-scrubber-kit-remove-hard-skins-heels-and-tough-callouses-from-feet-quickly-and-eff,0,0,0,0,0
1897,Foot Scrub Pumice Stone Pumice Rock for Feet to Remove ...,http://app.othoba.com/foot-scrub-pumice-stone-pumice-rock-for-feet-to-remove-dry-dead-skin-255650,0,0,0,0,0
1898,Online revlon pumice stone Shopping Store in Belize,http://belize.desertcart.com/search/revlon%20pumice%20stone,0,0,0,0,0
1899,KILLYS For Men Pumice Stone pumeks kamienny,http://allegro.pl/oferta/killys-for-men-pumice-stone-pumeks-kamienny-14081243226,0,0,0,0,0
1900,🚽 Cleaning a Rusty toilet with a Pumice Stone 🤮,http://m.youtube.com/watch?embeds_referring_euri=https://cobb4transit.org/&feature=emb_imp_woyt&v=VCK5a5EQRdI,0,0,0,0,0
1901,PB-86 | Pool Blok Pumice Stone with Pole Adapter,http://www.getpoolparts.com/product/37423/pool-blok-pumice-stone-with-pole-adapter,0,0,0,0,0
1902,"Akileine Pumice Stone pimpsten, 1st",http://ihohud.fi/sv/shop/1x-t8dv-7k8a-akileine-pumice-stone-pimpsten-1st-298,0,0,0,0,0
1903,Pumice Stone - Whale and Dolphin Conservation Shop,http://shop.whales.org/p/pumice-stone,0,0,0,0,0
1904,The Somerset Toiletry Co. Natural Pumice Stone pomice ...,http://www.notino.it/the-somerset-toiletry-co/natural-pumice-stone-pomice-per-i-piedi/,0,0,0,0,0
1905,Dwella Pumice Stone — The Right Cleaner for Your Toilet ...,http://medium.com/@dwellaherbotech/dwella-pumice-stone-the-right-cleaner-for-your-toilet-and-bathroom-floor-601c63bff98a,0,0,0,0,0
1906,Bamboo Foot Brush and Pumice Stone,http://stylishop.com/ae/en/product-eco-tools-eco-tools-bamboo-foot-brush-and-pumice-stone-2910084943,0,0,0,0,0
1907,Mini Distress Ink Pad Pumice Stone | RANKI-TDP40101,http://www.stempelmeer.de/Stempelkissen/Distress-Ink/Mini-Distress-Ink-Pad-Pumice-Stone_TDP40101,0,0,0,0,0
1908,1197 Pumice Stone a Paint Color by Benjamin Moore,http://jclicht.com/products/1197-pumice-stone?pr_prod_strat=description&pr_rec_id=0868ab3d7&pr_rec_pid=1840220078149&pr_ref_pid=1840631349317&pr_seq=uniform,0,0,0,0,0
1909,Foot Brush For Dead Skin Cleaning Pumice Stone For Feet ...,http://www.glowroad.com/pd/majestique-4-in-1-function-hard-skin-remover-for-leg-scrubber-foot-brush-for-dead-skin-cleaning-pumice-stone-for-feet-foot-stone-pedicure-tools-for-women-and-men/8240958,0,0,0,0,0
1910,"Beauty By Earth, Lava Exfoliating Pumice Stone, 6-7 oz",http://healthcentralusa.com/products/beauty-by-earth-lava-exfoliating-pumice-stone-6-7-oz,0,0,0,0,0
1911,Kids ONLY Pumice Stone Echo Cargo Parachute Bukser ...,http://cfshoppen.dk/products/kids-only-pumice-stone-echo-cargo-parachute-bukser-noos-str-128-fra-kids-only,0,0,0,0,0
1912,Pumice Stone Shower Foot Massager - Lulu's Luxuries,http://lulusluxuries.com/products/plastic-bath-shoe-pumice-stone-foot-scrubber-shower-brush-massager-slippers-for-feet-bathroom-products-foot-care-in-stock,0,0,0,0,0
1913,Kiyo Beauty Pumice Stone with Rope,http://www.kiyobeauty.com/products/kiyo-beauty-pumice-stone-with-rope,0,0,0,0,0
1914,"Precious and semi-precious stones, pumice stone, emery ...",http://op.europa.eu/en/web/eu-vocabularies/concept/-/resource?uri=http://data.europa.eu/cpv/cpv/14520000,0,0,0,0,0
1915,Comfun Pumice Stone for Cleaning Toilet Bowl ...,http://coiffure-sugarhair-nice.fr/?w=comfun-pumice-stone-for-cleaning-toilet-bowl-with-handle-kk-PejbDJU9,0,0,0,0,0
1916,Dasksha Pumice Stone Toilet Bowl Cleaner And Pool ...,http://www.pricecheck.co.za/offers/141196256/Dasksha+Pumice+Stone+Toilet+Bowl+Cleaner+And+Pool+Grout+Cleaner+-+2+Pack+-+4+Inch+Pumice+Stone+Cleaning+Tool,0,0,0,0,0
1917,"Pumice Stone Stock Photos, Royalty Free ...",http://www173.rtaf.mi.th/?a=pumice-stone-stock-photos-royalty-free-pumice-stone-images-ff-DEpWo5iZ,0,0,0,0,0
1918,Accessory - Nail Brush with Natural Pumice Stone,http://www.maisonapothecare.ca/products/accessory-nail-brush-with-natural-pumice-stone,0,0,0,0,0
1919,Buy 4PCS Pumice Stone Foot Scrub Double ...,http://www.desertcart.in/products/316199414-4-pcs-pumice-stone-foot-scrub-double-pumice-foot-stone-pumice-foam-glass-peeling-exfoliating-foot-massage,0,0,0,0,0
1920,The Right Way To Use A Pumice Stone (So You Don't Tear Up ...,http://www.glam.com/1289587/right-way-pumice-stone-tear-feet/,0,0,0,0,0
1921,Erlinda ProPed Ceramic Pumice Stone - Makeup,http://makeupshop.nl/en/product/791608/,0,0,0,0,0
1922,Replaceable Pumice Stone Brush Toilet Clean Brush Tool ...,http://www.chinacleaningblock.com/product/Replaceable-Pumice-Stone-Brush-Toilet-Clean-Brush-Tool-with-Extra-Long-Handle-For-Cleaning.html,0,0,0,0,0
1923,Feet Eating Fish Replace Pumice Stone,http://www.wfmynews2.com/article/news/weird/feet-eating-fish-replace-pumice-stone/83-402262916,0,0,0,0,0
1924,PEBEO Artist Acrylic Pumice Stone Mortar 250ml,http://www.overjoyed.xyz/shop/pebeo-523400-pebeo-artist-acrylic-pumice-stone-mortar-250ml-92714,0,0,0,0,0
1925,Pumice Stone Pedicure Tools for Feet Dead Skin Remover ...,http://www.aliexpress.com/item/3256806884600217.html?pdp_npi=4@pre!USD!US $4.07!!US $2.03!!4.07!2.03!@2101ef7017171557275905178e4f33!12000039309725746!sh01!US!0!,0,0,0,0,0
1926,Vive Health Pumice Stone Foot Scrubber - Blue,http://mymedicaloutlet.com/products/vive-health-pumice-stone-foot-scrubber-blue,0,0,0,0,0
1927,Pool Style Pure Pumice Stone Large 36700 | PS367,http://www.activepoolsupply.com/product/pool-style-pure-pumice-stone-large-36700ps367/32660,0,0,0,0,0
1928,"Pumice stone for softer, crack-free feet",http://timesofindia.indiatimes.com/most-searched-products/beauty/body-care/pumice-stone-for-softer-crack-free-feet/articleshow/81756447.cms,0,3,0,0,0
1929,Shine dress pumice stone Second Female,http://www.bonteschaep.nl/product/shine-dress-pumice-stone-second-female/,0,0,0,0,0
1930,"Electric Pumice Stone China, Wholesale, Manufacturers",http://www.bestsuppliers.com/showroom/electric-pumice-stone,0,0,0,0,0
1931,Best pumice stone for feet - Austin,http://www.kxan.com/reviews/br/beauty-personal-care-br/foot-care-br/best-pumice-stone-for-feet/,0,0,0,0,0
1932,Maze Pumice Stone Geometric Modern Wool Rug,http://www.rugscity.co.uk/maze-pumice-stone-geometric-modern-wool-rug-maze-pumice-stone,0,0,0,0,0
1933,Plaid Harvey 150x200 cm Pumice Stone | Dutch Decor,http://www.sierkussen.nl/HARVEY-Plaid-150x200-cm-superzachte-deken-van-fleece-Pumice-Stone-beige/DDL0912300662,0,0,0,0,0
1934,Non-Slip Grip Natural Pumice Stone BBQ / Flat Top Griddle ...,http://www.bedbathandbeyond.com/Home-Garden/Grill-Cleaning-Block-Non-Slip-Grip-Natural-Pumice-Stone-BBQ-Flat-Top-Griddle-Cleaner-Brick/29193966/product.html,0,0,0,0,0
1935,Long Handle Pumice Stone Brush Foot Scrubber Callus ...,http://www.jumia.com.ng/generic-long-handle-pumice-stone-brush-foot-scrubber-callus-remover-dead-skin-239540520.html,0,0,0,0,0
1936,Dodoki Volcanic Pumice Stone (Black),http://yaoota.com/en-ke/product/generic-volcanic-pumice-stone-black-price-from-jumia-kenya,0,0,0,0,0
1937,High Quality Pumice Stone with Different Density,http://winnezoneco.en.made-in-china.com/product/qBwxdmylrPUe/China-High-Quality-Pumice-Stone-with-Different-Density.html,0,0,0,0,0
1938,Natural Pumice Stone Callus Remover Foot File Exfoliation for ...,http://wyeknotrent.co.uk/natural-pumice-stone-callus-remover-foot-file-exfoliation-for-feet-RE9RXFleQERQX0Qd,0,0,0,0,0
1939,1197 Pumice Stone - Paint Color – Heartland Paint and Decor,http://www.mississaugapaint.ca/products/1197-pumice-stone,0,1,0,0,0
1940,1197 Pumice Stone - The Decorators Choice Paint Store,http://www.thedecoratorschoicepaintanddecor.ca/products/1197-pumice-stone,0,0,0,0,0
1941,The Manufacture of Pumice-Stone Bricks along the Rhine,http://www.scientificamerican.com/article/the-manufacture-of-pumice-stone-bricks-along-the-rhine/,0,0,0,0,0
1942,"Pack of 2 Double Sidede Pumice Stone, Hand Made Foot ...",http://valuebox.pk/products/pack-of-2-double-sidede-pumice-stone-hand-made-foot-scrubber-callus-remover-for-feet-foot-file-to-exfoliate-hard-dry-dead-skin-on-heels-feet,0,0,0,0,0
1943,Pumice Stone Wand with Handle- Toilets Tile Sinks Bathtubs ...,http://beagoodcompany.myshopify.com/products/pumice-stone-wand-with-handle-toilets-tile-sinks-bathtubs-cleaning-tool?pr_prod_strat=e5_desc&pr_rec_id=bc3bdc5f4&pr_rec_pid=6990852915387&pr_ref_pid=6990852817083&pr_seq=uniform,0,0,0,0,0
1944,A Study on The Suitability of Pumice Stone Powder As ...,http://publisher.uthm.edu.my/ojs/index.php/IJSCET/article/download/13114/5984/68003,0,0,0,0,0
1945,Pumice Stone Hand Soap Refill - Element Brooklyn,http://www.elementbrooklyn.com/en-ca/products/pumice-stone-hand-soap-refill,0,0,0,0,0
1946,Trim Neat Feet Pumice Stone Nail Brush,http://www.cashmerecosmetics.com/language/en/product/trim-neat-feet-pumice-stone-nail-brush/,0,0,0,0,0
1947,Pumice Stone Toilet Bowl Cleaner W/ Handle (1-Pack),http://www.ecrater.com/p/41900140/pumice-stone-toilet-bowl-cleaner-w,0,0,0,0,0
1948,Magic Collection Pumice Stone Fine - zoesbeautycare,http://www.zoesbeautycare.com/collections/all/products/magic-collection-pumice-stone-fine-636227389286,0,0,0,0,0
1949,"Sow Good, Pumice Stone, 1 Tool - iHerb Украина",http://iherb.in.ua/sow-good-pemza-1-shtuka.html,0,0,0,0,0
1950,Ergonomic Toilet Cleaner with Pumice Stone,http://www.aruba.ubuy.com/en/product/7BCBY27K2-2-pack-toilet-cleaner-hard-water-build-up-remover-with-ergonomic-handle-toilet-bowl-stain-ring-remover-pumice-stone-toilet-cleaner-tool-stain-hard?st=es,0,0,0,0,0
1951,Natural Lava Pumice Stone Charcoal 5398,http://tropicalshop.ch/de/sonstiges/3805-natural-lava-pumice-stone-charcoal-5398.html,0,0,0,0,0
1952,Pumice Stone Manicure And Pedicure white / blue ...,http://www.cosmetics-beautyshop.com/products/3529311230021,0,0,0,0,0
1953,Korbond Redberry Pumice Stone And Quartz Nail Care,http://www.paknsave.co.nz/shop/product/5282083_ea_000pns?name=korbond-redberry-pumice-stone-and-quartz-nail-care,0,0,0,0,0
1954,Pumice Stone Tokyo Linen Blend Shorts Str Fra Kids Only,http://pants.dk/vare/pumice-stone-tokyo-linen-blend-shorts-str-fra-kids-only/,0,0,0,0,0
1955,"Lyle & Scott Loose Fit T-Skjorte Til Barn, Pumice Stone",http://oswaldbessw.com/products/barneklaer-lyle-scott-lyle-scott-loose-fit-t-skjorte-til-barn-pumice-stone/,0,0,0,0,0
1956,Plastic Pumice Stone Foot Scrubber Shower Slippers,http://mlkcolactioneuropa.com/products/plastic-pumice-stone-foot-scrubber-shower-slippers,0,0,0,0,0
1957,Powerstone Pumice Stone Toilet Bowl Cleaner with ...,http://dk.pinterest.com/pin/powerstone-pumice-stone-toilet-bowl-cleaner-with-handle-1pack-a-solution-for-hard-water-stains-on-toilets-grills-tiles-grout-pools-in-2024--22377329392613478/,0,0,0,0,0
1958,GREY Pumice Stone Horticulture Hydroponics Propagation ...,http://www.ebay.com/itm/Horticulture-Pumice-Stone-Hydroponics-Propagation-Raising-Potting-FREE-FAST-POST-/253987245813?_ul=CN,0,0,0,0,0
1959,Pumice Stone Mountain Topo Map in Siskiyou County CA,http://www.topozone.com/california/siskiyou-ca/summit/pumice-stone-mountain/,0,0,0,0,0
1960,Kroger Pumice Stone Delivery or Pickup Near Me,http://philly.instacart.com/store/kroger/s?k=Pumice Stone,0,0,0,0,0
1961,Experimental investigation of pumice stone as coarse ...,http://pubs.aip.org/aip/acp/article/2271/1/030011/749507/Experimental-investigation-of-pumice-stone-as,0,0,0,0,0
1962,"PUMICE STONE POTS XLARGE, Furniture & Home Living ...",http://www.carousell.ph/p/pumice-stone-pots-xlarge-1078864199/,0,0,0,0,0
1963,"Across Pumice Stone Passage, Bribie Island. Qld by Tony ...",http://morningtonartshow.com.au/artwork/art/across-pumice-stone-passage-bribie-island-qld/52295/?grid=square&nor=1&order=ASC&pas=1&pg=2&pg_old=2&price=3&q=1&sort=5,0,0,0,0,0
1964,Kussen Fluffy Pumice Stone 60x60 cm,http://www.rienties.nl/Kussen-Fluffy-Pumice-Stone-60x60,0,0,0,0,0
1965,Evie Cropped Blazer Pumice Stone,http://meandmycousin.no/en-eu/products/10120322-evie-cropped-blazer-pumice-stone-en-1,0,0,0,0,0
1966,"6 Pack Pumice Stone Toilet Bowl Clean Brush, Remove ...",http://www.dealmoon.com/en/product/-6-pack-pumice-stone-toilet-bowl-clean-brush-remove-toilet-bowl-hard-water-rings-calcium-buildup-and-rust-suitable-for-cleaning-toilet-bathroom-kitchen-sink-grill-white/5335725,0,0,0,0,0
1967,"Pool Blok, PB-12 by US Pumice, Pumice Stone for ...",http://discovermystore.com/products/pool-blok-pb-12-by-us-pumice-pumice-stone-for-cleaning-of-pools-tiles-pummis-stone-to-remove-lime-rust-algae-from-pools-5-75x2-87x2-87-1,0,0,0,0,0
1968,Pumice Stone Manicure And Pedicure pumeks kamienny ...,http://neness.pl/akcesoria-do-wlosow/22064-pumice-stone-manicure-and-pedicure-pumeks-kamienny-bialy-niebieski,0,0,0,0,0
1969,Question: What is pumice stone an example of?,http://amon.in/question/what-is-pumice-stone-an-example-of,0,0,0,0,0
1970,Natural Volcanic Pumice Stone for Smooth Feet,http://www.marleysmonsters.com/en-ca/products/pumice-stone,0,0,0,0,0
1971,Supply Professional Factory Manufacturing Pumice Stone ...,http://haogesi.en.made-in-china.com/product/gNYmKwAuLdcs/China-Supply-Professional-Factory-Manufacturing-Pumice-Stone-for-Horticulture-Agricultural.html,0,0,0,0,0
1972,Hydrea London Natural Pumice Stone,http://www.naturisimo.com/products/new-hydrea-natural-pumice-stone,0,0,0,0,0
1973,Pumice stone Fine (2mm – 4mm),http://www.eliteorchids.com/product/pumice-stone-fine-2mm-4mm/,0,0,0,0,0
1974,Natural Pumice Stone 2 Pack - Exfoliating Foot Scrubber ...,http://beesactive.com/products/natural-pumice-stone-2-pack-exfoliating-foot-scrubber-for-soft-smooth-feet-100-natural-volcanic-rock,0,0,0,0,0
1975,"Basics, Natural Sierra, Pumice Stone, 1 Stone",http://ae.iherb.com/pr/earth-therapeutics-basics-natural-sierra-pumice-stone-1-stone/21261,0,0,0,0,0
1976,Pumice Stone White 8/CDU - Port Style,http://portstylewholesale.com/product/pumice-stone-white-8-cdu/,0,0,0,0,0
1977,Amazing Pumice Stone Soap Kit (15 Soaps $127.5 ...,http://www.creativewholesale.com.au/product/amazing-pumice-stone-soap-kit/,0,0,0,0,0
1978,Pumice Stone Toilet Brush Creative Bathroom Cleaning ...,"http://www.daraz.com.bd/products/pumice-stone-toilet-brush-creative-bathroom-cleaning-tools-home-sink-toilet-nicle-i321801070-s1498610236.html?clickTrackInfo=90fe4c3f-dba5-4e1b-8663-241632771faa__321801070__10000383__shopc2i__351072__0.9340986__0.9340986__0.0__0.0__0.0__12.656556__4__null__null__null__null__null__null____805.0__0.34285714285714286__0.0__0__529.0__338912,341150,350528__null__null__null__955.7333_3650.16540__null__28555__null__0.0__0.0________null__null&scm=1007.38553.252219.0&search=pdp_same_store?mp=1&spm=a211g0.pdp.middle_recommend.5",0,0,0,0,0
1979,Pantone 14-0002 Tpx Pumice Stone Color | #c6c0b6,http://hexcolorpedia.com/color/c6c0b6/,0,0,0,0,0
1980,"Pumice Stone For Feet WholeSale - Price List, Bulk Buy at ...",http://supplyleader.com/pumice-stone-for-feet,0,0,0,0,0
1981,"Samtkissen in Pumice Stone inklusive Füllung, 30 x 50 cm ...",http://www.schoen-zeiten.de/products/kissen-in-pumice-stone-inklusive-fullung-30-x-50-cm-100-polyester,0,0,0,0,0
1982,Buy PUMIE Pack of 12 Pumice Stone for Toilet Cleaning ...,http://botswana.desertcart.com/products/9308175-scouring-stick-6-x-3-4-x-1-1-4-dozen,0,0,0,0,0
1983,NEAT FEAT FOOT PUMICE STONE,http://www.lookfantastic.jp/neat-feat-foot-pumice-stone/10590058.html,0,0,0,0,0
1984,Sun Smile Japanese Pumice Stone Black - 120 Characters,http://japanwithlovestore.com/zh-sg/products/sun-smile-japanese-pumice-stone-black-120-characters,0,0,0,0,0
1985,Pumice stone Meaning in Indonesian,http://dictionary.bissoy.com/pumice-stone-meaning-in-indonesian,0,0,0,0,0
1986,Erlinda ProPed Ceramic Pumice Stone - Makeup,http://makeup.ae/en/product/821519/,0,0,0,0,0
1987,Hand and Foot Brush with pumice stone to Remove Dead ...,http://bootkoot.in/collections/beauty-health-personal-care/products/9352_pumic_stone_n_brush,0,0,0,0,0
1988,PUMICE STONE Very dry feet,http://oleapharma.com/en/Akileine/PUMICE-STONE-Very-dry-feet-380.html,0,1,0,0,0
1989,Yellow or Purple Pumice Stone Foot Care Pedicure ...,http://www.made-in-china.com/showroom/salvmary/product-detailGtrRNfBVqmcH/Yellow-or-Purple-Pumice-Stone-Foot-Care-Pedicure-Scrubber-Disposable-Mini-Pumice-Bar.html,0,0,0,0,0
1990,Nail Brush and Pumice Stone - Superio,http://www.superiobrand.com/products/nail-brush-and-pumice-stone,0,0,0,0,0
1991,I want to eat a pumice stone SO BAD I'm 34 weeks pregnant ...,http://glowing.com/community/topic/6930263/i-want-to-eat-a-pumice-stone-so-bad-i-m-34-weeks-pregnant-and-this-is-my-freakin-craving-what-the-heck-i-know-i-need-more-iron-but-my-doctor-said-i-could-just-keep-taking-prenatals-that-my-anemia-would-go-away-but-this-craving-wont-go-away,0,0,0,0,0
1992,Almine - Super Pumice Stone Course Grit,http://zoebeautysupply.com/products/almine-super-pumice-stone-course-grit,0,0,0,0,0
1993,vmbella ls open cardigan ga exp rep2 -pumice stone,http://www.thomassen1960.no/vmbella-ls-open-cardigan-ga-exp-rep2-pumice-stone,0,0,0,0,0
1994,Pumice Stone Natural Earth Lava Black Callus dead Skin,http://smarttravelpco4.rs/Pumice-Stone-Natural-Earth-Lava-Black-Callus-dead-Skin-Temu-4897-117620.html,0,0,0,0,0
1995,Pumice Stone Grill Grillplatte Reinigung Brick Block ...,http://www.amazon.de/Pumice-Grillplatte-Reinigung-Cleaner-Grillregale/dp/B08F7VLRDH,0,0,0,0,0
1996,4pcs sets of 2 in 1 Pumice Stone | Rivers NZ,http://www.beme.co.nz/product/4pcs%20sets%20of%202%20in%201%20Pumice%20Stone/DSV2369863.html,0,0,0,0,0
1997,Natural Beauty Natural Pumice Stone,http://spoil.co.nz/natural-beauty-natural-pumice-stone/,0,0,0,0,0
1998,Babila Light Pumice Stone with Foot File,http://www.desertcart.hk/products/76960913-babila-light-pumice-stone-with-foot-file,0,0,0,0,0
1999,Fresh Feet - Foot Scrubber With Pumice Stone Massaging ...,http://www.bestbuy.ca/en-ca/product/fresh-feet-foot-scrubber-with-pumice-stone-massaging-and-exfoliating-brush-for-your-feet/14338036,0,7,0,0,0
2000,Buy GUBB Pumice Stone 70 gm Online at Discounted Price,http://www.netmeds.com/non-prescriptions/gubb-pumice-stone-70-gm,0,0,0,0,0
2001,Use a pumice stone or lint roller to de-fuzz a sweater,http://coolcreativity.com/life-tips/life-hacks-every-girl-know/attachment/use-a-pumice-stone-or-lint-roller-to-de-fuzz-a-sweater/,0,0,0,0,0
2002,Natural red clay pumice stone,http://needleit.pl/en/products/naturalny-pumeks-z-glinki-czerwonej,0,0,0,0,0
2003,Should you use a pumice stone before moisturizing your ...,http://health.howstuffworks.com/skin-care/moisturizing/products/pumice-stone-moisturizing-feet.htm,0,1,0,0,0
2004,1 Pumice Stone Healthy Foot Care Pedicure Natural ...,http://www.easy-plants.co.uk/index.php?product_id=414&rt=product/product,0,0,0,0,0
2005,CHIC PUMICE STONE WITH ROPE OVAL 100MM,http://pharmadiv.co.za/product/chic-pumice-stone-with-rope-oval-100mm/,0,0,0,0,0
2006,Rough Grey Pumice Stone Effect (200ml Bottle),http://www.hobbylinc.com/vallejo-rough-grey-pumice-stone-effect-200ml-bottle-model-railroad-mold-accessory-26213?source=froogle,0,0,0,0,0
2007,Pumice stone white with cotton cord | volcanic stone,http://www.asandri.com/en/products/pumice-white-with-cotton-cord-volcanic-stone,0,0,0,0,0
2008,Download Foot Shaped Pumice Stone transparent PNG,http://www.stickpng.com/img/nature/pumice/foot-shaped-pumice-stone,0,0,0,0,0
2009,Hannah Moryn Pumice stone XL,http://www.kamzik.cz/hannah-moryn-pumice-stone-xl-pumice-stone-xl.html,0,0,0,0,0
2010,Natural Sea Sponge Pumice Stone,http://www.bathandunwind.com/natural-sea-sponge-pumice-stone/,0,1,0,0,0
2011,M'HEKKA Moroccan pumice stone (with sabra fabric),http://marrakecheology.com/products/mhekka-moroccan-pumice-stone-with-sabra-fabric,0,0,0,0,0
2012,pumice stone cuticle pusher pen - pink,http://www.nailfor.com/en/tools-and-accessories/16948-PUMICE-STONE-CUTICLE-PUSHER-PEN-PINK.html,0,0,0,0,0
2013,Fine LinesUK Pumice Stone 40310,http://myafricacaribbean.com/products/pacmac7972,0,0,0,0,0
2014,Pumice Stone Soap with Hemp Seed Oil,http://melsskinlaundry.com/products/pumice-stone-soap,0,0,0,0,0
2015,Feetcalm Pumice Stone and Charcoal Soap,http://onlyfootcare.com/product/feetcalm-pumice-stone-and-charcoal-soap/,0,0,0,0,0
2016,Pumice Stone TSO67818 Tim Holtz | Distress Oxide spray,http://www.webshopmargo.nl/a-56299926/distress-oxide-spray/ranger-distress-oxide-spray-pumice-stone-tso67818-tim-holtz/,0,0,0,0,0
2017,Powerstone Pumice Stone Toilet Bowl Cleaner with Uganda,http://www.ubuy.ug/en/product/5C6V68VUO-powerstone-pumice-stone-toilet-bowl-cleaner-with-extra-long-handle-2-pack-or-3andx27andx27-longer-handle-or-remove-hard-water-stains-rings-andamp-l,0,0,0,0,0
2018,Powerstone Pumice Stone T...B011HAW9NC,http://encarguelo.com.ve/producto/B011HAW9NC/powerstone-pumice-stone-toilet-bowl-cleaner-whandle,0,0,0,0,0
2019,"Maryton Foot Scrubber Pumice Stone for Feet, Upgraded 2 ...",http://ae.pricena.com/en/product/maryton-foot-scrubber-pumice-stone-for-feet-upgraded-2-in-1-exfoliating-glass-pumice-stone-with-grip-ultimate-pedicure-tools-dead-skin-callus-remover-2-count-price-in-dubai-uae-135546011,0,0,0,0,0
2020,"Pumice Stone for Feet, Hard Skin Callus Remover & ...",http://fararti.com/products/pumice-stone-for-feet-hard-skin-callus-remover-scrubber-blue-color-12-pack,0,0,0,0,0
2021,Bath pumice stone on the white background. Isolated. Blue ...,http://www.alamy.com/bath-pumice-stone-on-the-white-background-isolated-blue-pumice-stone-with-large-pores-for-the-bathroom-bathroom-accessories-object-for-body-care-image480238196.html,0,0,0,0,0
2022,4 in 1 Foot Pumice Stone Pedicure Tool,http://www.bamagate.com/en-us/products/4-in-1-foot-skin-remover-tool,0,0,0,0,0
2023,Shorts Musselin KogThyra Pumice Stone Fra Kids Only - Saleo,http://saleo.dk/products/shorts-musselin-kogthyra-pumice-stone-fra-kids-only,0,0,0,0,0
2024,Adoro Long Pumice Stone With Rope Unidad,http://www.depositodebelleza.com/productos/adoro-long-pumice-stone-with-rope-unidad/,0,0,0,0,0
2025,Sculpted Pumice Stone 1 Ct,http://www.naturalgrocers.com/products/sculpted-pumice-stone-1-ct,0,0,0,0,0
2026,"Pumice Stone Cleaning Stone, Heavy Duty Grill ... - Fyndiq",http://fyndiq.no/produkt/pumice-stone-cleaning-stone-heavy-duty-grill-stone-cleaner-ecological-stone-grill-brick-for-bbq-grills-flat-top-grates-df2f8e31f46e4f1d/,0,0,0,0,0
2027,IDEA FOR A BLOCK: Pumice stone - Suggestions,http://www.minecraftforum.net/forums/minecraft-java-edition/suggestions/39817-idea-for-a-block-pumice-stone,0,0,0,0,0
2028,Powerstone Pumice Stone Toilet Cleaner with Handle (1- ...,http://www.desertcart.com.cy/products/268085125-powerstone-pumice-stone-toilet-bowl-cleaner-with-handle-1-pack-a-reliable-and-harmless-solution-for-cleaning-limescale-deposits-mildew-hard-water-stains-on-toilets-grills-tiles-grout-pools,0,0,0,0,0
2029,BBQ Grill Cleaning Brick Glass Pumice Stone Used to ...,http://salvmary.en.made-in-china.com/product/VFbALNtGhray/China-BBQ-Grill-Cleaning-Brick-Glass-Pumice-Stone-Used-to-Clean-Stains.html,0,0,0,0,0
2030,"4 In 1 Foot Pedicure Brush, Pumice Stone, Scrubber & File ...",http://www.daraz.lk/products/4-in-1-foot-pedicure-brush-pumice-stone-scrubber-file-for-soft-care-multi-use-manicure-paddle-brush-kit-tool-cleanse-and-buff-for-feet-toes-nails-cleaning-bath-brush-multicolor-4-in-1-brush-i179606846.html,0,0,0,0,0
2031,Foot Rubbing Stone Rub Foot Board Pumice Stone ...,http://www.lazada.sg/products/foot-rubbing-stone-rub-foot-board-pumice-stone-exfoliation-tool-foot-grinder-exfoliating-calluses-pumice-stone-grinding-foot-board-double-sided-i3043875378.html,0,0,0,0,0
2032,"Kirkland, WA: Hand Pumice Stone",http://web2.promoplace.com/imagesource/p/FDWHH-LUJOD/hand-pumice-stone,0,0,0,0,0
2033,Levi's Men's 514 Straight-fit Soft Twill Jeans In Pumice Stone,http://modesens.com/product/levi-s-men-514-straight-fit-soft-twill-jeans-pumice-stone-80829776/,0,0,0,0,0
2034,2pk Pumice Stone for Toilet Cleaning Removes Limescale ...,http://www.diy.com/departments/2pk-pumice-stone-for-toilet-cleaning-removes-limescale-toilet-pumice-cleaning-stone-with-handle/5056175990269_BQ.prd,0,0,0,0,0
2035,Wholesale Supplier of Pumice Stone in USA,http://www.packform.com/shop/cleaning-and-janitorial-supplies/pumice-stone,0,0,0,0,0
2036,Foot Pumice Stone for Feet Hard Skin Callus Remover and ...,http://www.juliaquieen.com/products/foot-pumice-stone-for-feet-hard-skin-callus-remover-and-scrubber-pack-of-4-blue,0,0,0,0,0
2037,Grooming Pumice Stone 15cm X 10cm X 5cm,http://www.tophand.com.au/products/grooming-products/grooming-pumice-stone-15cm-x-10cm-x-5cm,0,0,0,0,0
2038,Women's Pumice Stone Roller Battery Operated Foot Spa ...,http://brickseek.com/p/women-s-pumice-stone-roller-battery/6031278,0,0,0,0,0
2039,Natural Beauty Natural Pumice Stone,http://cn.chemistwarehouse.com.au/buy/95233/natural-beauty-natural-pumice-stone,0,3,0,0,0
2040,3Star Crystal Pumice Stone Rainbow Lek-Lai and similar ...,http://www.bonanza.com/items/like/264087842/3Star-Crystal-Pumice-Stone-Rainbow-Lek-Lai-Glittering-Mineral-Iron-rock-Amulets,0,0,0,0,0
2041,Buy Shamanuti - Natural Pumice Stone Online at ...,http://www.desertcart.sc/products/26238054-shamanuti-natural-pumice-stone,0,0,0,0,0
2042,2024 Pumice stone for cleaning toilets.,http://praxis-zielke-gross.de/read/pumice-stone-for-cleaning-toilets,0,0,0,0,0
2043,Stock Photo: Pumice stone Fukutoku-Okanoba eruption ...,http://www.pixtastock.com/photo/87448291,0,0,0,0,0
2044,Preparation of Pumice Stone Morphology AgAlO2@ZnO S ...,http://pubs.acs.org/doi/10.1021/acs.cgd.2c01339,0,0,0,0,0
2045,Pumice Stone in Cellular Glass,http://diroestetica.it/en/products/pietra-pomice-in-vetro-cellulare,0,0,0,0,0
2046,"Glass Pumice Stone for Feet, Callus Remover and Foot ...",http://www.stronics.co.uk/product-page/glass-pumice-stone-for-feet-callus-remover-and-foot-scrubber-pedicure-exfolia?lang=pt,0,0,0,0,0
2047,Pumice Stone Scrub For Dry Feet,http://www.brazilianbikinishop.com/en/pumice-stone-scrub-for-dry-feet-pumice-stone-scrub-196149.html,0,0,0,0,0
2048,General plan Pumice Stone Passage [cartographic material],http://catalogue.nla.gov.au/catalog/2932257,0,0,0,0,0
2049,"Cleaning Block Toilet, Pack of 4 Pumice Stone for ...",http://newnestshop.com/products/cleaning-block-toilet-pack-of-4-pumice-stone-for-toilet-pumice-stone-cleaning-stone-with-handle-toilet-cleaning-stone-with-handle-blocks-of-pumice-stone-for-toilet-for-grill-kitchen,0,0,0,0,0
2050,Kingsley Natural Bristle Nail Brush With Pumice Stone,http://www.thesoapopera.com/products/kingsley-natural-bristle-nail-brush-with-pumice-stone,0,0,0,0,0
2051,Bamboo Pumice Stone/Nail Brush - Southern Handcrafted,http://southernhandcrafted.com/products/bamboo-pumice-stone-nail-brush,0,0,0,0,0
2052,Powerstone Pumice Stone Toilet Bowl Cleaner with Handle (1 ...,http://slparks.co.uk/uk3/pumice+stone+for+toilet,0,0,0,0,0
2053,Only Ohio quilt mix fleece jacket Pumice Stone,http://allehaande.no/produkt/only-ohio-quilt-mix-fleece-jacket-pumice-stone/,0,0,0,0,0
2054,Sparkling midi kjole Pumice Stone - VIC,http://www.vic.no/dameklaer/kjoler-skjort/sparkling-midi-kjole/pumice-stone/,0,0,0,0,0
2055,Only KOGANNA QUILTED JACKET OTW Pumice Stone,http://www.freewear.nl/only-15310810-pumice-stone-jassen-en-jacks-meisjes-15310810.html,0,0,0,0,0
2056,1 Pumice Stone Foot File Pedicure Callus Remover ...,http://www.alltopbargains.com/products/1-pumice-stone-foot-file-pedicure-callus-remover-scraper-dead-skin-scrub-brush,0,0,0,0,0
2057,Homeliving Foot Brush Wooden With Pumice Stone,http://www.woolworths.co.nz/shop/productdetails?name=homeliving-foot-brush-wooden-with-pumice-stone&stockcode=82089,0,0,0,0,0
2058,"6 Pack Pumice Stone for Toilet Bowl Cleaning, Bahrain",http://www.ubuy.com.bh/en/product/TR4D86-6-pack-pumice-stone-toilet-bowl-cleaner-remove-toilet-bowl-hard-water-rings-calcium-buildup-iron-and-rust-pumice-suitable-for-cleaning-toilet-bathtub,0,0,0,0,0
2059,Buy Natural Pumice Stone 1 unit Beter | Naturitas,http://www.naturitas.nz/p/cosmetics-and-hygiene/skin-care-hands-and-feet/natural-pumice-stone-1-unit-beter,0,0,0,0,0
2060,Natural Lava Stone - Alternative To Pumice Stone In Foot ...,http://www.fruugo.nl/natural-lava-stone-alternative-to-pumice-stone-in-foot-care-to-remove-calluses/p-185284851-395477464?language=en,0,0,0,0,0
2061,Evaluation of pumice stone as an alternative low-cost ...,http://www.semanticscholar.org/paper/Evaluation-of-pumice-stone-as-an-alternative-for-an-Quesada-Rodr%C3%ADguez-Ledezma-Espinoza/b3c4db502a459b1fc9320bdde8cc487c3df7a6f4,0,0,0,0,0
2062,Pumice Stone For Plants Pumice Stones For Soil Improvement ...,http://www.codecanvas.pro/?o=pumice-stone-for-plants-pumice-stones-for-soil-improvement-nn-o2DZD8cA,0,0,0,0,0
2063,NATURALGRO Pumice Stone (3L bag) - Singapore,http://www.huahng.com.sg/shop/garden-supplies/potting-medium/naturalgro-pumice-stone-3l-bag/,0,0,0,0,0
2064,"scrubber,foot,soft/stiff bristles,pumice stone,13"" x 9"" w/hanger",http://www.shopmedvet.com/product/119753/Mobility-aids,0,0,0,0,0
2065,"Griddle Block Pumice Stone 6"" (Sold Singly)",http://www.restaurantstore.co.uk/Griddle-Block-Pumice-Stone,0,0,0,0,0
2066,Cellular glass pumice stone 2p - Milano,http://mareb.it/gb/5290/2747-210901.html,0,0,0,0,0
2067,"Pumice stone for heels, peach color",http://globalfashion.uk/20298-pumice-stone-for-heels-peach-color,0,0,0,0,0
2068,18 Pcs Nail File Pumice Stone Cuticle Pusher ...,http://www.amazon.com.au/Pumice-Cuticle-Pusher-Pedicure-Manicure/product-reviews/B07QNV6VP1?reviewerType=all_reviews,0,0,0,0,0
2069,Natural Pumice Stone for Dog Grooming - SolMiradale Terriers,http://www.solmiradale.com/product-page/natural-pumice-stone-for-dog-grooming,0,0,0,0,0
2070,Buy HERBA Pumice Stone (1pc),http://kanela.ch/gb/herba-pumice-stone-1-pc,0,0,0,0,0
2071,Andrea Knit Rib Cardigan Pumice Stone By Second Female,http://www.smukoslo.no/products/9473009-andrea-knit-rib-cardigan-pumice-stone,0,0,0,0,0
2072,Petmate Cat Litter Catcher Mat Pumice Stone - Large,http://shop.petlife.com/collections/litter-box-and-accessories/products/petmate-cat-litter-catcher-mat-pumice-stone-large,0,0,0,0,0
2073,Fallen Fruits Wrapped Garden Soap | Ground Pumice Stone,http://www.gatesgardencentre.co.uk/product/fallen-fruits-wrapped-garden-soap/,0,0,0,0,0
2074,"Fix Your Rough, Callused Feet With A Pumice Stone Soap ...",http://patch.com/us/dealtown/fix-your-rough-callused-feet-pumice-stone-soap-scrubber,0,3,0,0,0
2075,Long Handle Pumice Stone Brush Foot Scrubber Callus ...,http://www.jumia.com.gh/generic-long-handle-pumice-stone-brush-foot-scrubber-callus-remover-dead-skin-152447324.html,0,0,0,0,0
2076,"Pumice Stone for Toilet Bowl Cleaning,Scouring Stick with ...",http://m.shein.com/us/Pumice-Stone-for-Toilet-Bowl-Cleaning-Scouring-Stick-with-Handle-Cleans-Away-Limescale-Stain-Hard-Water-Rings-Calcium-Buildup-Iron-and-Rust-Remover-for-Tile-Bath-Kitchen-Household-p-18962585-cat-3976.html?lang=us,0,0,0,0,0
2077,"Pumice Stone Feet Callus Remover,lava Foot ...",http://www.fruugo.ie/pumice-stone-feet-callus-removerlava-foot-pumice-stone-for-callous-warts-dead-skin-removalnatural-exfoliating-stone/p-234502007-501463028?language=en,0,0,0,0,0
2078,Heel to Toe Natural Lava Rock Pumice Stone,http://dianebeautysupply.com/zh-hans/products/heel-to-toe-natural-lava-rock-pumice-stone,0,0,0,0,0
2079,"Shea Heel Balm, natural lava pumice stone, 100% organic ...",http://fbrskincare.com/Shea-Heel-Balm-natural-lava-pumice-stone-100-organic-cotton-socks-pack-p515183371,0,0,0,0,0
2080,"ONLY Strickpullover 'Caviar' Pumice Stone, Unifarben, Beige",http://www.netto-online.de/only-strickpullover-caviar-pumice-stone-unifarben-beige-gr-s/p-2672867000,0,0,0,0,0
2081,"Foot Scrub, Plastic And Pumice Stone - Vishal Mega Mart",http://www.vishalmegamart.com/en-in/home-and-kitchen/cleaning-and-bath/brushes-and-scrubbers-foot-scrub-plastic-and-pumice-stone/1211008544.html,0,0,0,0,0
2082,Dutch Decor plaid Ziggy 140x180 cm Pumice Stone,http://shop.bouwhof.nl/products/dutch-decor-plaid-ziggy-140x180-cm-pumice-stone-8714165639754,0,0,0,0,0
2083,CLOVER FIELDS Pumice Stone Cute Foot Shaped Each,http://cityorganics.com.au/lines/clover-fields-pumice-stone-cute-foot-shaped-each,0,0,0,0,0
2084,Outlet De PUMICE STONE/BLACK/SPICED APPLE/SUPER ...,http://modemanteaux.com/boutique-tag/pumice-stone-black-spiced-apple-super-sonic/,0,0,0,0,0
2085,Evaluation of pumice stone as an alternative low-cost ...,http://tec-cris.tec.ac.cr/en/publications/evaluation-of-pumice-stone-as-an-alternative-low-cost-adsorbent-f/fingerprints/,0,0,0,0,0
2086,Boots Exfoliating Foot Pumice Stone,http://www.boots.ie/beauty/boots-foot-pumice-stone-10267806?bvstate=pg:2/ct:r,0,0,0,0,0
2087,Plumber: Use pumice stone to clean toilet bowl?,http://siouxcityjournal.com/advertorial/siouxland_homes/plumber-use-pumice-stone-to-clean-toilet-bowl/article_57040761-2762-5b96-bda1-a61c6d365958.html,0,11,0,0,0
2088,Pumice Stone CFSAMOS Shorts von Casual Friday - Companys,http://www.companys.com/de-ch/pumice-stone-cfsamos-shorts-20505119-140002,0,0,0,0,0
2089,مقاله Effect of Pumice Stone and Sugar Molasses on the ...,http://civilica.com/doc/1962364/,0,0,0,0,0
2090,Karlash Professional Pedicure Foot Pumice Stone for Feet ...,http://crowcrowcrow.com/collections/shop-by-festival/products/a000059181usin,0,0,0,0,0
2091,SUZANNE Nail Brush with Pumice Stone,http://cdn.judge.me/reviews/suzanne-somers.myshopify.com/products/copy-of-suzanne-organics-nail-file-3-pack,0,0,0,0,0
2092,Credo Glass Foot Pumice Stone - each,http://dkbeauty.ca/cs/products/credo-glass-foot-pumice-stone-each,0,0,0,0,0
2093,Redecker Pumice Stone for Feet,http://muddhousemercantile.com/products/pumice-stone,0,0,0,0,0
2094,NW30508 Washed Brick Pumice Stone Brick Theme Vinyl Self ...,http://www.thesavvydecorator.com/products/nw30508-washed-brick-pumice-stone-brick-theme-vinyl-self-adhesive-wallpaper-nextwall-peel-stick-collection-made-in-united-states.html,0,0,0,0,0
2095,Spa Privé - Pumice Stone with Nail Brush,http://www.redpotatomarket.com/products/Spa-Prive-Pumice-Stone-with-Nail-Brush-p610646822,0,0,0,0,0
2096,Powerstone Pumice Stone Toilet Bowl Cleaner ... - Walmart,http://business.walmart.com/ip/Powerstone-Pumice-Stone-Toilet-Bowl-Cleaner-Handle-1-pack-A-Reliable-Harmless-Solution-Cleaning-Limescale-Deposits-Hard-Water-Stains-Toilets-Grills-T/692248384?variantFieldId=size,0,0,0,0,0
2097,"1pc Pumice Stone Nail File Stick, Nail Polishing Pen Stick ...",http://asia.shein.com/1pc-Pumice-Stone-Nail-File-Stick-Nail-Polishing-Pen-Stick-Cuticle-Remover-Trimmer-Buffer-Pedicure-Pen-Nail-Art-Care-Tool-for-Household-Beauty-Salon-Peeling-Dead-Skin-Repairing-p-16964053.html?mallCode=1&pageListType=4,0,0,0,0,0
2098,6/Cs Pole-Mounted Pool Blok Pumice Stone,http://www.azpoolsupplies.com/6-cs-pole-mounted-pool-blok-pumice-stone/,0,1,0,0,0
2099,Recycle Less: Does a Pumice Stone Work Removing ... - natjtan,http://natjtan.com/2022/03/31/recycle-less-does-a-pumice-stone-work-removing-limescale-from-shower-walls/,0,0,0,0,0
2100,"Foot shape stepping stone,foot shaped pumice stone",http://www.joinste.com/foot-shape-stepping-stonefoot-shaped-pumice-stone.html,0,0,0,0,0
2101,Rough Grey Pumice Stone Effect by Vallejo Acrylics,http://www.scalehobbyist.com/catagories/Scenery_Construction/rough-grey-pumice-stone-effect/VLJ00026213/product.php?co=9&e=0&make=0&p=1&pg=2&ppp=200&s=3&sb=name&sc=0&so=a&t=1,0,0,0,0,0
2102,Nat Habit Original Pumice Stone Foot Rub for Feet Care ...,http://www.firstcry.com/nat-habit/nat-habit-original-pumice-stone-foot-rub-for-feet-care-pack-of-2/16149456/product-detail?ref2=pd_of_b,0,0,0,0,0
2103,Earth Therapeutics Natural Sierra Pumice Stone,http://www.foodsco.net/p/earth-therapeutics-natural-sierra-pumice-stone-1-pumice-stone/0622017193572?fulfillment=IN_STORE,0,0,0,0,0
2104,George Lightweight Cotton Trouser in Pumice Stone,http://www.revolve.com/saturdays-nyc-george-lightweight-cotton-trouser-in-pumice-stone/dp/SATU-MP29/,0,0,0,0,0
2105,Only Blazer (15245698) pumice stone,http://www.idealo.it/confronta-prezzi/203181073/only-blazer-15245698-pumice-stone.html,0,0,0,0,0
2106,2 In 1 Foot Brush With Pumice Stone Pack of 2,http://gubbworld.com/product/2-in-1-foot-brush-with-pumice-stone-pack-of-2/,0,8,0,0,0
2107,"Pumice Stone with cotton strap, white",http://www.thelindentreedecor.co.uk/product/spa-pumice-stone/,0,0,0,0,0
2108,Eco Bath Natural Black Pumice Stone With Rope,http://theherbalremedies.co.uk/eco-bath-natural-black-pumice-stone-with-rope/,0,0,0,0,0
2109,Pumice Stone Foot Exfoliating Brush Bristle Volcanic Rock ...,http://s.click.aliexpress.com/deep_link.htm?aff_short_key=UneMJZVf&dl_target_url=https://www.aliexpress.com/item/1005006556267422.html?_randl_currency=GBP&_randl_shipto=GB&src=google,0,0,0,0,0
2110,Hand made Olive Oil soap with Pumice stone 100g,http://www.theolivesense.com/products/olive-oil-soap-bar-pumice-stone-100g,0,0,0,0,0
2111,Pumice Stone Wand For Scratchless Cleaning,http://www.inspireuplift.com/Toilet-Cleansing-Pumice-Stone-Wand/iu/4372,0,0,0,0,0
2112,"Lava Exfoliating Pumice Stone, 6-7 oz",http://pl.iherb.com/pr/beauty-by-earth-lava-exfoliating-pumice-stone-6-7-oz/112739,0,0,0,0,0
2113,Pumice Stone Boats Framed Print,http://photos.com/featured/pumice-stone-boats-visionandimaginationcom.html?product=framed-print,0,0,0,0,0
2114,Exfoliating Pumice Stone Tradie Soap,http://odysseybeardco.com.au/products/exfoliating-pumice-stone-tradie-soap,0,0,0,0,0
2115,Pumice stone cleaning hack or hype? I tried it. Here's what ...,http://yourmomvillage.com/cleaning-with-a-pumice-stone/,0,1,0,0,0
2116,Kids Only Pumice Stone Echo Cargo Parachute Bukser Noos ...,http://www.bedste-kajak.dk/products/kids~only~pumice~stone~echo~cargo~parachute~bukser~noos~str~158~fra~kids~only,0,0,0,0,0
2117,A+F Pro Nail Brush/Pumice Stone,http://www.astonandfincher.co.uk/a-f-pro-nail-brush-pumice-stone.html,0,0,0,0,0
2118,5pcs Stone Nail File Nail Pumice Stone Stick Nail Cuticle ...,http://nickmasch.bg/Nail-File-Nail-Pumice-Stone-Stick-Nail-Cuticle-Pusher-Stone-File-1216663.html,0,0,0,0,0
2119,Dutch Decor FINN - Kussenhoes Pumice Stone 45x45 cm,http://nl.pinterest.com/pin/dutch-decor-finn-kussenhoes-pumice-stone-45x45-cm-beige-dutch-decor-sierkussen--471541023497475567/,0,0,0,0,0
2120,Loopeer 2 Pcs Pet Hair Remover Pumice Stone For Dog ...,http://snapklik.com/en-ca/product/loopeer-2-pcs-pet-hair-remover-pumice-stone-for-dog-cat-hair-removal-cleaning-pet-hair-stone-6-inch-dog-fur-removal-tool-for-car-interior-bedding-carpet-couch-furniture-cleaning-3-74-x-2-x-1-6-in/0IMR4PC7ZAP95,0,0,0,0,0
2121,My first pumice stone formicarium (large pictures) - Page 2,http://www.tapatalk.com/groups/antfarm/my-first-pumice-stone-formicarium-large-pictures-t13607-s10.html,0,0,0,0,0
2122,Kitcheniva 4-Pieces Maryton Foot Pumice Stone for Feet ...,http://kitcheniva.com/products/kitcheniva-4-pieces-maryton-foot-pumice-stone-for-feet-hard-skin-callus-remover,0,0,0,0,0
2123,[2 Pack] Pumice Stone for Toilet Cleaning ...,http://www.nellisauction.com/p/2-Pack-Pumice-Stone-for-Toilet-Cleaning-Pumice-Cleaning-Stone/30365908,0,0,0,0,0
2124,Natural Volcanic Lava Pumice Stone Foot Pedicure,http://perfectdealz.co.za/product/natural-volcanic-lava-pumice-stone-foot-skin-pedicure/,0,0,0,0,0
2125,Remover Feet Foot Grinder Pumice Stone - 14253719254,http://archiwum.allegro.pl/oferta/remover-feet-foot-grinder-pumice-stone-i14253719254.html,0,0,0,0,0
2126,"Pumice Stone ⎮ Kindred Homestead Supply Vancouver, WA",http://www.kindredhomesteadsupply.com/products/pumice-stone,0,0,0,0,0
2127,Urban Spa Volcanic Pumice Stone 1 EA,http://voila.ca/products/169978EA/details,0,0,0,0,0
2128,"Pumice stone 000, extra fine",http://www.joha.eu/en/painting-accessories/abrasives-and-polishes/abrasives/pumice-stone-000-extra-fine,0,0,0,0,0
2129,"ZenToes Dry Heel Repair Kit Metal Foot File, Pumice Stone ...",http://www.dillons.com/p/zentoes-dry-heel-repair-kit-metal-foot-file-pumice-stone-callus-remover-moisturizing-socks/0085003423300,0,0,0,0,0
2130,Pumice Stone with Nail Brush | European Soaps,http://borregooutfitters.com/product/pumice-stone-wnail-brush/,0,0,0,0,0
2131,10 Pack Pumice Stone For Toilet Cleaning Bowl Stick ...,http://ecolimprex.com/?c=10-pack-pumice-stone-for-toilet-cleaning-bowl-stick-pp-k7yNwnCN,0,0,0,0,0
2132,Grill and oven cleaning stone - pumice stone 10x7x4cm,http://abc-rc.pl/en/products/grill-and-oven-cleaning-stone-pumice-stone-10x7x4cm-grill-cleaner-18444.html,0,0,0,0,0
2133,"Beautytime, Squared Pumice Stone, Remove Hard & ...",http://www.al-dawaa.com/english/beauty-time-squared-pumice-stone.html,0,0,0,0,0
2134,Pumice stone target Crossword Clue: 1 Answer with 6 Letters,http://www.crosswordsolver.com/clue/PUMICE-STONE-TARGET,0,0,0,0,0
2135,Only Kids Girls Faux Leather Skirt - Pumice Stone,http://www.littlewoods.com/only-kids-girls-faux-leather-skirt-pumice-stone/1600884297.prd?bvstate=pg:3/ct:r,0,0,0,0,0
2136,Jersey jacket with pockets pumice stone sand,http://www.vtmode.nl/yaya-jersey-jacket-with-pockets-pumice-stone-sand-dames-jassen-zomer-jassen-1-519012-303-40002,0,0,0,0,0
2137,100% Natural Black Volcanic Pumice Stone,http://ascogracefullygreen.com.au/products/100-natural-black-volcanic-pumice-stone,0,0,0,0,0
2138,Landscaping Decoration Black lava Pumice Stone ... - CHICO,http://www.chicominerals.com/landscaping-decoration-black-lava-pumice-stone-lava-rock-volcanic-product/,0,0,0,0,0
2139,96 Wholesale Pumice Stone Toilet Cleaner,http://www.wholesalesockdeals.com/96-wholesale-pumice-stone-toilet-cleaner/p-3425973.asp,0,0,0,0,0
2140,Savers Select Pumice Stone Pear 1Pc – Metro Angeles,http://shopmetro.ph/angeles-supermarket/product/savers-select-pumice-stone-pear-1pc/,0,0,0,0,0
2141,Where to Buy Pumice Stone in Singapore,http://kaizenaire.com/sg/where-to-buy-pumice-stone-in-singapore-your-ultimate-guide-to-smooth-feet/,0,0,0,0,0
2142,AISEN ESCARE PUMICE STONE W-206,http://www.tesolife.com/en/400000067667.html,0,0,0,0,0
2143,Diane Pumice Stone with Brush - Hairhouse Warehouse,http://www.hairhousewarehouse.co.za/product/diane-pumice-stone-with-brush,0,0,0,0,0
2144,Anoint New Zealand Pumice Stone — Beauty & Beyond,http://www.beautybeyond.co.nz/annoint/anoint-new-zealand-pumice-stone,0,0,0,0,0
2145,Eco Bath Natural Black Pumice Stone,http://www.keepcosy.co.uk/products/eco-bath-natural-pumice-stone,0,0,0,0,0
2146,URGO Pemza 1ks (Pumice Stone),http://www.gigalekarna.cz/produkt/urgo-pemza-1ks-pumice-stone/,0,1,0,0,0
2147,Pumice Stone Compatible Feet 2 Pcs Set Foot Care ...,http://www.fruugonorge.com/pumice-stone-compatible-feet-2-pcs-set-foot-care-natural-stones-compatible-dead-hard-skin-foot-scrubber-removes-gently-exfoliates-skin-softer-smoother/p-152384760-322319274?language=en,0,0,0,0,0
2148,Home Mate Pumice Stone 1 pc Online at Best Price,http://www.luluhypermarket.com/en-ae/home-mate-pumice-stone-1-pc/p/1072525,0,0,0,0,0
2149,ARTIST ACRYLICS 250 ML PUMICE STONE MORTAR,http://en.pebeo.com/catalogue/mortier-ponce-peinture-acrylique-artist-acrylics,0,0,0,0,0
2150,Powerstone Pumice Stone for Cleaning Extra Long,http://www.klarna.com/us/shopping/pl/cl628/3208740823/Cleaning-Equipment-Cleaning-Agents/Powerstone-Pumice-Stone-for-Cleaning-Extra-Long/,0,0,0,0,0
2151,I was using pumice stone on arms to clean it but I got ...,http://www.lybrate.com/question/598235003/pumice-stone-arms-clean-scratches-area-due-access-stone-redness-blac-skin-get-rid-fast-two-tube-dat598235003,0,0,0,0,0
2152,Maryton Foot Pumice Stone for Feet Hard Skin Callus ...,http://beautyeshopsspace1.quora.com/Maryton-Foot-Pumice-Stone-for-Feet-Hard-Skin-Callus-Remover-I-recently-decided-to-take-a-break-from-posting-about-this,0,0,0,0,0
2153,FW Kids Only Mini : Sweater Lucinda (Pumice stone),http://www.kamelie.be/fw-kids-only-mini-sweater-lucinda-pumice-stone.html?id=283298753,0,0,0,0,0
2154,The tariff classification of a pumice stone from China,http://www.customsmobile.com/rulings/docview?doc_id=NY N025419,0,0,0,0,0
2155,"CVS Health Massaging Pumice Stone with Comfort Grip, 1 ...",http://es.cvs.com/shop/cvs-health-massaging-pumice-stone-with-comfort-grip-1-ct-prodid-767076-reviews?page=3&skuId=767076,0,0,0,0,0
2156,"4 Pack Heavy Duty Pumice Stone for Cleaning Grill, Griddle ...",http://simpledeluxeoutlet.shop/product/4-pack-heavy-duty-pumice-stone-for-cleaning-grill-griddle-pool-bbq-toilet-stove-grey-B0CDBXNP2Q,0,0,0,0,0
2157,"Only trui 15342344-189959001 Pumice Stone/Friday €27, ...",http://www.zwijnenburgmode.nl/dames/truien/15342344-189959001-only-trui-pumice-stone-friday/,0,0,0,0,0
2158,PUMICE STONE GRANULAR FOR ELEM | 1024411000,http://www.scientificlabs.ie/product/inorganic-reagents/1024411000,0,0,0,0,0
2159,Pumice Stone Volcanic Rock for Bonsai • Succulents • Cactus,http://czgarden.com/products/copy-of-organic-orchid-potting-bark-premium-grade-medium-bark-for-proper-root-development-for-phalaenopsis-cattleyas-dendrobiums-oncidiums-paphiopedilums-and-more-cz-garden-soil-amendment-mix-2,0,0,0,0,0
2160,NMKL 5PCS Pumice Stone Nail Art File Nail Cuticle Pusher ...,http://www.now-wellness.com/nmkl-5pcs-pumice-stone-nail-art-file-nail-cuticle-pusher-trimmer-pedicure-man?limit=75,0,0,0,0,0
2161,My chinchilla loves balancing on his pumice stone to sleep,http://scrolller.com/my-chinchilla-loves-balancing-on-his-pumice-stone-1mi6prern1,0,0,0,0,0
2162,100 g Pumice Stone Superfine Face - Exfoliant,http://www.newdirections.com.au/100-g-Pumice-Stone-Superfine-Face-Exfoliant,0,0,0,0,0
2163,2pk Natural Pumice Stone For Feet | Hard Dead Skin ...,http://www.moneycruncher.co.uk/products/2pk-natural-pumice-stone-for-feet-hard-dead-skin-callus-remover-exfoliate-foot,0,0,0,0,0
2164,Assorted Colour Valentine'S Heart Pumice Stone,http://www.wholesalecashncarry.co.uk/assorted-colour-valentine-s-heart-pumice-stone.html,0,0,0,0,0
2165,Mr Pumice Pumi Bar Ultimate Pumice Stone » Feet / Hands »,http://www.pluricosmetica.com/en/catalog/32/mr-pumice-pumi-bar-ultimate-pumice-stone-116082/,0,0,0,0,0
2166,Original Pool Blok Pumice Stone - Swim N Fun,http://snfpools.com/products/original-pool-blok-pumice-stone,0,0,0,0,0
2167,Pumice Stone Tokyo Linen Blend Shorts Str 146 Fra Kids ONLY,http://oemshop.dk/products/pumice-stone-tokyo-linen-blend-shorts-str-146-fra-kids-only,0,0,0,0,0
2168,Using pumice stone as a potting mix | Orchids Alive in Zone 5,http://orchidsaliveinzone5.wordpress.com/2010/03/22/using-pumice-stone-as-a-potting-mix/,0,0,0,0,0
2169,Best pumice stone for feet - Kansas City,http://fox4kc.com/reviews/br/beauty-personal-care-br/foot-care-br/the-best-pumice-stone-for-feet/,0,0,0,0,0
2170,Hydrea London Natural Carved Pumice Stone with Rope,http://www.ocado.com/products/hydrea-london-natural-carved-pumice-stone-with-rope-294290011,0,2,0,0,0
2171,Slub Seam Detail 3/4 Jogger Pants - Pumice Stone,http://www.target.com.au/p/slub-seam-detail-3-4-jogger-pants/67815906,0,0,0,0,0
2172,PAINT Pumice Stone 1 oz.,http://trocraft.co.za/product/paint-pumice-stone-1-oz/,0,0,0,0,0
2173,"Freeman® Pumice Stone with Rope, 1 ct",http://www.fredmeyer.com/p/freeman-pumice-stone-with-rope/0007962522500,0,0,0,0,0
2174,"1st, Pumice Stone Stick, Toalettstol Rengöringssticka ...",http://www.temu.com/se/1st-pumice-stone-stick-toalettstol-reng%C3%B6ringssticka-skurborste-f%C3%B6r-att-ta-bort-kalkavlagringar-h%C3%A5rdvattenringar-och-kalciumuppbyggnad-j%C3%A4rnrostborttagare-f%C3%B6r-toalett-badrum-k%C3%B6k-grillar-kakel-reng%C3%B6ringsmedel-reng%C3%B6ringsverktyg-g-601099525990377.html,0,0,0,0,0
2175,Distress Oxide Ink Pumice stone,http://scrapbookforever-shop.de/epages/94de3903-8ad2-4b60-92a8-e22e061112e7.sf/de_DE/?ObjectPath=/Shops/94de3903-8ad2-4b60-92a8-e22e061112e7/Products/TDO56140,0,0,0,0,0
2176,Only ribbad kjol Slits pumice stone,http://www.stilettoshop.se/only-ribbad-kjol-slits-pumice-stone/p/135901/,0,0,0,0,0
2177,Everything you should know about the foot pumice stone,http://adsy.me/household_items/foot-pumice-stone/,0,0,0,0,0
2178,Linen Fabric Detergent and Enzyme Pumice Stone Laundry ...,http://linenvietnam.com/linen-fabric-detergent-and-enzyme-pumice-stone-laundry-detergent-the-secret-to-pampering-linen-fabric-thread-linen-vietnam/,0,0,0,0,0
2179,Ever heard of a pumice stone breaking,http://www.makeuptalk.com/threads/ever-heard-of-a-pumice-stone-breaking.75085/,0,0,0,0,0
2180,Nail Brush with Pumice Stone - Leif Shop,http://www.leifshop.com/products/nail-brush-with-pumice-stone,0,0,0,0,0
2181,Fresh Feet - Foot scrubber with pumice stone for your ...,http://www.jmldirect.com/fresh-feet-foot-scrubber-with-pumice-stone,0,2,0,0,0
2182,Pumice Stone for Toilet Bowl Cleaning with Handle Nepal Ubuy,http://igriega.com.br/blog/que-significa-cargar-con-el-muerto/?a=pumice-stone-for-toilet-bowl-cleaning-with-handle-nepal-zz-JB26LVHA,0,0,0,0,0
2183,Rugged Nature Volcano Pumice Stone,http://scoopwholefoodsshop.com/products/rugged-nature-volcano-pumice-stone,0,0,0,0,0
2184,Natural Pumice Stone Hard Skin Callus Remover ... - Baretrax,http://baretrax.co.uk/products/natural-pumice-stone-hard-skin-callus-remover-pedicure-tools-foot-scrub-stone-feet-exfoliating-foot-file-scraper-foot-care-tools,0,0,0,0,0
2185,Our Top Picks For Pumice Stone in 2024,http://www.ynetnews.com/shopping/article/our-top-picks-for-pumice-stone-in-2024/,0,0,0,0,0
2186,Natural Pumice Stone 10 Pieces | Papoose Toys,http://shopinside.com.au/papoose-toys-natural-pumice-stone-10pc,0,0,0,0,0
2187,(PDF) Investigation of the effects of pumice stone powder ...,http://www.researchgate.net/publication/287245224_Investigation_of_the_effects_of_pumice_stone_powder_and_polyacrylic_ester_based_material_on_thermal_insulation_of_polypropylene_fabrics,0,0,0,0,0
2188,"Pumice Stone Images – Browse 139,503 Stock Photos,, 58 ...",http://servosacombustibles.pe/?g=pumice-stone-images-–-browse-139-503-stock-photos-ii-KMdzQ6He,0,0,0,0,0
2189,Body Benefits Pumice Stone with Rope,http://www.hy-vee.com/aisles-online/p/26399/Body-Benefits-Pumice-Stone-with-Rope,0,0,0,0,0
2190,Evaluation of pumice stone as an alternative low-cost ...,http://link.springer.com/article/10.1007/s13762-021-03391-2,0,2,0,0,0
2191,Method for preparing granular artificial pumice stone by ...,http://patents.google.com/patent/CN104649706A/en,0,0,0,0,0
2192,Pumice Stone W. Melange - Onlnew Tessa L/S Midi V Dress ...,http://fedttoj.dk/kvinde/produkt/Kjoler/Kjoler/32256409-Only-Strikkjoler-Pumice-Stone-W-Melange-Onlnew-Tessa-LS-Midi-V-Dress-Knt-N-Kjoler,0,0,0,0,0
2193,Moroccan Clay Pumice Stone Foot Exfoliant,http://beautyprophet.com/products/moroccan-clay-pumice-stone-foot-exfoliant,0,0,0,0,0
2194,Spa Prive' Pumice Stone with Nail Brush,http://www.exotictextures.com/product-page/spa-price-pumice-stone-with-nail-brush,0,0,0,0,0
2195,Wooden Nail Brush with Pumice Stone - Croll & Denecke,http://www.theevolution.shop/wooden-nail-brush-with-pumice-stone-croll-amp-deneck,0,0,0,0,0
2196,Citrus Detox Callus Remover Gel & Pumice Stone | 8oz,http://naturescure-all.com/products/citrus-detox-callus-remover-gel-pumice-stone-8oz,0,0,0,0,0
2197,Trim NeatFeet Pumice Stone Price in Pakistan - Beautyfly,http://beautyfly.pk/product/trim-neatfeet-pumice-stone/,0,0,0,0,0
2198,"ONLY Stella Fold Up Wide Pant, Pumice Stone",http://www.farmers.co.nz/women/fashion/pants-leggings/only-stella-fold-up-wide-pant-pumice-stone-6850059,0,0,0,0,0
2199,Pumice Stone cotton bagru print jaipuri suit for ladies with ...,http://www.kiransboutique.com/product/pumice-stone-cotton-bagru-print-jaipuri-suit-for-ladies-with-cotton-dupatta/,0,0,0,0,0
2200,Chef cleans oven with a pumice stone for this extraordinary ...,http://cooktopcove.com/2024/01/31/chef-cleans-oven-with-a-pumice-stone-for-this-extraordinary-reason/,0,0,0,0,0
2201,Volcanic Pumice Stone - Lady of the Lake Shop,http://ladyofthelakeshop.ca/products/volcanic-pumice-stone,0,0,0,0,0
2202,"Lava Exfoliating Pumice Stone, 6-7 oz",http://au.iherb.com/pr/beauty-by-earth-lava-exfoliating-pumice-stone-6-7-oz/112739,0,0,0,0,0
2203,Matra Professional Natural Lava Pumice Stone Foot ...,http://mymatra.com/product/matra-professional-natural-lava-pumice-stone-foot-scrubber-for-exfoliating-dead-skin-pack-of-2/,0,0,0,0,0
2204,Pumice Stone On A Rope - I Love Zero,http://www.ilovezero.co.uk/pumice-stone-on-a-rope,0,0,0,0,0
2205,pumice stone - coneshell – Rain Natural Skincare IE,http://shop.rainafrica.ie/products/coneshell-pumice-stone,0,0,0,0,0
2206,Cub Body Image Pumice Stone Same-Day Delivery,http://costcobusinesscenter-onecart.instacart.com/products/1841322?retailerSlug=cub,0,0,0,0,0
2207,Fine Lines Pumice Stone 403-10,http://www.beautyflex.co.uk/products/fine-lines-pumice-stone-403-10,0,0,0,0,0
2208,Tim Holtz Distress Spray Stain 57ml - Pumice Stone,http://www.ciliinpapers.se/product.html/tim-holtz-distress-spray-stain-57ml---pumice-stone,0,0,0,0,0
2209,ATOMUS 2 Pieces Natural Pumice Stone Foot Care Callus ...,http://www.amazon.se/-/en/ATOMUS-Pieces-Natural-Pumice-Removal/dp/B07VHK3NKY,0,0,0,0,0
2210,Pumice Stone with White Nylon Bristle Brush - Em's Place,http://emsplace.com/bath-and-body-accessories/pumice-stone-with-white-nylon-bristle-brush/,0,0,0,0,0
2211,Titania Anti Bacterial Pumice Stone Blue,http://www.istyle.id/p-titania-anti-bacterial-pumice-stone-blue-000000041684,0,0,0,0,0
2212,Pumice Stone Good or Bad?,http://www.hamstercentral.com/community/housing/26251-pumice-stone-good-bad.html,0,1,0,0,0
2213,Shop Anderson Tuftex GRACIOUS Pumice Stone ...,http://boylesflooringinc.com/flooring/carpet/products/anderson-tuftex-gracious-pumice-stone-00143_zz325/,0,0,0,0,0
2214,Pumice Stone for Cleaning Toilet,http://nbhonest.en.made-in-china.com/product/MvoJxuzbXkhe/China-Pumice-Stone-for-Cleaning-Toilet.html,0,0,0,0,0
2215,pumice stone - Translation from English into Slovenian,http://en.pons.com/translate/english-slovenian/pumice+stone,0,0,0,0,0
2216,Pumice Stone Round D80mm 3130111,http://nazih.com/p/pumice-stone-round-d80mm-3130111,0,0,0,0,0
2217,Natural Pumice Stone Manufacturer from Mumbai,http://www.pumiceindia.com/pumice-stone.html,0,0,0,0,0
2218,"Pumice Stone BBQ Grill Cleaner Set - Bristle Free, 4 Sweden",http://www.ubuy.com.se/en/product/4CX8S9TJE-radstar-bbq-grill-cleaning-blocks-4-pcs-with-handle,0,0,0,0,0
2219,"Pumice Stone with nail brush, Strictly Professional, Bellitas",http://www.prokosmeetika.ee/sv/product/4839,0,0,0,0,0
2220,5 Best Way To Use a Pumice Stone on Your Heels,http://www.deviantart.com/sarahact06/art/5-Best-Way-To-Use-a-Pumice-Stone-on-Your-Heels-677332745,0,0,0,0,0
2221,La Savonnerie De Nyons Pierre Ponce Pumice Stone Soap,http://www.thefrenchshoppe.com.au/shop/la-savonnerie-de-nyons-pierre-ponce-pumice-stone-soap/437125,0,0,0,0,0
2222,Pumice Stone for Cleaning: Experts Share 11 Genius Uses,http://www.firstforwomen.com/home/cleaning/pumice-stone-for-cleaning,0,0,0,0,0
2223,Pumice Stone Wash Supplier KINGSTAR Will Give You A Brief ...,http://kingstargz.com/dlp/pumice-stone-wash-supplier.html,0,0,0,0,0
2224,Best Hiking Trails near Pumice Stone Mountain - California,http://www.gaiagps.com/hike/poi/united-states/california/shasta-trinity-national-forest/pumice-stone-mountain/,0,0,0,0,0
2225,PUMICE STONE Lab KemAus 500 GM KA2446,http://www.knscienceshop.com/product/1006/pumice-stone-lab-kemaus-500-gm,0,0,0,0,0
2226,ONLY Pumice Stone ONLPARIS Roll-Neck Vest,http://byangele.dk/products/only-pumice-stone-onlparis-roll-neck-vest,0,0,0,0,0
2227,Beaumont Jack Halo Pumice Stone,http://www.blablawomen.nl/beaumont-jack-halo-pumice-stone/,0,0,0,0,0
2228,"Buy PUMICE STONE powder, 500gm 01277 00500 in India",http://www.biomall.in/product/pumice-stone-powder-01277-00500,0,0,0,0,0
2229,Portuguese pumice stone exfoliating soap,http://www.luisa-paixao.eu/products/savon-exfoliant-a-la-pierre-ponce,0,1,0,0,0
2230,Stay cozy in Only's beige knit sweater - 15284453 Pumice Stone,http://jeanscasual.com.ua/en/women/clothing-women/jumpers-women/only-15284453-pumice-stone/,0,0,0,0,0
2231,James Dunlop Indent Rough Pumice Stone,http://www.jamesdunloptextiles.com/product/upholstery-fabric/107161/rough-pumice-stone,0,0,0,0,0
2232,"Freeman Pumice Stone, Exfoliating, 1 Package",http://www.shopmetcalfes.com/online/metcalfeshilldale/pages/metcalfesrewards?pid=ad6aa4a2-28c3-4f84-97d6-5676b5932c66&productName=freeman-pumice-stone,0,0,0,0,0
2233,1197 Pumice Stone by Benjamin Moore,http://glecopaint.com/products/1197-pumice-stone,0,0,0,0,0
2234,Pumice Stone Foot Rubbing Stone Exfoliating Kit Dead ...,http://h5.lazada.com.ph/products/pumice-stone-foot-rubbing-stone-exfoliating-kit-dead-skin-removing-calluses-household-womens-foot-heel-pedicure-plate-dry-crack-foot-file-i1915696725.html,0,0,0,0,0
2235,Roofa Spain Foot Care Pumice Stone - 021Fc,http://misr-online.com/en/roofa-spain-foot-care-pumice-stone-021fc.html,0,0,0,0,0
2236,Kemzyme KS: Eliminate Pumice Stone from the Denim Stone ...,http://www.garmonchemicals.com/en/textile-chemicals/garment-denim-finishing/enzyme-stone-washing/kemzymes-ks,0,1,0,0,0
2237,"Andrea Knit Rib Cardigan, pumice stone - Illums Bolighus",http://www.illumsbolighus.se/dam/kl%C3%A4der/stickat/andrea-knit-rib-cardigan%2C-pumice-stone-902691820.html,0,0,0,0,0
2238,Only Brandie Roll Neck Knitted Dress - Pumice Stone,http://www.outfit78.com/women-c113/womens-dresses-c121/only-brandie-roll-neck-knitted-dress-pumice-stone-p2510,0,0,0,0,0
2239,Basicare Nail Brush Natural Bristles with Pumice Stone 9.3 ...,http://cateschemist.com/products/basicare-nail-brush-natural-bristles-with-pumice-stone-9-3cm,0,0,0,0,0
2240,Buy Swimming Pool Pumice Stone with V-Clip Handle for ...,http://www.mattblatt.com.au/mb/buy/yuenzmall-swimming-pool-pumice-stone-with-v-clip-handle-for-removing-erase-rust-stain-spot-1370q46rq9/,0,0,0,0,0
2241,ONLY CARMAKOMA Pullover Pumice Stone Island - Rohbau,http://rohbau-shop.de/products/only-carmakoma-pullover-pumice-stone-island,0,0,0,0,0
2242,Morgan's Peppermint-Cinnamon 2.5 Oz. Pumice Stone ...,http://www.food4less.com/p/morgan-s-peppermint-cinnamon-2-5-oz-pumice-stone-mouse-rat-repellent-mrmrpc/0086000895777,0,0,0,0,0
2243,Best pumice stone for feet,http://wgntv.com/reviews/br/beauty-personal-care-br/foot-care-br/best-pumice-stone-for-feet/,0,0,0,0,0
2244,Porous texture of volcanic pumice stone,http://www.pond5.com/stock-footage/item/105783648-porous-texture-volcanic-pumice-stone-extreme-closeup,0,0,0,0,0
